query	target	qheader	theader	fident	alnlen	mismatch	qstart	qend	tstart	tend	evalue	bits
DESULFOASV1_3244_Trm112_family_protein	AF-A0L636-F1-model_v4	DESULFOASV1_3244_Trm112_family_protein	AF-A0L636-F1-model_v4 UPF0434 protein Mmc1_0910	0.452	53	28	3	55	2	54	2.329E-06	255
DESULFOASV1_3244_Trm112_family_protein	AF-A4XSR3-F1-model_v4	DESULFOASV1_3244_Trm112_family_protein	AF-A4XSR3-F1-model_v4 UPF0434 protein Pmen_1615	0.452	53	28	3	55	1	53	3.978E-06	248
DESULFOASV1_3244_Trm112_family_protein	AF-A9AGK3-F1-model_v4	DESULFOASV1_3244_Trm112_family_protein	AF-A9AGK3-F1-model_v4 UPF0434 protein Bmul_0750/BMULJ_02510	0.415	53	30	3	55	1	53	4.547E-06	244
DESULFOASV1_3244_Trm112_family_protein	AF-Q13US0-F1-model_v4	DESULFOASV1_3244_Trm112_family_protein	AF-Q13US0-F1-model_v4 UPF0434 protein Bxeno_A3631	0.433	53	29	3	55	1	53	3.480E-06	244
DESULFOASV1_3244_Trm112_family_protein	AF-Q1LR06-F1-model_v4	DESULFOASV1_3244_Trm112_family_protein	AF-Q1LR06-F1-model_v4 UPF0434 protein Rmet_0534	0.433	53	29	3	55	1	53	3.044E-06	244
DESULFOASV1_3244_Trm112_family_protein	AF-Q4KFT4-F1-model_v4	DESULFOASV1_3244_Trm112_family_protein	AF-Q4KFT4-F1-model_v4 UPF0434 protein PFL_1779	0.433	53	29	3	55	1	53	5.198E-06	243
DESULFOASV1_3244_Trm112_family_protein	AF-Q1ID00-F1-model_v4	DESULFOASV1_3244_Trm112_family_protein	AF-Q1ID00-F1-model_v4 UPF0434 protein PSEEN1604	0.415	53	30	3	55	1	53	4.862E-06	243
DESULFOASV1_3244_Trm112_family_protein	AF-A2S514-F1-model_v4	DESULFOASV1_3244_Trm112_family_protein	AF-A2S514-F1-model_v4 UPF0434 protein BMA10229_A1047	0.452	53	28	3	55	1	53	3.720E-06	243
DESULFOASV1_3244_Trm112_family_protein	AF-A4VMT4-F1-model_v4	DESULFOASV1_3244_Trm112_family_protein	AF-A4VMT4-F1-model_v4 UPF0434 protein PST_2635	0.428	56	30	3	56	1	56	1.458E-06	242
DESULFOASV1_3244_Trm112_family_protein	AF-B2JDV3-F1-model_v4	DESULFOASV1_3244_Trm112_family_protein	AF-B2JDV3-F1-model_v4 UPF0434 protein Bphy_0537	0.433	53	29	3	55	1	53	3.720E-06	242
DESULFOASV1_3244_Trm112_family_protein	AF-Q1GZI2-F1-model_v4	DESULFOASV1_3244_Trm112_family_protein	AF-Q1GZI2-F1-model_v4 UPF0434 protein Mfla_2088	0.433	53	29	3	55	1	53	4.253E-06	241
DESULFOASV1_3244_Trm112_family_protein	AF-Q3SIR6-F1-model_v4	DESULFOASV1_3244_Trm112_family_protein	AF-Q3SIR6-F1-model_v4 UPF0434 protein Tbd_1506	0.452	53	28	3	55	1	53	5.943E-06	240
DESULFOASV1_3244_Trm112_family_protein	AF-Q3JVA9-F1-model_v4	DESULFOASV1_3244_Trm112_family_protein	AF-Q3JVA9-F1-model_v4 UPF0434 protein BURPS1710b_1082	0.452	53	28	3	55	1	53	4.862E-06	240
DESULFOASV1_3244_Trm112_family_protein	AF-Q39DJ5-F1-model_v4	DESULFOASV1_3244_Trm112_family_protein	AF-Q39DJ5-F1-model_v4 UPF0434 protein Bcep18194_A5877	0.433	53	29	3	55	1	53	4.862E-06	239
DESULFOASV1_3244_Trm112_family_protein	AF-Q62HI3-F1-model_v4	DESULFOASV1_3244_Trm112_family_protein	AF-Q62HI3-F1-model_v4 UPF0434 protein BMA2274	0.452	53	28	3	55	1	53	4.862E-06	239
DESULFOASV1_3244_Trm112_family_protein	AF-B2T6M2-F1-model_v4	DESULFOASV1_3244_Trm112_family_protein	AF-B2T6M2-F1-model_v4 UPF0434 protein Bphyt_3197	0.433	53	29	3	55	1	53	5.558E-06	238
DESULFOASV1_3244_Trm112_family_protein	AF-A3N6K6-F1-model_v4	DESULFOASV1_3244_Trm112_family_protein	AF-A3N6K6-F1-model_v4 UPF0434 protein BURPS668_0926	0.452	53	28	3	55	1	53	5.198E-06	238
DESULFOASV1_3244_Trm112_family_protein	AF-A3NS89-F1-model_v4	DESULFOASV1_3244_Trm112_family_protein	AF-A3NS89-F1-model_v4 UPF0434 protein BURPS1106A_0929	0.452	53	28	3	55	1	53	5.558E-06	238
DESULFOASV1_3244_Trm112_family_protein	AF-C1DR20-F1-model_v4	DESULFOASV1_3244_Trm112_family_protein	AF-C1DR20-F1-model_v4 UPF0434 protein Avin_14770	0.428	56	30	3	56	1	56	2.037E-06	237
DESULFOASV1_3244_Trm112_family_protein	AF-B2UB83-F1-model_v4	DESULFOASV1_3244_Trm112_family_protein	AF-B2UB83-F1-model_v4 UPF0434 protein Rpic_2808	0.415	53	30	3	55	1	53	5.558E-06	236
DESULFOASV1_3244_Trm112_family_protein	AF-Q0BCH3-F1-model_v4	DESULFOASV1_3244_Trm112_family_protein	AF-Q0BCH3-F1-model_v4 UPF0434 protein Bamb_2594	0.433	53	29	3	55	1	53	5.558E-06	236
DESULFOASV1_3244_Trm112_family_protein	AF-B1YVD8-F1-model_v4	DESULFOASV1_3244_Trm112_family_protein	AF-B1YVD8-F1-model_v4 UPF0434 protein BamMC406_2464	0.433	53	29	3	55	1	53	5.558E-06	236
DESULFOASV1_3244_Trm112_family_protein	AF-A1V115-F1-model_v4	DESULFOASV1_3244_Trm112_family_protein	AF-A1V115-F1-model_v4 UPF0434 protein BMASAVP1_A0570	0.452	53	28	3	55	1	53	6.354E-06	236
DESULFOASV1_3244_Trm112_family_protein	AF-A5W727-F1-model_v4	DESULFOASV1_3244_Trm112_family_protein	AF-A5W727-F1-model_v4 UPF0434 protein Pput_3813	0.415	53	30	3	55	1	53	8.304E-06	235
DESULFOASV1_3244_Trm112_family_protein	AF-B1J507-F1-model_v4	DESULFOASV1_3244_Trm112_family_protein	AF-B1J507-F1-model_v4 UPF0434 protein PputW619_1512	0.415	53	30	3	55	1	53	8.878E-06	235
DESULFOASV1_3244_Trm112_family_protein	AF-A1U1F4-F1-model_v4	DESULFOASV1_3244_Trm112_family_protein	AF-A1U1F4-F1-model_v4 UPF0434 protein Maqu_1739	0.438	57	30	3	57	1	57	2.329E-06	235
DESULFOASV1_3244_Trm112_family_protein	AF-Q8XWE3-F1-model_v4	DESULFOASV1_3244_Trm112_family_protein	AF-Q8XWE3-F1-model_v4 UPF0434 protein RSc2531	0.415	53	30	3	55	1	53	5.558E-06	235
DESULFOASV1_3244_Trm112_family_protein	AF-B8CNQ6-F1-model_v4	DESULFOASV1_3244_Trm112_family_protein	AF-B8CNQ6-F1-model_v4 UPF0434 protein swp_2279	0.436	55	30	1	55	1	55	4.547E-06	234
DESULFOASV1_3244_Trm112_family_protein	AF-B0KF42-F1-model_v4	DESULFOASV1_3244_Trm112_family_protein	AF-B0KF42-F1-model_v4 UPF0434 protein PputGB1_1477	0.415	53	30	3	55	1	53	8.878E-06	234
DESULFOASV1_3244_Trm112_family_protein	AF-A0K9W9-F1-model_v4	DESULFOASV1_3244_Trm112_family_protein	AF-A0K9W9-F1-model_v4 UPF0434 protein Bcen2424_2546	0.415	53	30	3	55	1	53	6.794E-06	234
DESULFOASV1_3244_Trm112_family_protein	AF-Q0KE18-F1-model_v4	DESULFOASV1_3244_Trm112_family_protein	AF-Q0KE18-F1-model_v4 UPF0434 protein H16_A0605	0.460	50	26	3	52	1	50	4.547E-06	234
DESULFOASV1_3244_Trm112_family_protein	AF-A3MN46-F1-model_v4	DESULFOASV1_3244_Trm112_family_protein	AF-A3MN46-F1-model_v4 UPF0434 protein BMA10247_2152	0.452	53	28	3	55	1	53	7.264E-06	234
DESULFOASV1_3244_Trm112_family_protein	AF-Q63WL4-F1-model_v4	DESULFOASV1_3244_Trm112_family_protein	AF-Q63WL4-F1-model_v4 UPF0434 protein BPSL0877	0.452	53	28	3	55	1	53	7.264E-06	234
DESULFOASV1_3244_Trm112_family_protein	AF-A4JH78-F1-model_v4	DESULFOASV1_3244_Trm112_family_protein	AF-A4JH78-F1-model_v4 UPF0434 protein Bcep1808_2639	0.433	53	29	3	55	1	53	7.264E-06	233
DESULFOASV1_3244_Trm112_family_protein	AF-B1JXF6-F1-model_v4	DESULFOASV1_3244_Trm112_family_protein	AF-B1JXF6-F1-model_v4 UPF0434 protein Bcenmc03_2570	0.415	53	30	3	55	1	53	7.766E-06	232
DESULFOASV1_3244_Trm112_family_protein	AF-Q12M48-F1-model_v4	DESULFOASV1_3244_Trm112_family_protein	AF-Q12M48-F1-model_v4 UPF0434 protein Sden_2197	0.418	55	31	1	55	1	55	5.198E-06	231
DESULFOASV1_3244_Trm112_family_protein	AF-B4E9F9-F1-model_v4	DESULFOASV1_3244_Trm112_family_protein	AF-B4E9F9-F1-model_v4 UPF0434 protein BceJ2315_26980	0.415	53	30	3	55	1	53	8.878E-06	231
DESULFOASV1_3244_Trm112_family_protein	AF-Q3J7R6-F1-model_v4	DESULFOASV1_3244_Trm112_family_protein	AF-Q3J7R6-F1-model_v4 UPF0434 protein Noc_2677	0.438	57	31	3	59	1	57	3.978E-06	230
DESULFOASV1_3244_Trm112_family_protein	AF-Q48L53-F1-model_v4	DESULFOASV1_3244_Trm112_family_protein	AF-Q48L53-F1-model_v4 UPF0434 protein PSPPH_1629	0.410	56	31	3	56	1	56	3.044E-06	230
DESULFOASV1_3244_Trm112_family_protein	AF-Q2T0K2-F1-model_v4	DESULFOASV1_3244_Trm112_family_protein	AF-Q2T0K2-F1-model_v4 UPF0434 protein BTH_I0741	0.452	53	28	3	55	1	53	1.015E-05	230
DESULFOASV1_3244_Trm112_family_protein	AF-Q47B44-F1-model_v4	DESULFOASV1_3244_Trm112_family_protein	AF-Q47B44-F1-model_v4 UPF0434 protein Daro_3207	0.473	57	30	3	59	1	57	2.847E-06	229
DESULFOASV1_3244_Trm112_family_protein	AF-Q1BU68-F1-model_v4	DESULFOASV1_3244_Trm112_family_protein	AF-Q1BU68-F1-model_v4 UPF0434 protein Bcen_1934	0.415	53	30	3	55	1	53	1.015E-05	229
DESULFOASV1_3244_Trm112_family_protein	AF-B6J8F9-F1-model_v4	DESULFOASV1_3244_Trm112_family_protein	AF-B6J8F9-F1-model_v4 UPF0434 protein CbuK_1382	0.415	53	30	3	55	1	53	6.794E-06	228
DESULFOASV1_3244_Trm112_family_protein	AF-A8H3F8-F1-model_v4	DESULFOASV1_3244_Trm112_family_protein	AF-A8H3F8-F1-model_v4 UPF0434 protein Spea_1772	0.418	55	31	1	55	1	55	6.354E-06	228
DESULFOASV1_3244_Trm112_family_protein	AF-A1JMK8-F1-model_v4	DESULFOASV1_3244_Trm112_family_protein	AF-A1JMK8-F1-model_v4 UPF0434 protein YE1549	0.358	53	33	3	55	1	53	9.493E-06	228
DESULFOASV1_3244_Trm112_family_protein	AF-Q1CA61-F1-model_v4	DESULFOASV1_3244_Trm112_family_protein	AF-Q1CA61-F1-model_v4 UPF0434 protein YPA_0693	0.358	53	33	3	55	1	53	9.493E-06	228
DESULFOASV1_3244_Trm112_family_protein	AF-A4G7Y0-F1-model_v4	DESULFOASV1_3244_Trm112_family_protein	AF-A4G7Y0-F1-model_v4 UPF0434 protein HEAR2489	0.403	57	33	3	59	1	57	5.558E-06	227
DESULFOASV1_3244_Trm112_family_protein	AF-Q87YF6-F1-model_v4	DESULFOASV1_3244_Trm112_family_protein	AF-Q87YF6-F1-model_v4 UPF0434 protein PSPTO_3844	0.410	56	31	3	56	1	56	3.720E-06	227
DESULFOASV1_3244_Trm112_family_protein	AF-Q65U19-F1-model_v4	DESULFOASV1_3244_Trm112_family_protein	AF-Q65U19-F1-model_v4 UPF0434 protein MS0934	0.372	59	36	3	61	1	59	8.878E-06	227
DESULFOASV1_3244_Trm112_family_protein	AF-B5XHH0-F1-model_v4	DESULFOASV1_3244_Trm112_family_protein	AF-B5XHH0-F1-model_v4 UPF0434 protein CBUD_1597.1	0.415	53	30	3	55	1	53	7.766E-06	226
DESULFOASV1_3244_Trm112_family_protein	AF-A6T171-F1-model_v4	DESULFOASV1_3244_Trm112_family_protein	AF-A6T171-F1-model_v4 UPF0434 protein mma_2578	0.425	54	30	3	56	1	54	1.160E-05	226
DESULFOASV1_3244_Trm112_family_protein	AF-A7FJV9-F1-model_v4	DESULFOASV1_3244_Trm112_family_protein	AF-A7FJV9-F1-model_v4 UPF0434 protein YpsIP31758_2572	0.358	53	33	3	55	1	53	1.241E-05	226
DESULFOASV1_3244_Trm112_family_protein	AF-A1K5I3-F1-model_v4	DESULFOASV1_3244_Trm112_family_protein	AF-A1K5I3-F1-model_v4 UPF0434 protein azo1471	0.396	53	31	3	55	1	53	9.493E-06	226
DESULFOASV1_3244_Trm112_family_protein	AF-A5E8U9-F1-model_v4	DESULFOASV1_3244_Trm112_family_protein	AF-A5E8U9-F1-model_v4 UPF0434 protein BBta_0300	0.388	54	32	2	55	11	64	9.493E-06	226
DESULFOASV1_3244_Trm112_family_protein	AF-Q66CH9-F1-model_v4	DESULFOASV1_3244_Trm112_family_protein	AF-Q66CH9-F1-model_v4 UPF0434 protein YPTB1424	0.358	53	33	3	55	1	53	1.326E-05	225
DESULFOASV1_3244_Trm112_family_protein	AF-Q475F9-F1-model_v4	DESULFOASV1_3244_Trm112_family_protein	AF-Q475F9-F1-model_v4 UPF0434 protein Reut_A0592	0.433	53	29	3	55	1	53	1.241E-05	224
DESULFOASV1_3244_Trm112_family_protein	AF-A1KST5-F1-model_v4	DESULFOASV1_3244_Trm112_family_protein	AF-A1KST5-F1-model_v4 UPF0434 protein NMC0623	0.396	53	31	3	55	1	53	1.160E-05	223
DESULFOASV1_3244_Trm112_family_protein	AF-Q7NSS5-F1-model_v4	DESULFOASV1_3244_Trm112_family_protein	AF-Q7NSS5-F1-model_v4 UPF0434 protein CV_3345	0.358	53	33	3	55	1	53	1.160E-05	223
DESULFOASV1_3244_Trm112_family_protein	AF-C3JY28-F1-model_v4	DESULFOASV1_3244_Trm112_family_protein	AF-C3JY28-F1-model_v4 UPF0434 protein PFLU_3771	0.428	56	30	3	56	1	56	4.547E-06	223
DESULFOASV1_3244_Trm112_family_protein	AF-Q3K8J3-F1-model_v4	DESULFOASV1_3244_Trm112_family_protein	AF-Q3K8J3-F1-model_v4 UPF0434 protein Pfl01_4174	0.428	56	30	3	56	1	56	4.547E-06	223
DESULFOASV1_3244_Trm112_family_protein	AF-A9R7J2-F1-model_v4	DESULFOASV1_3244_Trm112_family_protein	AF-A9R7J2-F1-model_v4 UPF0434 protein YpAngola_A1964	0.358	53	33	3	55	1	53	1.733E-05	222
DESULFOASV1_3244_Trm112_family_protein	AF-A5F727-F1-model_v4	DESULFOASV1_3244_Trm112_family_protein	AF-A5F727-F1-model_v4 UPF0434 protein VC0395_A1467/VC395_1991	0.384	52	31	3	54	1	52	1.853E-05	221
DESULFOASV1_3244_Trm112_family_protein	AF-Q7W7F8-F1-model_v4	DESULFOASV1_3244_Trm112_family_protein	AF-Q7W7F8-F1-model_v4 UPF0434 protein BPP2562	0.385	57	34	3	59	1	57	3.720E-06	221
DESULFOASV1_3244_Trm112_family_protein	AF-Q9KQX1-F1-model_v4	DESULFOASV1_3244_Trm112_family_protein	AF-Q9KQX1-F1-model_v4 UPF0434 protein VC_1876	0.384	52	31	3	54	1	52	1.853E-05	220
DESULFOASV1_3244_Trm112_family_protein	AF-C3LNI0-F1-model_v4	DESULFOASV1_3244_Trm112_family_protein	AF-C3LNI0-F1-model_v4 UPF0434 protein VCM66_1800	0.384	52	31	3	54	1	52	1.982E-05	220
DESULFOASV1_3244_Trm112_family_protein	AF-A6T709-F1-model_v4	DESULFOASV1_3244_Trm112_family_protein	AF-A6T709-F1-model_v4 UPF0434 protein KPN78578_09190	0.339	53	34	3	55	1	53	1.982E-05	220
DESULFOASV1_3244_Trm112_family_protein	AF-B4RJR8-F1-model_v4	DESULFOASV1_3244_Trm112_family_protein	AF-B4RJR8-F1-model_v4 UPF0434 protein NGK_0378	0.377	53	32	3	55	1	53	1.326E-05	220
DESULFOASV1_3244_Trm112_family_protein	AF-B6J1K1-F1-model_v4	DESULFOASV1_3244_Trm112_family_protein	AF-B6J1K1-F1-model_v4 UPF0434 protein CbuG_1535	0.433	53	29	3	55	1	53	1.160E-05	219
DESULFOASV1_3244_Trm112_family_protein	AF-Q8DAV0-F1-model_v4	DESULFOASV1_3244_Trm112_family_protein	AF-Q8DAV0-F1-model_v4 UPF0434 protein VV1_2087	0.384	52	31	3	54	1	52	1.982E-05	219
DESULFOASV1_3244_Trm112_family_protein	AF-Q9HZM4-F1-model_v4	DESULFOASV1_3244_Trm112_family_protein	AF-Q9HZM4-F1-model_v4 UPF0434 protein PA2980	0.428	56	30	3	56	1	56	7.766E-06	219
DESULFOASV1_3244_Trm112_family_protein	AF-A4YK44-F1-model_v4	DESULFOASV1_3244_Trm112_family_protein	AF-A4YK44-F1-model_v4 UPF0434 protein BRADO0313	0.400	55	32	2	56	11	65	1.516E-05	219
DESULFOASV1_3244_Trm112_family_protein	AF-Q2GLR6-F1-model_v4	DESULFOASV1_3244_Trm112_family_protein	AF-Q2GLR6-F1-model_v4 UPF0434 protein APH_0052	0.396	53	31	3	55	2	54	1.621E-05	219
DESULFOASV1_3244_Trm112_family_protein	AF-A1TQ98-F1-model_v4	DESULFOASV1_3244_Trm112_family_protein	AF-A1TQ98-F1-model_v4 UPF0434 protein Aave_2563	0.339	53	34	3	55	1	53	2.422E-05	218
DESULFOASV1_3244_Trm112_family_protein	AF-Q21TN8-F1-model_v4	DESULFOASV1_3244_Trm112_family_protein	AF-Q21TN8-F1-model_v4 UPF0434 protein Rfer_3156	0.309	55	37	3	57	1	55	2.119E-05	216
DESULFOASV1_3244_Trm112_family_protein	AF-B9MI82-F1-model_v4	DESULFOASV1_3244_Trm112_family_protein	AF-B9MI82-F1-model_v4 UPF0434 protein Dtpsy_1553	0.320	53	35	3	55	1	53	2.590E-05	216
DESULFOASV1_3244_Trm112_family_protein	AF-A9M2V6-F1-model_v4	DESULFOASV1_3244_Trm112_family_protein	AF-A9M2V6-F1-model_v4 UPF0434 protein NMCC_0628	0.377	53	32	3	55	1	53	1.733E-05	216
DESULFOASV1_3244_Trm112_family_protein	AF-A6V3B8-F1-model_v4	DESULFOASV1_3244_Trm112_family_protein	AF-A6V3B8-F1-model_v4 UPF0434 protein PSPA7_2181	0.428	56	30	3	56	1	56	1.015E-05	216
DESULFOASV1_3244_Trm112_family_protein	AF-Q02PE3-F1-model_v4	DESULFOASV1_3244_Trm112_family_protein	AF-Q02PE3-F1-model_v4 UPF0434 protein PA14_25520	0.428	56	30	3	56	1	56	9.493E-06	216
DESULFOASV1_3244_Trm112_family_protein	AF-B7V148-F1-model_v4	DESULFOASV1_3244_Trm112_family_protein	AF-B7V148-F1-model_v4 UPF0434 protein PLES_20821	0.400	60	34	3	60	1	60	4.547E-06	216
DESULFOASV1_3244_Trm112_family_protein	AF-A1IQS5-F1-model_v4	DESULFOASV1_3244_Trm112_family_protein	AF-A1IQS5-F1-model_v4 UPF0434 protein NMA0874	0.377	53	32	3	55	1	53	2.119E-05	215
DESULFOASV1_3244_Trm112_family_protein	AF-Q7DDM0-F1-model_v4	DESULFOASV1_3244_Trm112_family_protein	AF-Q7DDM0-F1-model_v4 UPF0434 protein NMB0674	0.377	53	32	3	55	1	53	2.119E-05	215
DESULFOASV1_3244_Trm112_family_protein	AF-Q0VMP7-F1-model_v4	DESULFOASV1_3244_Trm112_family_protein	AF-Q0VMP7-F1-model_v4 UPF0434 protein ABO_2103	0.403	52	30	3	54	2	53	2.960E-05	215
DESULFOASV1_3244_Trm112_family_protein	AF-B3Q881-F1-model_v4	DESULFOASV1_3244_Trm112_family_protein	AF-B3Q881-F1-model_v4 UPF0434 protein Rpal_0270	0.442	52	28	4	55	13	64	1.733E-05	215
DESULFOASV1_3244_Trm112_family_protein	AF-B1JQT7-F1-model_v4	DESULFOASV1_3244_Trm112_family_protein	AF-B1JQT7-F1-model_v4 UPF0434 protein YPK_2661	0.333	63	39	3	65	1	60	8.304E-06	214
DESULFOASV1_3244_Trm112_family_protein	AF-Q5F9Z0-F1-model_v4	DESULFOASV1_3244_Trm112_family_protein	AF-Q5F9Z0-F1-model_v4 UPF0434 protein NGO0244	0.377	53	32	3	55	1	53	2.119E-05	214
DESULFOASV1_3244_Trm112_family_protein	AF-Q1CGH4-F1-model_v4	DESULFOASV1_3244_Trm112_family_protein	AF-Q1CGH4-F1-model_v4 UPF0434 protein YPN_2578	0.333	63	39	3	65	1	60	8.304E-06	214
DESULFOASV1_3244_Trm112_family_protein	AF-Q2YA91-F1-model_v4	DESULFOASV1_3244_Trm112_family_protein	AF-Q2YA91-F1-model_v4 UPF0434 protein Nmul_A1027	0.482	56	27	3	56	1	56	7.264E-06	214
DESULFOASV1_3244_Trm112_family_protein	AF-A4TN09-F1-model_v4	DESULFOASV1_3244_Trm112_family_protein	AF-A4TN09-F1-model_v4 UPF0434 protein YPDSF_2296	0.333	63	39	3	65	1	60	8.878E-06	213
DESULFOASV1_3244_Trm112_family_protein	AF-A1W893-F1-model_v4	DESULFOASV1_3244_Trm112_family_protein	AF-A1W893-F1-model_v4 UPF0434 protein Ajs_2306	0.320	53	35	3	55	1	53	3.384E-05	213
DESULFOASV1_3244_Trm112_family_protein	AF-Q74VT6-F1-model_v4	DESULFOASV1_3244_Trm112_family_protein	AF-Q74VT6-F1-model_v4 UPF0434 protein YPO1399/y2773.1/YP_1194	0.333	63	39	3	65	1	60	8.304E-06	213
DESULFOASV1_3244_Trm112_family_protein	AF-A1VNK4-F1-model_v4	DESULFOASV1_3244_Trm112_family_protein	AF-A1VNK4-F1-model_v4 UPF0434 protein Pnap_1922	0.327	55	36	3	57	1	55	2.265E-05	213
DESULFOASV1_3244_Trm112_family_protein	AF-Q6ND40-F1-model_v4	DESULFOASV1_3244_Trm112_family_protein	AF-Q6ND40-F1-model_v4 UPF0434 protein RPA0269	0.442	52	28	4	55	13	64	1.982E-05	213
DESULFOASV1_3244_Trm112_family_protein	AF-Q1LTK8-F1-model_v4	DESULFOASV1_3244_Trm112_family_protein	AF-Q1LTK8-F1-model_v4 UPF0434 protein BCI_0256	0.408	49	27	7	55	5	51	2.422E-05	211
DESULFOASV1_3244_Trm112_family_protein	AF-B2VC72-F1-model_v4	DESULFOASV1_3244_Trm112_family_protein	AF-B2VC72-F1-model_v4 UPF0434 protein ETA_21370	0.320	53	35	3	55	1	53	3.869E-05	211
DESULFOASV1_3244_Trm112_family_protein	AF-A7MET6-F1-model_v4	DESULFOASV1_3244_Trm112_family_protein	AF-A7MET6-F1-model_v4 UPF0434 protein ESA_02427	0.320	53	35	3	55	1	53	3.165E-05	211
DESULFOASV1_3244_Trm112_family_protein	AF-B8GR39-F1-model_v4	DESULFOASV1_3244_Trm112_family_protein	AF-B8GR39-F1-model_v4 UPF0434 protein Tgr7_1374	0.380	63	35	3	60	1	63	5.558E-06	211
DESULFOASV1_3244_Trm112_family_protein	AF-A2SIQ2-F1-model_v4	DESULFOASV1_3244_Trm112_family_protein	AF-A2SIQ2-F1-model_v4 UPF0434 protein Mpe_A2486	0.368	57	35	3	59	1	57	9.493E-06	211
DESULFOASV1_3244_Trm112_family_protein	AF-Q5FFA6-F1-model_v4	DESULFOASV1_3244_Trm112_family_protein	AF-Q5FFA6-F1-model_v4 UPF0434 protein ERGA_CDS_01260	0.461	52	27	4	55	3	54	2.422E-05	210
DESULFOASV1_3244_Trm112_family_protein	AF-B1XTC7-F1-model_v4	DESULFOASV1_3244_Trm112_family_protein	AF-B1XTC7-F1-model_v4 UPF0434 protein Pnec_0311	0.464	56	28	3	56	1	56	7.264E-06	210
DESULFOASV1_3244_Trm112_family_protein	AF-B7VH36-F1-model_v4	DESULFOASV1_3244_Trm112_family_protein	AF-B7VH36-F1-model_v4 UPF0434 protein VS_2060	0.379	58	34	3	58	1	58	6.794E-06	210
DESULFOASV1_3244_Trm112_family_protein	AF-C5CKW1-F1-model_v4	DESULFOASV1_3244_Trm112_family_protein	AF-C5CKW1-F1-model_v4 UPF0434 protein Vapar_2640	0.309	55	37	3	57	1	55	3.165E-05	210
DESULFOASV1_3244_Trm112_family_protein	AF-A4W8T6-F1-model_v4	DESULFOASV1_3244_Trm112_family_protein	AF-A4W8T6-F1-model_v4 UPF0434 protein Ent638_1436	0.320	53	35	3	55	1	53	4.423E-05	210
DESULFOASV1_3244_Trm112_family_protein	AF-Q88LM8-F1-model_v4	DESULFOASV1_3244_Trm112_family_protein	AF-Q88LM8-F1-model_v4 UPF0434 protein PP_1901	0.403	57	32	3	57	1	57	1.085E-05	210
DESULFOASV1_3244_Trm112_family_protein	AF-Q3SWJ8-F1-model_v4	DESULFOASV1_3244_Trm112_family_protein	AF-Q3SWJ8-F1-model_v4 UPF0434 protein Nwi_0075	0.415	53	30	3	55	13	65	3.618E-05	210
DESULFOASV1_3244_Trm112_family_protein	AF-B3R0X9-F1-model_v4	DESULFOASV1_3244_Trm112_family_protein	AF-B3R0X9-F1-model_v4 UPF0434 protein RALTA_A0561	0.433	53	29	3	55	1	53	1.418E-05	210
DESULFOASV1_3244_Trm112_family_protein	AF-Q3YSX3-F1-model_v4	DESULFOASV1_3244_Trm112_family_protein	AF-Q3YSX3-F1-model_v4 UPF0434 protein Ecaj_0131	0.384	52	31	4	55	3	54	2.422E-05	209
DESULFOASV1_3244_Trm112_family_protein	AF-B7LN79-F1-model_v4	DESULFOASV1_3244_Trm112_family_protein	AF-B7LN79-F1-model_v4 UPF0434 protein YcaR	0.320	53	35	3	55	1	53	4.729E-05	209
DESULFOASV1_3244_Trm112_family_protein	AF-Q2SIN3-F1-model_v4	DESULFOASV1_3244_Trm112_family_protein	AF-Q2SIN3-F1-model_v4 UPF0434 protein HCH_02705	0.410	56	31	3	56	1	56	1.241E-05	209
DESULFOASV1_3244_Trm112_family_protein	AF-Q0AKH3-F1-model_v4	DESULFOASV1_3244_Trm112_family_protein	AF-Q0AKH3-F1-model_v4 UPF0434 protein Mmar10_2939	0.377	53	32	4	56	10	62	2.960E-05	209
DESULFOASV1_3244_Trm112_family_protein	AF-Q89WS6-F1-model_v4	DESULFOASV1_3244_Trm112_family_protein	AF-Q89WS6-F1-model_v4 UPF0434 protein bsr0601	0.400	55	32	2	56	11	65	3.869E-05	209
DESULFOASV1_3244_Trm112_family_protein	AF-Q07UL7-F1-model_v4	DESULFOASV1_3244_Trm112_family_protein	AF-Q07UL7-F1-model_v4 UPF0434 protein RPE_0408	0.436	55	30	2	56	12	66	3.165E-05	209
DESULFOASV1_3244_Trm112_family_protein	AF-A9H298-F1-model_v4	DESULFOASV1_3244_Trm112_family_protein	AF-A9H298-F1-model_v4 UPF0434 protein GDI0182/Gdia_2252	0.407	54	31	3	56	9	62	3.618E-05	208
DESULFOASV1_3244_Trm112_family_protein	AF-A6VX96-F1-model_v4	DESULFOASV1_3244_Trm112_family_protein	AF-A6VX96-F1-model_v4 UPF0434 protein Mmwyl1_2153	0.385	57	33	3	57	1	57	1.418E-05	208
DESULFOASV1_3244_Trm112_family_protein	AF-A8FX58-F1-model_v4	DESULFOASV1_3244_Trm112_family_protein	AF-A8FX58-F1-model_v4 UPF0434 protein Ssed_2824	0.384	52	31	1	52	1	52	1.982E-05	207
DESULFOASV1_3244_Trm112_family_protein	AF-Q129C8-F1-model_v4	DESULFOASV1_3244_Trm112_family_protein	AF-Q129C8-F1-model_v4 UPF0434 protein Bpro_2950	0.272	55	39	3	57	1	55	3.869E-05	207
DESULFOASV1_3244_Trm112_family_protein	AF-C6DFA3-F1-model_v4	DESULFOASV1_3244_Trm112_family_protein	AF-C6DFA3-F1-model_v4 UPF0434 protein PC1_1771	0.350	57	35	3	57	1	57	1.085E-05	207
DESULFOASV1_3244_Trm112_family_protein	AF-C4L8W1-F1-model_v4	DESULFOASV1_3244_Trm112_family_protein	AF-C4L8W1-F1-model_v4 UPF0434 protein Tola_2233	0.381	55	33	1	55	1	55	3.384E-05	207
DESULFOASV1_3244_Trm112_family_protein	AF-B8GXJ8-F1-model_v4	DESULFOASV1_3244_Trm112_family_protein	AF-B8GXJ8-F1-model_v4 UPF0434 protein CCNA_00107	0.346	52	33	4	55	12	63	4.423E-05	207
DESULFOASV1_3244_Trm112_family_protein	AF-B4TDQ4-F1-model_v4	DESULFOASV1_3244_Trm112_family_protein	AF-B4TDQ4-F1-model_v4 UPF0434 protein YcaR	0.320	53	35	3	55	1	53	4.423E-05	206
DESULFOASV1_3244_Trm112_family_protein	AF-B5F170-F1-model_v4	DESULFOASV1_3244_Trm112_family_protein	AF-B5F170-F1-model_v4 UPF0434 protein YcaR	0.320	53	35	3	55	1	53	4.423E-05	206
DESULFOASV1_3244_Trm112_family_protein	AF-B2KA33-F1-model_v4	DESULFOASV1_3244_Trm112_family_protein	AF-B2KA33-F1-model_v4 UPF0434 protein YPTS_1526	0.333	63	39	3	65	1	60	1.733E-05	206
DESULFOASV1_3244_Trm112_family_protein	AF-B4ET33-F1-model_v4	DESULFOASV1_3244_Trm112_family_protein	AF-B4ET33-F1-model_v4 UPF0434 protein PMI0721	0.339	53	34	3	55	1	53	4.423E-05	205
DESULFOASV1_3244_Trm112_family_protein	AF-B5FQ60-F1-model_v4	DESULFOASV1_3244_Trm112_family_protein	AF-B5FQ60-F1-model_v4 UPF0434 protein YcaR	0.320	53	35	3	55	1	53	4.423E-05	205
DESULFOASV1_3244_Trm112_family_protein	AF-Q6G2E7-F1-model_v4	DESULFOASV1_3244_Trm112_family_protein	AF-Q6G2E7-F1-model_v4 UPF0434 protein BH12860	0.338	59	38	1	59	1	59	5.558E-06	205
DESULFOASV1_3244_Trm112_family_protein	AF-Q1QS13-F1-model_v4	DESULFOASV1_3244_Trm112_family_protein	AF-Q1QS13-F1-model_v4 UPF0434 protein Nham_0083	0.423	52	29	4	55	13	64	4.136E-05	205
DESULFOASV1_3244_Trm112_family_protein	AF-A7MV11-F1-model_v4	DESULFOASV1_3244_Trm112_family_protein	AF-A7MV11-F1-model_v4 UPF0434 protein VIBHAR_01537	0.368	57	34	3	57	1	57	1.516E-05	204
DESULFOASV1_3244_Trm112_family_protein	AF-Q5HC42-F1-model_v4	DESULFOASV1_3244_Trm112_family_protein	AF-Q5HC42-F1-model_v4 UPF0434 protein Erum1340/ERWE_CDS_01300	0.461	52	27	4	55	3	54	4.423E-05	203
DESULFOASV1_3244_Trm112_family_protein	AF-C1D6I8-F1-model_v4	DESULFOASV1_3244_Trm112_family_protein	AF-C1D6I8-F1-model_v4 UPF0434 protein LHK_01103	0.339	53	34	3	55	1	53	7.064E-05	203
DESULFOASV1_3244_Trm112_family_protein	AF-Q7N6C3-F1-model_v4	DESULFOASV1_3244_Trm112_family_protein	AF-Q7N6C3-F1-model_v4 UPF0434 protein plu1633	0.339	56	35	3	56	1	56	1.982E-05	203
DESULFOASV1_3244_Trm112_family_protein	AF-B5ZTJ9-F1-model_v4	DESULFOASV1_3244_Trm112_family_protein	AF-B5ZTJ9-F1-model_v4 UPF0434 protein Rleg2_3773	0.433	53	29	4	56	9	61	4.136E-05	203
DESULFOASV1_3244_Trm112_family_protein	AF-Q5LMZ1-F1-model_v4	DESULFOASV1_3244_Trm112_family_protein	AF-Q5LMZ1-F1-model_v4 UPF0434 protein SPO3421	0.400	55	32	2	56	7	61	6.179E-05	203
DESULFOASV1_3244_Trm112_family_protein	AF-Q13DZ7-F1-model_v4	DESULFOASV1_3244_Trm112_family_protein	AF-Q13DZ7-F1-model_v4 UPF0434 protein RPD_0454	0.403	52	30	4	55	13	64	4.729E-05	203
DESULFOASV1_3244_Trm112_family_protein	AF-Q21CP5-F1-model_v4	DESULFOASV1_3244_Trm112_family_protein	AF-Q21CP5-F1-model_v4 UPF0434 protein RPC_0266	0.423	52	29	4	55	14	65	4.729E-05	203
DESULFOASV1_3244_Trm112_family_protein	AF-B0UM25-F1-model_v4	DESULFOASV1_3244_Trm112_family_protein	AF-B0UM25-F1-model_v4 UPF0434 protein M446_0487	0.396	53	31	3	55	12	64	4.729E-05	203
DESULFOASV1_3244_Trm112_family_protein	AF-A5CVZ8-F1-model_v4	DESULFOASV1_3244_Trm112_family_protein	AF-A5CVZ8-F1-model_v4 UPF0434 protein COSY_0767	0.368	57	34	3	59	2	56	1.982E-05	202
DESULFOASV1_3244_Trm112_family_protein	AF-Q7CQT7-F1-model_v4	DESULFOASV1_3244_Trm112_family_protein	AF-Q7CQT7-F1-model_v4 UPF0434 protein YcaR	0.320	53	35	3	55	1	53	5.406E-05	202
DESULFOASV1_3244_Trm112_family_protein	AF-Q7MJ09-F1-model_v4	DESULFOASV1_3244_Trm112_family_protein	AF-Q7MJ09-F1-model_v4 UPF0434 protein VV2354	0.368	57	34	3	57	1	57	1.853E-05	201
DESULFOASV1_3244_Trm112_family_protein	AF-A6X438-F1-model_v4	DESULFOASV1_3244_Trm112_family_protein	AF-A6X438-F1-model_v4 UPF0434 protein Oant_3286	0.384	52	31	4	55	11	62	3.618E-05	201
DESULFOASV1_3244_Trm112_family_protein	AF-B4RYE3-F1-model_v4	DESULFOASV1_3244_Trm112_family_protein	AF-B4RYE3-F1-model_v4 UPF0434 protein MADE_1009415	0.338	59	37	1	57	1	59	3.165E-05	201
DESULFOASV1_3244_Trm112_family_protein	AF-B0UT78-F1-model_v4	DESULFOASV1_3244_Trm112_family_protein	AF-B0UT78-F1-model_v4 UPF0434 protein HSM_0997	0.377	53	32	3	55	1	53	1.015E-05	201
DESULFOASV1_3244_Trm112_family_protein	AF-A1WSH4-F1-model_v4	DESULFOASV1_3244_Trm112_family_protein	AF-A1WSH4-F1-model_v4 Tetraacyldisaccharide 4'-kinase	0.309	55	37	1	55	369	423	5.056E-05	201
DESULFOASV1_3244_Trm112_family_protein	AF-Q5PBU4-F1-model_v4	DESULFOASV1_3244_Trm112_family_protein	AF-Q5PBU4-F1-model_v4 UPF0434 protein AM070	0.315	57	38	3	59	2	58	2.590E-05	200
DESULFOASV1_3244_Trm112_family_protein	AF-Q6LPK8-F1-model_v4	DESULFOASV1_3244_Trm112_family_protein	AF-Q6LPK8-F1-model_v4 UPF0434 protein PBPRA2383	0.333	57	36	3	57	1	57	1.982E-05	200
DESULFOASV1_3244_Trm112_family_protein	AF-Q57R11-F1-model_v4	DESULFOASV1_3244_Trm112_family_protein	AF-Q57R11-F1-model_v4 UPF0434 protein YcaR	0.320	53	35	3	55	1	53	5.406E-05	200
DESULFOASV1_3244_Trm112_family_protein	AF-Q9ABW2-F1-model_v4	DESULFOASV1_3244_Trm112_family_protein	AF-Q9ABW2-F1-model_v4 UPF0434 protein CC_0108	0.360	50	31	6	55	14	63	6.179E-05	200
DESULFOASV1_3244_Trm112_family_protein	AF-Q0BL47-F1-model_v4	DESULFOASV1_3244_Trm112_family_protein	AF-Q0BL47-F1-model_v4 UPF0434 protein FTH_1362	0.370	62	35	3	59	1	62	1.326E-05	199
DESULFOASV1_3244_Trm112_family_protein	AF-Q1MAI6-F1-model_v4	DESULFOASV1_3244_Trm112_family_protein	AF-Q1MAI6-F1-model_v4 UPF0434 protein RL4569	0.431	51	28	6	56	11	61	4.423E-05	199
DESULFOASV1_3244_Trm112_family_protein	AF-Q82SY2-F1-model_v4	DESULFOASV1_3244_Trm112_family_protein	AF-Q82SY2-F1-model_v4 Tetraacyldisaccharide 4'-kinase	0.433	53	29	3	55	337	389	5.780E-05	199
DESULFOASV1_3244_Trm112_family_protein	AF-Q6D439-F1-model_v4	DESULFOASV1_3244_Trm112_family_protein	AF-Q6D439-F1-model_v4 UPF0434 protein ECA2555	0.333	63	39	3	65	1	60	2.960E-05	198
DESULFOASV1_3244_Trm112_family_protein	AF-B7MHM6-F1-model_v4	DESULFOASV1_3244_Trm112_family_protein	AF-B7MHM6-F1-model_v4 UPF0434 protein YcaR	0.320	53	35	3	55	1	53	6.607E-05	198
DESULFOASV1_3244_Trm112_family_protein	AF-A8GCI2-F1-model_v4	DESULFOASV1_3244_Trm112_family_protein	AF-A8GCI2-F1-model_v4 UPF0434 protein Spro_1718	0.339	56	35	3	56	1	56	1.982E-05	198
DESULFOASV1_3244_Trm112_family_protein	AF-Q7VR46-F1-model_v4	DESULFOASV1_3244_Trm112_family_protein	AF-Q7VR46-F1-model_v4 UPF0434 protein Bfl377	0.283	53	37	3	55	1	53	1.621E-05	198
DESULFOASV1_3244_Trm112_family_protein	AF-Q8U9N0-F1-model_v4	DESULFOASV1_3244_Trm112_family_protein	AF-Q8U9N0-F1-model_v4 UPF0434 protein Atu3696	0.327	55	36	1	55	6	60	7.064E-05	198
DESULFOASV1_3244_Trm112_family_protein	AF-A9BWI3-F1-model_v4	DESULFOASV1_3244_Trm112_family_protein	AF-A9BWI3-F1-model_v4 UPF0434 protein Daci_3569	0.314	54	36	3	56	1	54	1.055E-04	197
DESULFOASV1_3244_Trm112_family_protein	AF-B0U169-F1-model_v4	DESULFOASV1_3244_Trm112_family_protein	AF-B0U169-F1-model_v4 UPF0434 protein Fphi_1862	0.370	62	35	3	59	1	62	1.621E-05	197
DESULFOASV1_3244_Trm112_family_protein	AF-Q5NEX7-F1-model_v4	DESULFOASV1_3244_Trm112_family_protein	AF-Q5NEX7-F1-model_v4 UPF0434 protein FTT_1479c	0.370	62	35	3	59	1	62	1.326E-05	197
DESULFOASV1_3244_Trm112_family_protein	AF-C5BMQ2-F1-model_v4	DESULFOASV1_3244_Trm112_family_protein	AF-C5BMQ2-F1-model_v4 UPF0434 protein TERTU_2813	0.377	61	34	4	59	3	63	1.621E-05	197
DESULFOASV1_3244_Trm112_family_protein	AF-Q0I2X6-F1-model_v4	DESULFOASV1_3244_Trm112_family_protein	AF-Q0I2X6-F1-model_v4 UPF0434 protein HS_0657	0.370	54	33	3	56	1	54	1.326E-05	197
DESULFOASV1_3244_Trm112_family_protein	AF-Q60B48-F1-model_v4	DESULFOASV1_3244_Trm112_family_protein	AF-Q60B48-F1-model_v4 UPF0434 protein MCA0634	0.359	64	39	3	64	1	64	6.794E-06	197
DESULFOASV1_3244_Trm112_family_protein	AF-B9JCQ5-F1-model_v4	DESULFOASV1_3244_Trm112_family_protein	AF-B9JCQ5-F1-model_v4 UPF0434 protein Arad_4458	0.403	52	30	4	55	9	60	7.553E-05	196
DESULFOASV1_3244_Trm112_family_protein	AF-B9JUE9-F1-model_v4	DESULFOASV1_3244_Trm112_family_protein	AF-B9JUE9-F1-model_v4 UPF0434 protein Avi_4243	0.375	56	34	1	55	5	60	5.780E-05	196
DESULFOASV1_3244_Trm112_family_protein	AF-B2SG50-F1-model_v4	DESULFOASV1_3244_Trm112_family_protein	AF-B2SG50-F1-model_v4 UPF0434 protein FTM_0733	0.403	52	30	3	54	1	52	9.871E-05	196
DESULFOASV1_3244_Trm112_family_protein	AF-Q6FYZ3-F1-model_v4	DESULFOASV1_3244_Trm112_family_protein	AF-Q6FYZ3-F1-model_v4 UPF0434 protein BQ10150	0.363	55	34	1	55	1	55	1.733E-05	196
DESULFOASV1_3244_Trm112_family_protein	AF-Q16E16-F1-model_v4	DESULFOASV1_3244_Trm112_family_protein	AF-Q16E16-F1-model_v4 UPF0434 protein RD1_0037	0.333	54	35	3	56	8	61	5.406E-05	195
DESULFOASV1_3244_Trm112_family_protein	AF-Q2K364-F1-model_v4	DESULFOASV1_3244_Trm112_family_protein	AF-Q2K364-F1-model_v4 UPF0434 protein RHE_CH03977	0.415	53	30	4	56	9	61	7.553E-05	195
DESULFOASV1_3244_Trm112_family_protein	AF-B3PR35-F1-model_v4	DESULFOASV1_3244_Trm112_family_protein	AF-B3PR35-F1-model_v4 UPF0434 protein RHECIAT_CH0004260	0.415	53	30	4	56	9	61	7.553E-05	195
DESULFOASV1_3244_Trm112_family_protein	AF-Q8YCX5-F1-model_v4	DESULFOASV1_3244_Trm112_family_protein	AF-Q8YCX5-F1-model_v4 UPF0434 protein BMEII0403	0.384	52	31	4	55	11	62	5.780E-05	195
DESULFOASV1_3244_Trm112_family_protein	AF-Q2J3F5-F1-model_v4	DESULFOASV1_3244_Trm112_family_protein	AF-Q2J3F5-F1-model_v4 UPF0434 protein RPB_0294	0.381	55	33	1	55	10	64	9.871E-05	195
DESULFOASV1_3244_Trm112_family_protein	AF-Q2A2J7-F1-model_v4	DESULFOASV1_3244_Trm112_family_protein	AF-Q2A2J7-F1-model_v4 UPF0434 protein FTL_1400	0.370	62	35	3	59	1	62	2.119E-05	194
DESULFOASV1_3244_Trm112_family_protein	AF-Q2KZE7-F1-model_v4	DESULFOASV1_3244_Trm112_family_protein	AF-Q2KZE7-F1-model_v4 UPF0434 protein BAV2101	0.452	53	28	7	59	5	57	1.733E-05	194
DESULFOASV1_3244_Trm112_family_protein	AF-A3D383-F1-model_v4	DESULFOASV1_3244_Trm112_family_protein	AF-A3D383-F1-model_v4 UPF0434 protein Sbal_1685	0.456	57	30	1	57	1	57	9.493E-06	193
DESULFOASV1_3244_Trm112_family_protein	AF-Q92L94-F1-model_v4	DESULFOASV1_3244_Trm112_family_protein	AF-Q92L94-F1-model_v4 UPF0434 protein R03186	0.403	52	30	4	55	9	60	8.634E-05	193
DESULFOASV1_3244_Trm112_family_protein	AF-B8IPV3-F1-model_v4	DESULFOASV1_3244_Trm112_family_protein	AF-B8IPV3-F1-model_v4 UPF0434 protein Mnod_1613	0.396	53	31	3	55	12	64	9.871E-05	193
DESULFOASV1_3244_Trm112_family_protein	AF-Q1QX67-F1-model_v4	DESULFOASV1_3244_Trm112_family_protein	AF-Q1QX67-F1-model_v4 UPF0434 protein Csal_1588	0.370	62	37	3	64	1	59	2.960E-05	193
DESULFOASV1_3244_Trm112_family_protein	AF-A0Q5Q9-F1-model_v4	DESULFOASV1_3244_Trm112_family_protein	AF-A0Q5Q9-F1-model_v4 UPF0434 protein FTN_0682	0.370	62	35	3	59	1	62	2.119E-05	192
DESULFOASV1_3244_Trm112_family_protein	AF-Q0BVK2-F1-model_v4	DESULFOASV1_3244_Trm112_family_protein	AF-Q0BVK2-F1-model_v4 UPF0434 protein GbCGDNIH1_0252	0.384	52	31	4	55	26	77	1.206E-04	192
DESULFOASV1_3244_Trm112_family_protein	AF-A4WWL8-F1-model_v4	DESULFOASV1_3244_Trm112_family_protein	AF-A4WWL8-F1-model_v4 UPF0434 protein Rsph17025_2896	0.352	51	32	4	54	8	58	6.607E-05	191
DESULFOASV1_3244_Trm112_family_protein	AF-B5XY80-F1-model_v4	DESULFOASV1_3244_Trm112_family_protein	AF-B5XY80-F1-model_v4 UPF0434 protein KPK_3615	0.315	57	37	3	57	1	57	4.423E-05	191
DESULFOASV1_3244_Trm112_family_protein	AF-C3M9Z9-F1-model_v4	DESULFOASV1_3244_Trm112_family_protein	AF-C3M9Z9-F1-model_v4 UPF0434 protein NGR_c31900	0.384	52	31	4	55	9	60	1.206E-04	191
DESULFOASV1_3244_Trm112_family_protein	AF-Q14GD0-F1-model_v4	DESULFOASV1_3244_Trm112_family_protein	AF-Q14GD0-F1-model_v4 UPF0434 protein FTF1479c	0.370	62	35	3	59	1	62	2.119E-05	191
DESULFOASV1_3244_Trm112_family_protein	AF-Q5X3Y6-F1-model_v4	DESULFOASV1_3244_Trm112_family_protein	AF-Q5X3Y6-F1-model_v4 UPF0434 protein lpp1895	0.366	58	36	3	60	1	58	2.265E-05	190
DESULFOASV1_3244_Trm112_family_protein	AF-Q7VVB1-F1-model_v4	DESULFOASV1_3244_Trm112_family_protein	AF-Q7VVB1-F1-model_v4 UPF0434 protein BP2767	0.385	57	34	3	59	1	57	1.160E-05	190
DESULFOASV1_3244_Trm112_family_protein	AF-A3PFZ5-F1-model_v4	DESULFOASV1_3244_Trm112_family_protein	AF-A3PFZ5-F1-model_v4 UPF0434 protein Rsph17029_0141	0.326	52	34	3	54	7	58	1.206E-04	189
DESULFOASV1_3244_Trm112_family_protein	AF-A9KXE1-F1-model_v4	DESULFOASV1_3244_Trm112_family_protein	AF-A9KXE1-F1-model_v4 UPF0434 protein Sbal195_1707	0.448	58	31	1	58	1	58	1.160E-05	189
DESULFOASV1_3244_Trm112_family_protein	AF-A7NDA9-F1-model_v4	DESULFOASV1_3244_Trm112_family_protein	AF-A7NDA9-F1-model_v4 UPF0434 protein FTA_1487	0.370	62	35	3	59	1	62	3.165E-05	189
DESULFOASV1_3244_Trm112_family_protein	AF-Q98E33-F1-model_v4	DESULFOASV1_3244_Trm112_family_protein	AF-Q98E33-F1-model_v4 UPF0434 protein msl4429	0.384	52	31	4	55	14	65	1.206E-04	189
DESULFOASV1_3244_Trm112_family_protein	AF-B0TK42-F1-model_v4	DESULFOASV1_3244_Trm112_family_protein	AF-B0TK42-F1-model_v4 UPF0434 protein Shal_2504	0.436	55	30	1	55	1	55	1.853E-05	188
DESULFOASV1_3244_Trm112_family_protein	AF-A6WLX6-F1-model_v4	DESULFOASV1_3244_Trm112_family_protein	AF-A6WLX6-F1-model_v4 UPF0434 protein Shew185_1670	0.456	57	30	1	57	1	57	1.516E-05	188
DESULFOASV1_3244_Trm112_family_protein	AF-Q8FVF2-F1-model_v4	DESULFOASV1_3244_Trm112_family_protein	AF-Q8FVF2-F1-model_v4 UPF0434 protein BRA0891/BS1330_II0884	0.384	52	31	4	55	11	62	9.871E-05	188
DESULFOASV1_3244_Trm112_family_protein	AF-Q0HHH6-F1-model_v4	DESULFOASV1_3244_Trm112_family_protein	AF-Q0HHH6-F1-model_v4 UPF0434 protein Shewmr4_2420	0.431	58	32	1	58	1	58	1.418E-05	187
DESULFOASV1_3244_Trm112_family_protein	AF-Q7WKU6-F1-model_v4	DESULFOASV1_3244_Trm112_family_protein	AF-Q7WKU6-F1-model_v4 UPF0434 protein BB2007	0.385	57	34	3	59	1	57	1.418E-05	187
DESULFOASV1_3244_Trm112_family_protein	AF-Q5WVD1-F1-model_v4	DESULFOASV1_3244_Trm112_family_protein	AF-Q5WVD1-F1-model_v4 UPF0434 protein lpl1884	0.366	58	36	3	60	1	58	3.165E-05	186
DESULFOASV1_3244_Trm112_family_protein	AF-Q5FSV8-F1-model_v4	DESULFOASV1_3244_Trm112_family_protein	AF-Q5FSV8-F1-model_v4 UPF0434 protein GOX0764	0.362	58	35	1	56	1	58	9.232E-05	186
DESULFOASV1_3244_Trm112_family_protein	AF-Q0AEA0-F1-model_v4	DESULFOASV1_3244_Trm112_family_protein	AF-Q0AEA0-F1-model_v4 Tetraacyldisaccharide 4'-kinase	0.461	52	27	3	54	337	388	1.379E-04	186
DESULFOASV1_3244_Trm112_family_protein	AF-Q31H19-F1-model_v4	DESULFOASV1_3244_Trm112_family_protein	AF-Q31H19-F1-model_v4 UPF0434 protein Tcr_0959	0.328	64	41	3	64	1	64	2.422E-05	185
DESULFOASV1_3244_Trm112_family_protein	AF-B9KRC9-F1-model_v4	DESULFOASV1_3244_Trm112_family_protein	AF-B9KRC9-F1-model_v4 UPF0434 protein RSKD131_2883	0.326	52	34	3	54	7	58	2.769E-05	184
DESULFOASV1_3244_Trm112_family_protein	AF-A5ID78-F1-model_v4	DESULFOASV1_3244_Trm112_family_protein	AF-A5ID78-F1-model_v4 UPF0434 protein LPC_1374	0.366	58	36	3	60	1	58	3.618E-05	184
DESULFOASV1_3244_Trm112_family_protein	AF-Q0HTT0-F1-model_v4	DESULFOASV1_3244_Trm112_family_protein	AF-Q0HTT0-F1-model_v4 UPF0434 protein Shewmr7_2490	0.431	58	32	1	58	1	58	1.621E-05	184
DESULFOASV1_3244_Trm112_family_protein	AF-A0KYE0-F1-model_v4	DESULFOASV1_3244_Trm112_family_protein	AF-A0KYE0-F1-model_v4 UPF0434 protein Shewana3_2582	0.438	57	31	1	57	1	57	1.853E-05	183
DESULFOASV1_3244_Trm112_family_protein	AF-A5VVG4-F1-model_v4	DESULFOASV1_3244_Trm112_family_protein	AF-A5VVG4-F1-model_v4 UPF0434 protein BOV_A0835	0.400	50	29	6	55	13	62	1.577E-04	183
DESULFOASV1_3244_Trm112_family_protein	AF-Q579B2-F1-model_v4	DESULFOASV1_3244_Trm112_family_protein	AF-Q579B2-F1-model_v4 UPF0434 protein BruAb2_0341	0.400	50	29	6	55	13	62	1.475E-04	183
DESULFOASV1_3244_Trm112_family_protein	AF-Q5ZU87-F1-model_v4	DESULFOASV1_3244_Trm112_family_protein	AF-Q5ZU87-F1-model_v4 UPF0434 protein lpg1920	0.366	58	36	3	60	1	58	5.056E-05	181
DESULFOASV1_3244_Trm112_family_protein	AF-Q31YT3-F1-model_v4	DESULFOASV1_3244_Trm112_family_protein	AF-Q31YT3-F1-model_v4 UPF0434 protein YcaR	0.315	57	37	3	57	1	57	6.179E-05	181
DESULFOASV1_3244_Trm112_family_protein	AF-Q1RDU1-F1-model_v4	DESULFOASV1_3244_Trm112_family_protein	AF-Q1RDU1-F1-model_v4 UPF0434 protein YcaR	0.315	57	37	3	57	1	57	6.179E-05	181
DESULFOASV1_3244_Trm112_family_protein	AF-A1S590-F1-model_v4	DESULFOASV1_3244_Trm112_family_protein	AF-A1S590-F1-model_v4 UPF0434 protein Sama_1339	0.406	59	34	1	59	1	59	1.621E-05	181
DESULFOASV1_3244_Trm112_family_protein	AF-C0RM38-F1-model_v4	DESULFOASV1_3244_Trm112_family_protein	AF-C0RM38-F1-model_v4 UPF0434 protein BMEA_B0871	0.384	52	31	4	55	11	62	1.802E-04	181
DESULFOASV1_3244_Trm112_family_protein	AF-Q2GHR5-F1-model_v4	DESULFOASV1_3244_Trm112_family_protein	AF-Q2GHR5-F1-model_v4 UPF0434 protein ECH_0194	0.377	53	32	3	55	2	54	3.618E-05	180
DESULFOASV1_3244_Trm112_family_protein	AF-A1RL19-F1-model_v4	DESULFOASV1_3244_Trm112_family_protein	AF-A1RL19-F1-model_v4 UPF0434 protein Sputw3181_2540	0.431	58	32	1	58	1	58	2.119E-05	180
DESULFOASV1_3244_Trm112_family_protein	AF-B2SAE8-F1-model_v4	DESULFOASV1_3244_Trm112_family_protein	AF-B2SAE8-F1-model_v4 UPF0434 protein BAbS19_II03260	0.384	52	31	4	55	11	62	1.802E-04	180
DESULFOASV1_3244_Trm112_family_protein	AF-A9WVQ6-F1-model_v4	DESULFOASV1_3244_Trm112_family_protein	AF-A9WVQ6-F1-model_v4 UPF0434 protein BSUIS_B0883	0.384	52	31	4	55	11	62	1.802E-04	180
DESULFOASV1_3244_Trm112_family_protein	AF-Q5M8Z2-F1-model_v4	DESULFOASV1_3244_Trm112_family_protein	AF-Q5M8Z2-F1-model_v4 Protein preY, mitochondrial	0.280	50	35	6	55	58	107	2.693E-04	180
DESULFOASV1_3244_Trm112_family_protein	AF-Q1GKM7-F1-model_v4	DESULFOASV1_3244_Trm112_family_protein	AF-Q1GKM7-F1-model_v4 UPF0434 protein TM1040_0056	0.351	54	34	2	55	7	60	2.879E-04	179
DESULFOASV1_3244_Trm112_family_protein	AF-Q21L70-F1-model_v4	DESULFOASV1_3244_Trm112_family_protein	AF-Q21L70-F1-model_v4 UPF0434 protein Sde_1297	0.360	61	38	3	63	2	62	1.055E-04	179
DESULFOASV1_3244_Trm112_family_protein	AF-A4Y5Q1-F1-model_v4	DESULFOASV1_3244_Trm112_family_protein	AF-A4Y5Q1-F1-model_v4 UPF0434 protein Sputcn32_1559	0.431	58	32	1	58	1	58	2.422E-05	178
DESULFOASV1_3244_Trm112_family_protein	AF-Q11D83-F1-model_v4	DESULFOASV1_3244_Trm112_family_protein	AF-Q11D83-F1-model_v4 UPF0434 protein Meso_3270	0.344	61	38	1	59	10	70	5.780E-05	178
DESULFOASV1_3244_Trm112_family_protein	AF-Q8EDF2-F1-model_v4	DESULFOASV1_3244_Trm112_family_protein	AF-Q8EDF2-F1-model_v4 UPF0434 protein SO_2800	0.413	58	33	1	58	1	58	2.769E-05	177
DESULFOASV1_3244_Trm112_family_protein	AF-B8EF44-F1-model_v4	DESULFOASV1_3244_Trm112_family_protein	AF-B8EF44-F1-model_v4 UPF0434 protein Sbal223_2672	0.448	58	31	1	58	1	58	2.960E-05	177
DESULFOASV1_3244_Trm112_family_protein	AF-Q5U1Z8-F1-model_v4	DESULFOASV1_3244_Trm112_family_protein	AF-Q5U1Z8-F1-model_v4 Protein preY, mitochondrial	0.290	62	43	4	65	49	110	8.076E-05	177
DESULFOASV1_3244_Trm112_family_protein	AF-Q8D2V0-F1-model_v4	DESULFOASV1_3244_Trm112_family_protein	AF-Q8D2V0-F1-model_v4 UPF0434 protein WIGBR2520	0.384	52	31	3	54	1	52	7.064E-05	176
DESULFOASV1_3244_Trm112_family_protein	AF-B7MS35-F1-model_v4	DESULFOASV1_3244_Trm112_family_protein	AF-B7MS35-F1-model_v4 UPF0434 protein YcaR	0.298	57	38	3	57	1	57	1.206E-04	175
DESULFOASV1_3244_Trm112_family_protein	AF-A6UDZ3-F1-model_v4	DESULFOASV1_3244_Trm112_family_protein	AF-A6UDZ3-F1-model_v4 UPF0434 protein Smed_3047	0.366	60	34	1	55	1	60	6.607E-05	175
DESULFOASV1_3244_Trm112_family_protein	AF-A9MCH2-F1-model_v4	DESULFOASV1_3244_Trm112_family_protein	AF-A9MCH2-F1-model_v4 UPF0434 protein BCAN_B0909	0.400	50	29	6	55	13	62	2.879E-04	175
DESULFOASV1_3244_Trm112_family_protein	AF-Q3J6F2-F1-model_v4	DESULFOASV1_3244_Trm112_family_protein	AF-Q3J6F2-F1-model_v4 UPF0434 protein RHOS4_00640	0.333	51	33	4	54	8	58	8.076E-05	174
DESULFOASV1_3244_Trm112_family_protein	AF-Q2T9V7-F1-model_v4	DESULFOASV1_3244_Trm112_family_protein	AF-Q2T9V7-F1-model_v4 Protein preY, mitochondrial	0.323	65	43	1	65	48	112	9.871E-05	173
DESULFOASV1_3244_Trm112_family_protein	AF-A3QDF9-F1-model_v4	DESULFOASV1_3244_Trm112_family_protein	AF-A3QDF9-F1-model_v4 UPF0434 protein Shew_1640	0.425	54	30	1	54	1	54	6.607E-05	172
DESULFOASV1_3244_Trm112_family_protein	AF-B5QZC1-F1-model_v4	DESULFOASV1_3244_Trm112_family_protein	AF-B5QZC1-F1-model_v4 UPF0434 protein YcaR	0.346	49	31	7	55	5	53	2.355E-04	172
DESULFOASV1_3244_Trm112_family_protein	AF-Q9CMG9-F1-model_v4	DESULFOASV1_3244_Trm112_family_protein	AF-Q9CMG9-F1-model_v4 UPF0434 protein PM0859	0.351	54	34	7	60	5	58	1.927E-04	172
DESULFOASV1_3244_Trm112_family_protein	AF-Q483B4-F1-model_v4	DESULFOASV1_3244_Trm112_family_protein	AF-Q483B4-F1-model_v4 UPF0434 protein CPS_2127	0.370	54	33	1	54	1	54	6.607E-05	172
DESULFOASV1_3244_Trm112_family_protein	AF-Q0BWC7-F1-model_v4	DESULFOASV1_3244_Trm112_family_protein	AF-Q0BWC7-F1-model_v4 UPF0434 protein HNE_3545	0.363	55	34	3	57	21	75	6.607E-05	172
DESULFOASV1_3244_Trm112_family_protein	AF-B4TRU9-F1-model_v4	DESULFOASV1_3244_Trm112_family_protein	AF-B4TRU9-F1-model_v4 UPF0434 protein YcaR	0.301	63	41	3	65	1	60	3.618E-05	171
DESULFOASV1_3244_Trm112_family_protein	AF-B1Y6I5-F1-model_v4	DESULFOASV1_3244_Trm112_family_protein	AF-B1Y6I5-F1-model_v4 UPF0434 protein Lcho_2556	0.333	57	37	3	59	1	57	7.064E-05	171
DESULFOASV1_3244_Trm112_family_protein	AF-A1B4L5-F1-model_v4	DESULFOASV1_3244_Trm112_family_protein	AF-A1B4L5-F1-model_v4 UPF0434 protein Pden_2369	0.301	53	36	3	55	9	61	8.076E-05	170
DESULFOASV1_3244_Trm112_family_protein	AF-C4K359-F1-model_v4	DESULFOASV1_3244_Trm112_family_protein	AF-C4K359-F1-model_v4 UPF0434 protein HDEF_0234	0.333	54	35	7	60	5	58	9.232E-05	169
DESULFOASV1_3244_Trm112_family_protein	AF-A9N7U5-F1-model_v4	DESULFOASV1_3244_Trm112_family_protein	AF-A9N7U5-F1-model_v4 UPF0434 protein YcaR	0.320	53	35	3	55	1	53	1.379E-04	169
DESULFOASV1_3244_Trm112_family_protein	AF-Q5PGF4-F1-model_v4	DESULFOASV1_3244_Trm112_family_protein	AF-Q5PGF4-F1-model_v4 UPF0434 protein YcaR	0.320	53	35	3	55	1	53	1.379E-04	169
DESULFOASV1_3244_Trm112_family_protein	AF-Q2YL59-F1-model_v4	DESULFOASV1_3244_Trm112_family_protein	AF-Q2YL59-F1-model_v4 UPF0434 protein BAB2_0345	0.400	50	29	6	55	13	62	4.599E-04	169
DESULFOASV1_3244_Trm112_family_protein	AF-Q96I23-F1-model_v4	DESULFOASV1_3244_Trm112_family_protein	AF-Q96I23-F1-model_v4 Protein preY, mitochondrial	0.307	65	44	1	65	48	112	1.475E-04	168
DESULFOASV1_3244_Trm112_family_protein	AF-Q080T4-F1-model_v4	DESULFOASV1_3244_Trm112_family_protein	AF-Q080T4-F1-model_v4 UPF0434 protein Sfri_2386	0.407	54	31	1	54	1	54	9.232E-05	167
DESULFOASV1_3244_Trm112_family_protein	AF-B4T151-F1-model_v4	DESULFOASV1_3244_Trm112_family_protein	AF-B4T151-F1-model_v4 UPF0434 protein YcaR	0.320	53	35	3	55	1	53	1.686E-04	167
DESULFOASV1_3244_Trm112_family_protein	AF-Q8XEM5-F1-model_v4	DESULFOASV1_3244_Trm112_family_protein	AF-Q8XEM5-F1-model_v4 UPF0434 protein YcaR	0.320	53	35	3	55	1	53	1.577E-04	167
DESULFOASV1_3244_Trm112_family_protein	AF-A0KLY0-F1-model_v4	DESULFOASV1_3244_Trm112_family_protein	AF-A0KLY0-F1-model_v4 UPF0434 protein AHA_2776	0.393	61	35	1	59	1	61	4.136E-05	167
DESULFOASV1_3244_Trm112_family_protein	AF-Q15UY5-F1-model_v4	DESULFOASV1_3244_Trm112_family_protein	AF-Q15UY5-F1-model_v4 UPF0434 protein Patl_1782	0.358	65	40	1	64	1	65	7.553E-05	167
DESULFOASV1_3244_Trm112_family_protein	AF-C0PXV4-F1-model_v4	DESULFOASV1_3244_Trm112_family_protein	AF-C0PXV4-F1-model_v4 UPF0434 protein YcaR	0.320	53	35	3	55	1	53	1.802E-04	166
DESULFOASV1_3244_Trm112_family_protein	AF-B6I8Y9-F1-model_v4	DESULFOASV1_3244_Trm112_family_protein	AF-B6I8Y9-F1-model_v4 UPF0434 protein YcaR	0.320	53	35	3	55	1	53	1.927E-04	166
DESULFOASV1_3244_Trm112_family_protein	AF-B5ETK6-F1-model_v4	DESULFOASV1_3244_Trm112_family_protein	AF-B5ETK6-F1-model_v4 UPF0434 protein VFMJ11_A0475	0.350	57	35	3	57	1	57	1.206E-04	166
DESULFOASV1_3244_Trm112_family_protein	AF-Q492T1-F1-model_v4	DESULFOASV1_3244_Trm112_family_protein	AF-Q492T1-F1-model_v4 UPF0434 protein BPEN_388	0.326	52	34	3	54	1	52	1.927E-04	165
DESULFOASV1_3244_Trm112_family_protein	AF-A1UTQ7-F1-model_v4	DESULFOASV1_3244_Trm112_family_protein	AF-A1UTQ7-F1-model_v4 UPF0434 protein BARBAKC583_1098	0.351	54	34	1	54	1	54	1.055E-04	165
DESULFOASV1_3244_Trm112_family_protein	AF-A8AIG4-F1-model_v4	DESULFOASV1_3244_Trm112_family_protein	AF-A8AIG4-F1-model_v4 UPF0434 protein CKO_02153	0.339	53	33	7	57	5	57	2.060E-04	164
DESULFOASV1_3244_Trm112_family_protein	AF-P0AAZ7-F1-model_v4	DESULFOASV1_3244_Trm112_family_protein	AF-P0AAZ7-F1-model_v4 UPF0434 protein YcaR	0.320	53	35	3	55	1	53	2.203E-04	164
DESULFOASV1_3244_Trm112_family_protein	AF-B7NAR6-F1-model_v4	DESULFOASV1_3244_Trm112_family_protein	AF-B7NAR6-F1-model_v4 UPF0434 protein YcaR	0.320	53	35	3	55	1	53	2.355E-04	163
DESULFOASV1_3244_Trm112_family_protein	AF-Q0SWZ8-F1-model_v4	DESULFOASV1_3244_Trm112_family_protein	AF-Q0SWZ8-F1-model_v4 UPF0434 protein YcaR	0.320	53	35	3	55	1	53	2.355E-04	163
DESULFOASV1_3244_Trm112_family_protein	AF-A9MHW6-F1-model_v4	DESULFOASV1_3244_Trm112_family_protein	AF-A9MHW6-F1-model_v4 UPF0434 protein YcaR	0.320	53	35	3	55	1	53	2.355E-04	163
DESULFOASV1_3244_Trm112_family_protein	AF-A9IQ32-F1-model_v4	DESULFOASV1_3244_Trm112_family_protein	AF-A9IQ32-F1-model_v4 UPF0434 protein Bpet2671	0.368	57	35	3	59	1	57	9.232E-05	163
DESULFOASV1_3244_Trm112_family_protein	AF-A4SL69-F1-model_v4	DESULFOASV1_3244_Trm112_family_protein	AF-A4SL69-F1-model_v4 UPF0434 protein ASA_1553	0.377	61	36	1	59	1	61	4.423E-05	163
DESULFOASV1_3244_Trm112_family_protein	AF-B7M846-F1-model_v4	DESULFOASV1_3244_Trm112_family_protein	AF-B7M846-F1-model_v4 UPF0434 protein YcaR	0.320	53	35	3	55	1	53	2.518E-04	162
DESULFOASV1_3244_Trm112_family_protein	AF-B5BBP1-F1-model_v4	DESULFOASV1_3244_Trm112_family_protein	AF-B5BBP1-F1-model_v4 UPF0434 protein YcaR	0.320	53	35	3	55	1	53	2.518E-04	162
DESULFOASV1_3244_Trm112_family_protein	AF-B7UN03-F1-model_v4	DESULFOASV1_3244_Trm112_family_protein	AF-B7UN03-F1-model_v4 UPF0434 protein YcaR	0.320	53	35	3	55	1	53	2.879E-04	161
DESULFOASV1_3244_Trm112_family_protein	AF-A7ZYL9-F1-model_v4	DESULFOASV1_3244_Trm112_family_protein	AF-A7ZYL9-F1-model_v4 UPF0434 protein YcaR	0.320	53	35	3	55	1	53	2.879E-04	161
DESULFOASV1_3244_Trm112_family_protein	AF-Q3Z3K4-F1-model_v4	DESULFOASV1_3244_Trm112_family_protein	AF-Q3Z3K4-F1-model_v4 UPF0434 protein YcaR	0.301	63	41	3	65	1	60	9.871E-05	161
DESULFOASV1_3244_Trm112_family_protein	AF-P0AB00-F1-model_v4	DESULFOASV1_3244_Trm112_family_protein	AF-P0AB00-F1-model_v4 UPF0434 protein YcaR	0.320	53	35	3	55	1	53	2.879E-04	161
DESULFOASV1_3244_Trm112_family_protein	AF-B5R8K4-F1-model_v4	DESULFOASV1_3244_Trm112_family_protein	AF-B5R8K4-F1-model_v4 UPF0434 protein YcaR	0.322	59	37	7	65	5	60	1.379E-04	161
DESULFOASV1_3244_Trm112_family_protein	AF-Q9D1C3-F1-model_v4	DESULFOASV1_3244_Trm112_family_protein	AF-Q9D1C3-F1-model_v4 Protein preY, mitochondrial	0.253	63	46	4	65	49	111	1.475E-04	161
DESULFOASV1_3244_Trm112_family_protein	AF-C5BAD8-F1-model_v4	DESULFOASV1_3244_Trm112_family_protein	AF-C5BAD8-F1-model_v4 UPF0434 protein NT01EI_2448	0.377	53	32	7	59	5	57	3.519E-04	160
DESULFOASV1_3244_Trm112_family_protein	AF-B7NM57-F1-model_v4	DESULFOASV1_3244_Trm112_family_protein	AF-B7NM57-F1-model_v4 UPF0434 protein YcaR	0.320	53	35	3	55	1	53	3.291E-04	160
DESULFOASV1_3244_Trm112_family_protein	AF-A7ZK06-F1-model_v4	DESULFOASV1_3244_Trm112_family_protein	AF-A7ZK06-F1-model_v4 UPF0434 protein YcaR	0.320	53	35	3	55	1	53	3.291E-04	160
DESULFOASV1_3244_Trm112_family_protein	AF-P0AAZ8-F1-model_v4	DESULFOASV1_3244_Trm112_family_protein	AF-P0AAZ8-F1-model_v4 UPF0434 protein YcaR	0.320	53	35	3	55	1	53	3.291E-04	160
DESULFOASV1_3244_Trm112_family_protein	AF-Q32E37-F1-model_v4	DESULFOASV1_3244_Trm112_family_protein	AF-Q32E37-F1-model_v4 UPF0434 protein YcaR	0.320	53	35	3	55	1	53	3.291E-04	159
DESULFOASV1_3244_Trm112_family_protein	AF-Q0TJD6-F1-model_v4	DESULFOASV1_3244_Trm112_family_protein	AF-Q0TJD6-F1-model_v4 UPF0434 protein YcaR	0.339	53	33	7	57	5	57	1.577E-04	159
DESULFOASV1_3244_Trm112_family_protein	AF-B1KNM8-F1-model_v4	DESULFOASV1_3244_Trm112_family_protein	AF-B1KNM8-F1-model_v4 UPF0434 protein Swoo_1821	0.384	52	31	1	52	1	52	1.128E-04	158
DESULFOASV1_3244_Trm112_family_protein	AF-A1STC9-F1-model_v4	DESULFOASV1_3244_Trm112_family_protein	AF-A1STC9-F1-model_v4 UPF0434 protein Ping_0902	0.333	57	37	3	59	2	58	2.060E-04	158
DESULFOASV1_3244_Trm112_family_protein	AF-Q5E0F0-F1-model_v4	DESULFOASV1_3244_Trm112_family_protein	AF-Q5E0F0-F1-model_v4 UPF0434 protein VF_A0426	0.350	57	35	3	57	1	57	1.927E-04	158
DESULFOASV1_3244_Trm112_family_protein	AF-B1IW14-F1-model_v4	DESULFOASV1_3244_Trm112_family_protein	AF-B1IW14-F1-model_v4 UPF0434 protein YcaR	0.320	53	35	3	55	1	53	4.023E-04	157
DESULFOASV1_3244_Trm112_family_protein	AF-B1X8M1-F1-model_v4	DESULFOASV1_3244_Trm112_family_protein	AF-B1X8M1-F1-model_v4 UPF0434 protein YcaR	0.301	63	41	3	65	1	60	1.379E-04	157
DESULFOASV1_3244_Trm112_family_protein	AF-Q2NUA3-F1-model_v4	DESULFOASV1_3244_Trm112_family_protein	AF-Q2NUA3-F1-model_v4 UPF0434 protein SG0997	0.320	50	33	3	52	1	50	1.379E-04	156
DESULFOASV1_3244_Trm112_family_protein	AF-P0AAZ9-F1-model_v4	DESULFOASV1_3244_Trm112_family_protein	AF-P0AAZ9-F1-model_v4 UPF0434 protein YcaR	0.320	53	35	3	55	1	53	4.917E-04	155
DESULFOASV1_3244_Trm112_family_protein	AF-B5YT51-F1-model_v4	DESULFOASV1_3244_Trm112_family_protein	AF-B5YT51-F1-model_v4 UPF0434 protein YcaR	0.322	59	37	7	65	5	60	2.518E-04	155
DESULFOASV1_3244_Trm112_family_protein	AF-Q5QU38-F1-model_v4	DESULFOASV1_3244_Trm112_family_protein	AF-Q5QU38-F1-model_v4 UPF0434 protein IL1511	0.444	54	29	1	54	1	54	8.634E-05	155
DESULFOASV1_3244_Trm112_family_protein	AF-Q28VC1-F1-model_v4	DESULFOASV1_3244_Trm112_family_protein	AF-Q28VC1-F1-model_v4 UPF0434 protein Jann_0424	0.333	54	35	3	56	13	66	1.927E-04	153
DESULFOASV1_3244_Trm112_family_protein	AF-B7LE15-F1-model_v4	DESULFOASV1_3244_Trm112_family_protein	AF-B7LE15-F1-model_v4 UPF0434 protein YcaR	0.301	63	41	3	65	1	60	2.203E-04	152
DESULFOASV1_3244_Trm112_family_protein	AF-B1LJU6-F1-model_v4	DESULFOASV1_3244_Trm112_family_protein	AF-B1LJU6-F1-model_v4 UPF0434 protein YcaR	0.301	63	41	3	65	1	60	2.060E-04	152
DESULFOASV1_3244_Trm112_family_protein	AF-C4ZQ43-F1-model_v4	DESULFOASV1_3244_Trm112_family_protein	AF-C4ZQ43-F1-model_v4 UPF0434 protein YcaR	0.315	57	37	3	57	1	57	1.379E-04	152
DESULFOASV1_3244_Trm112_family_protein	AF-B2TUG2-F1-model_v4	DESULFOASV1_3244_Trm112_family_protein	AF-B2TUG2-F1-model_v4 UPF0434 protein YcaR	0.301	63	41	3	65	1	60	2.203E-04	152
DESULFOASV1_3244_Trm112_family_protein	AF-Q3IGX7-F1-model_v4	DESULFOASV1_3244_Trm112_family_protein	AF-Q3IGX7-F1-model_v4 UPF0434 protein PSHAa1659	0.333	63	38	1	58	1	63	1.577E-04	140
DESULFOASV1_3244_Trm112_family_protein	AF-Q4KBL2-F1-model_v4	DESULFOASV1_3244_Trm112_family_protein	AF-Q4KBL2-F1-model_v4 NAD-capped RNA hydrolase NudC	0.266	30	21	12	41	111	140	6.319E-01	62
DESULFOASV1_3244_Trm112_family_protein	AF-A4VLQ5-F1-model_v4	DESULFOASV1_3244_Trm112_family_protein	AF-A4VLQ5-F1-model_v4 NAD-capped RNA hydrolase NudC	0.250	36	26	6	41	105	140	6.757E-01	59
DESULFOASV1_3244_Trm112_family_protein	AF-Q3KC83-F1-model_v4	DESULFOASV1_3244_Trm112_family_protein	AF-Q3KC83-F1-model_v4 NAD-capped RNA hydrolase NudC	0.233	30	22	12	41	111	140	9.441E-01	59
DESULFOASV1_3244_Trm112_family_protein	AF-Q88FQ8-F1-model_v4	DESULFOASV1_3244_Trm112_family_protein	AF-Q88FQ8-F1-model_v4 NAD-capped RNA hydrolase NudC	0.200	30	23	12	41	111	140	1.508E+00	54
DESULFOASV1_3244_Trm112_family_protein	AF-B0KMR5-F1-model_v4	DESULFOASV1_3244_Trm112_family_protein	AF-B0KMR5-F1-model_v4 NAD-capped RNA hydrolase NudC	0.200	30	23	12	41	111	140	1.508E+00	54
DESULFOASV1_3244_Trm112_family_protein	AF-Q1IBF8-F1-model_v4	DESULFOASV1_3244_Trm112_family_protein	AF-Q1IBF8-F1-model_v4 NAD-capped RNA hydrolase NudC	0.200	30	23	12	41	111	140	1.612E+00	54
DESULFOASV1_3244_Trm112_family_protein	AF-A5W1F2-F1-model_v4	DESULFOASV1_3244_Trm112_family_protein	AF-A5W1F2-F1-model_v4 NAD-capped RNA hydrolase NudC	0.200	30	23	12	41	111	140	1.508E+00	54
DESULFOASV1_3244_Trm112_family_protein	AF-B1J6H6-F1-model_v4	DESULFOASV1_3244_Trm112_family_protein	AF-B1J6H6-F1-model_v4 NAD-capped RNA hydrolase NudC	0.200	30	23	12	41	111	140	1.971E+00	52
DESULFOASV1_3244_Trm112_family_protein	AF-Q19427-F1-model_v4	DESULFOASV1_3244_Trm112_family_protein	AF-Q19427-F1-model_v4 NAD-capped RNA hydrolase ndx-9	0.357	28	17	12	39	180	207	2.253E+00	51
DESULFOASV1_3244_Trm112_family_protein	AF-B1IUQ1-F1-model_v4	DESULFOASV1_3244_Trm112_family_protein	AF-B1IUQ1-F1-model_v4 NAD-capped RNA hydrolase NudC	0.233	30	22	12	41	97	126	2.944E+00	47
DESULFOASV1_3244_Trm112_family_protein	AF-A7ZUL1-F1-model_v4	DESULFOASV1_3244_Trm112_family_protein	AF-A7ZUL1-F1-model_v4 NAD-capped RNA hydrolase NudC	0.233	30	22	12	41	97	126	2.944E+00	47
DESULFOASV1_3244_Trm112_family_protein	AF-P32664-F1-model_v4	DESULFOASV1_3244_Trm112_family_protein	AF-P32664-F1-model_v4 NAD-capped RNA hydrolase NudC	0.233	30	22	12	41	97	126	2.944E+00	47
DESULFOASV1_3244_Trm112_family_protein	AF-Q8JZU0-F1-model_v4	DESULFOASV1_3244_Trm112_family_protein	AF-Q8JZU0-F1-model_v4 NAD(P)H pyrophosphatase NUDT13, mitochondrial	0.133	30	25	12	41	168	197	3.599E+00	46
DESULFOASV1_3244_Trm112_family_protein	AF-A8MA77-F1-model_v4	DESULFOASV1_3244_Trm112_family_protein	AF-A8MA77-F1-model_v4 tRNA(Ile2) 2-agmatinylcytidine synthetase TiaS	0.423	26	14	12	37	332	357	2.575E+00	46
DESULFOASV1_3244_Trm112_family_protein	AF-Q02KW6-F1-model_v4	DESULFOASV1_3244_Trm112_family_protein	AF-Q02KW6-F1-model_v4 NAD-capped RNA hydrolase NudC	0.200	30	23	12	41	113	142	3.366E+00	45
DESULFOASV1_3244_Trm112_family_protein	AF-A1RXS9-F1-model_v4	DESULFOASV1_3244_Trm112_family_protein	AF-A1RXS9-F1-model_v4 tRNA(Ile2) 2-agmatinylcytidine synthetase TiaS	0.361	36	21	11	46	364	397	8.259E-01	45
DESULFOASV1_3244_Trm112_family_protein	AF-P05445-F1-model_v4	DESULFOASV1_3244_Trm112_family_protein	AF-P05445-F1-model_v4 Primosomal protein N'	0.311	45	30	11	54	527	571	8.830E-01	45
DESULFOASV1_3244_Trm112_family_protein	AF-Q4ZTN0-F1-model_v4	DESULFOASV1_3244_Trm112_family_protein	AF-Q4ZTN0-F1-model_v4 NAD-capped RNA hydrolase NudC	0.200	30	23	12	41	113	142	4.703E+00	44
DESULFOASV1_3244_Trm112_family_protein	AF-C0H462-F1-model_v4	DESULFOASV1_3244_Trm112_family_protein	AF-C0H462-F1-model_v4 Uncharacterized protein YrzR	0.206	57	40	11	62	2	58	8.259E-01	43
DESULFOASV1_3244_Trm112_family_protein	AF-B7VB54-F1-model_v4	DESULFOASV1_3244_Trm112_family_protein	AF-B7VB54-F1-model_v4 NAD-capped RNA hydrolase NudC	0.200	30	23	12	41	113	142	4.114E+00	43
DESULFOASV1_3244_Trm112_family_protein	AF-Q5TM50-F1-model_v4	DESULFOASV1_3244_Trm112_family_protein	AF-Q5TM50-F1-model_v4 DNA-directed RNA polymerase I subunit RPA12	0.290	31	21	12	42	19	49	2.575E+00	42
DESULFOASV1_3244_Trm112_family_protein	AF-B1LNU8-F1-model_v4	DESULFOASV1_3244_Trm112_family_protein	AF-B1LNU8-F1-model_v4 NAD-capped RNA hydrolase NudC	0.233	30	22	12	41	97	126	4.703E+00	42
DESULFOASV1_3244_Trm112_family_protein	AF-Q0SY04-F1-model_v4	DESULFOASV1_3244_Trm112_family_protein	AF-Q0SY04-F1-model_v4 NAD-capped RNA hydrolase NudC	0.233	30	22	12	41	97	126	4.703E+00	42
DESULFOASV1_3244_Trm112_family_protein	AF-Q1R5W2-F1-model_v4	DESULFOASV1_3244_Trm112_family_protein	AF-Q1R5W2-F1-model_v4 NAD-capped RNA hydrolase NudC	0.233	30	22	12	41	97	126	4.703E+00	42
DESULFOASV1_3244_Trm112_family_protein	AF-B7NRS9-F1-model_v4	DESULFOASV1_3244_Trm112_family_protein	AF-B7NRS9-F1-model_v4 NAD-capped RNA hydrolase NudC	0.233	30	22	12	41	97	126	4.703E+00	42
DESULFOASV1_3244_Trm112_family_protein	AF-Q8FB75-F1-model_v4	DESULFOASV1_3244_Trm112_family_protein	AF-Q8FB75-F1-model_v4 NAD-capped RNA hydrolase NudC	0.233	30	22	12	41	97	126	4.703E+00	42
DESULFOASV1_3244_Trm112_family_protein	AF-B7N2J8-F1-model_v4	DESULFOASV1_3244_Trm112_family_protein	AF-B7N2J8-F1-model_v4 NAD-capped RNA hydrolase NudC	0.233	30	22	12	41	97	126	4.703E+00	42
DESULFOASV1_3244_Trm112_family_protein	AF-Q6DAL8-F1-model_v4	DESULFOASV1_3244_Trm112_family_protein	AF-Q6DAL8-F1-model_v4 NAD-capped RNA hydrolase NudC	0.233	30	22	12	41	97	126	5.028E+00	42
DESULFOASV1_3244_Trm112_family_protein	AF-A6V6Z8-F1-model_v4	DESULFOASV1_3244_Trm112_family_protein	AF-A6V6Z8-F1-model_v4 NAD-capped RNA hydrolase NudC	0.233	30	22	12	41	113	142	4.398E+00	42
DESULFOASV1_3244_Trm112_family_protein	AF-B7UPF1-F1-model_v4	DESULFOASV1_3244_Trm112_family_protein	AF-B7UPF1-F1-model_v4 NAD-capped RNA hydrolase NudC	0.233	30	22	12	41	97	126	5.028E+00	41
DESULFOASV1_3244_Trm112_family_protein	AF-B7LUK6-F1-model_v4	DESULFOASV1_3244_Trm112_family_protein	AF-B7LUK6-F1-model_v4 NAD-capped RNA hydrolase NudC	0.233	30	22	12	41	97	126	5.028E+00	41
DESULFOASV1_3244_Trm112_family_protein	AF-B7NFT7-F1-model_v4	DESULFOASV1_3244_Trm112_family_protein	AF-B7NFT7-F1-model_v4 NAD-capped RNA hydrolase NudC	0.233	30	22	12	41	97	126	5.028E+00	41
DESULFOASV1_3244_Trm112_family_protein	AF-Q31U01-F1-model_v4	DESULFOASV1_3244_Trm112_family_protein	AF-Q31U01-F1-model_v4 NAD-capped RNA hydrolase NudC	0.233	30	22	12	41	97	126	5.028E+00	41
DESULFOASV1_3244_Trm112_family_protein	AF-B2TWI3-F1-model_v4	DESULFOASV1_3244_Trm112_family_protein	AF-B2TWI3-F1-model_v4 NAD-capped RNA hydrolase NudC	0.233	30	22	12	41	97	126	5.028E+00	41
DESULFOASV1_3244_Trm112_family_protein	AF-A1AIG7-F1-model_v4	DESULFOASV1_3244_Trm112_family_protein	AF-A1AIG7-F1-model_v4 NAD-capped RNA hydrolase NudC	0.233	30	22	12	41	97	126	5.028E+00	41
DESULFOASV1_3244_Trm112_family_protein	AF-Q83IS3-F1-model_v4	DESULFOASV1_3244_Trm112_family_protein	AF-Q83IS3-F1-model_v4 NAD-capped RNA hydrolase NudC	0.233	30	22	12	41	97	126	5.028E+00	41
DESULFOASV1_3244_Trm112_family_protein	AF-B7MIY2-F1-model_v4	DESULFOASV1_3244_Trm112_family_protein	AF-B7MIY2-F1-model_v4 NAD-capped RNA hydrolase NudC	0.233	30	22	12	41	97	126	5.028E+00	41
DESULFOASV1_3244_Trm112_family_protein	AF-Q0TA69-F1-model_v4	DESULFOASV1_3244_Trm112_family_protein	AF-Q0TA69-F1-model_v4 NAD-capped RNA hydrolase NudC	0.233	30	22	12	41	97	126	5.028E+00	41
DESULFOASV1_3244_Trm112_family_protein	AF-Q87KQ7-F1-model_v4	DESULFOASV1_3244_Trm112_family_protein	AF-Q87KQ7-F1-model_v4 NAD-capped RNA hydrolase NudC	0.212	33	25	9	41	99	131	3.848E+00	41
DESULFOASV1_3244_Trm112_family_protein	AF-Q86X67-F1-model_v4	DESULFOASV1_3244_Trm112_family_protein	AF-Q86X67-F1-model_v4 NAD(P)H pyrophosphatase NUDT13, mitochondrial	0.100	30	26	12	41	168	197	5.748E+00	41
DESULFOASV1_3244_Trm112_family_protein	AF-B7LA85-F1-model_v4	DESULFOASV1_3244_Trm112_family_protein	AF-B7LA85-F1-model_v4 NAD-capped RNA hydrolase NudC	0.233	30	22	12	41	97	126	6.146E+00	40
DESULFOASV1_3244_Trm112_family_protein	AF-Q8X6X7-F1-model_v4	DESULFOASV1_3244_Trm112_family_protein	AF-Q8X6X7-F1-model_v4 NAD-capped RNA hydrolase NudC	0.233	30	22	12	41	97	126	5.748E+00	40
DESULFOASV1_3244_Trm112_family_protein	AF-B7M7Q5-F1-model_v4	DESULFOASV1_3244_Trm112_family_protein	AF-B7M7Q5-F1-model_v4 NAD-capped RNA hydrolase NudC	0.233	30	22	12	41	97	126	6.146E+00	40
DESULFOASV1_3244_Trm112_family_protein	AF-A8A796-F1-model_v4	DESULFOASV1_3244_Trm112_family_protein	AF-A8A796-F1-model_v4 NAD-capped RNA hydrolase NudC	0.233	30	22	12	41	97	126	6.146E+00	40
DESULFOASV1_3244_Trm112_family_protein	AF-Q32AG9-F1-model_v4	DESULFOASV1_3244_Trm112_family_protein	AF-Q32AG9-F1-model_v4 NAD-capped RNA hydrolase NudC	0.233	30	22	12	41	97	126	5.748E+00	40
DESULFOASV1_3244_Trm112_family_protein	AF-B1XBZ9-F1-model_v4	DESULFOASV1_3244_Trm112_family_protein	AF-B1XBZ9-F1-model_v4 NAD-capped RNA hydrolase NudC	0.233	30	22	12	41	97	126	6.146E+00	40
DESULFOASV1_3244_Trm112_family_protein	AF-Q8DD17-F1-model_v4	DESULFOASV1_3244_Trm112_family_protein	AF-Q8DD17-F1-model_v4 NAD-capped RNA hydrolase NudC	0.233	30	22	12	41	102	131	4.703E+00	40
DESULFOASV1_3244_Trm112_family_protein	AF-O86062-F1-model_v4	DESULFOASV1_3244_Trm112_family_protein	AF-O86062-F1-model_v4 NAD-capped RNA hydrolase NudC	0.200	30	23	12	41	113	142	5.748E+00	40
DESULFOASV1_3244_Trm112_family_protein	AF-A3DP93-F1-model_v4	DESULFOASV1_3244_Trm112_family_protein	AF-A3DP93-F1-model_v4 tRNA(Ile2) 2-agmatinylcytidine synthetase TiaS	0.277	36	24	11	46	371	404	1.843E+00	40
DESULFOASV1_3244_Trm112_family_protein	AF-Q3YUY8-F1-model_v4	DESULFOASV1_3244_Trm112_family_protein	AF-Q3YUY8-F1-model_v4 NAD-capped RNA hydrolase NudC	0.233	30	22	12	41	97	126	6.146E+00	39
DESULFOASV1_3244_Trm112_family_protein	AF-B5XYE2-F1-model_v4	DESULFOASV1_3244_Trm112_family_protein	AF-B5XYE2-F1-model_v4 NAD-capped RNA hydrolase NudC	0.200	30	23	12	41	97	126	6.571E+00	39
DESULFOASV1_3244_Trm112_family_protein	AF-Q57H59-F1-model_v4	DESULFOASV1_3244_Trm112_family_protein	AF-Q57H59-F1-model_v4 NAD-capped RNA hydrolase NudC	0.200	30	23	12	41	97	126	6.571E+00	39
DESULFOASV1_3244_Trm112_family_protein	AF-B5Z092-F1-model_v4	DESULFOASV1_3244_Trm112_family_protein	AF-B5Z092-F1-model_v4 NAD-capped RNA hydrolase NudC	0.233	30	22	12	41	97	126	6.146E+00	39
DESULFOASV1_3244_Trm112_family_protein	AF-B4T0Z8-F1-model_v4	DESULFOASV1_3244_Trm112_family_protein	AF-B4T0Z8-F1-model_v4 NAD-capped RNA hydrolase NudC	0.200	30	23	12	41	97	126	6.571E+00	39
DESULFOASV1_3244_Trm112_family_protein	AF-B4TQK6-F1-model_v4	DESULFOASV1_3244_Trm112_family_protein	AF-B4TQK6-F1-model_v4 NAD-capped RNA hydrolase NudC	0.200	30	23	12	41	97	126	6.571E+00	39
DESULFOASV1_3244_Trm112_family_protein	AF-B5QYF1-F1-model_v4	DESULFOASV1_3244_Trm112_family_protein	AF-B5QYF1-F1-model_v4 NAD-capped RNA hydrolase NudC	0.200	30	23	12	41	97	126	6.571E+00	39
DESULFOASV1_3244_Trm112_family_protein	AF-C0Q2S8-F1-model_v4	DESULFOASV1_3244_Trm112_family_protein	AF-C0Q2S8-F1-model_v4 NAD-capped RNA hydrolase NudC	0.200	30	23	12	41	97	126	6.571E+00	39
DESULFOASV1_3244_Trm112_family_protein	AF-Q791N7-F1-model_v4	DESULFOASV1_3244_Trm112_family_protein	AF-Q791N7-F1-model_v4 DNA-directed RNA polymerase I subunit RPA12	0.322	31	20	12	42	16	46	4.398E+00	38
DESULFOASV1_3244_Trm112_family_protein	AF-A6TGQ3-F1-model_v4	DESULFOASV1_3244_Trm112_family_protein	AF-A6TGQ3-F1-model_v4 NAD-capped RNA hydrolase NudC	0.200	30	23	12	41	97	126	7.026E+00	38
DESULFOASV1_3244_Trm112_family_protein	AF-C5A0T7-F1-model_v4	DESULFOASV1_3244_Trm112_family_protein	AF-C5A0T7-F1-model_v4 NAD-capped RNA hydrolase NudC	0.233	30	22	12	41	97	126	7.026E+00	38
DESULFOASV1_3244_Trm112_family_protein	AF-B1JJK8-F1-model_v4	DESULFOASV1_3244_Trm112_family_protein	AF-B1JJK8-F1-model_v4 NAD-capped RNA hydrolase NudC	0.233	30	22	12	41	97	126	7.026E+00	38
DESULFOASV1_3244_Trm112_family_protein	AF-A4TS22-F1-model_v4	DESULFOASV1_3244_Trm112_family_protein	AF-A4TS22-F1-model_v4 NAD-capped RNA hydrolase NudC	0.233	30	22	12	41	97	126	7.026E+00	38
DESULFOASV1_3244_Trm112_family_protein	AF-A9R8D3-F1-model_v4	DESULFOASV1_3244_Trm112_family_protein	AF-A9R8D3-F1-model_v4 NAD-capped RNA hydrolase NudC	0.233	30	22	12	41	97	126	7.026E+00	38
DESULFOASV1_3244_Trm112_family_protein	AF-A7FNH4-F1-model_v4	DESULFOASV1_3244_Trm112_family_protein	AF-A7FNH4-F1-model_v4 NAD-capped RNA hydrolase NudC	0.233	30	22	12	41	97	126	7.026E+00	38
DESULFOASV1_3244_Trm112_family_protein	AF-B2K122-F1-model_v4	DESULFOASV1_3244_Trm112_family_protein	AF-B2K122-F1-model_v4 NAD-capped RNA hydrolase NudC	0.233	30	22	12	41	97	126	7.026E+00	38
DESULFOASV1_3244_Trm112_family_protein	AF-Q1CN68-F1-model_v4	DESULFOASV1_3244_Trm112_family_protein	AF-Q1CN68-F1-model_v4 NAD-capped RNA hydrolase NudC	0.233	30	22	12	41	97	126	7.026E+00	38
DESULFOASV1_3244_Trm112_family_protein	AF-Q1C1V1-F1-model_v4	DESULFOASV1_3244_Trm112_family_protein	AF-Q1C1V1-F1-model_v4 NAD-capped RNA hydrolase NudC	0.233	30	22	12	41	97	126	7.026E+00	38
DESULFOASV1_3244_Trm112_family_protein	AF-Q882A9-F1-model_v4	DESULFOASV1_3244_Trm112_family_protein	AF-Q882A9-F1-model_v4 NAD-capped RNA hydrolase NudC	0.241	29	20	12	39	113	141	6.571E+00	38
DESULFOASV1_3244_Trm112_family_protein	AF-P36417-F1-model_v4	DESULFOASV1_3244_Trm112_family_protein	AF-P36417-F1-model_v4 G-box-binding factor	0.166	30	24	10	39	338	367	6.571E+00	38
DESULFOASV1_3244_Trm112_family_protein	AF-Q56254-F1-model_v4	DESULFOASV1_3244_Trm112_family_protein	AF-Q56254-F1-model_v4 Transcription factor S	0.203	54	29	11	64	2	39	1.079E+00	37
DESULFOASV1_3244_Trm112_family_protein	AF-Q9P1U0-F1-model_v4	DESULFOASV1_3244_Trm112_family_protein	AF-Q9P1U0-F1-model_v4 DNA-directed RNA polymerase I subunit RPA12	0.260	46	30	1	42	4	49	2.253E+00	37
DESULFOASV1_3244_Trm112_family_protein	AF-A9N0K8-F1-model_v4	DESULFOASV1_3244_Trm112_family_protein	AF-A9N0K8-F1-model_v4 NAD-capped RNA hydrolase NudC	0.200	30	23	12	41	97	126	8.032E+00	37
DESULFOASV1_3244_Trm112_family_protein	AF-Q5PKA4-F1-model_v4	DESULFOASV1_3244_Trm112_family_protein	AF-Q5PKA4-F1-model_v4 NAD-capped RNA hydrolase NudC	0.200	30	23	12	41	97	126	8.032E+00	37
DESULFOASV1_3244_Trm112_family_protein	AF-B4TCT5-F1-model_v4	DESULFOASV1_3244_Trm112_family_protein	AF-B4TCT5-F1-model_v4 NAD-capped RNA hydrolase NudC	0.200	30	23	12	41	97	126	7.512E+00	37
DESULFOASV1_3244_Trm112_family_protein	AF-B5F1H9-F1-model_v4	DESULFOASV1_3244_Trm112_family_protein	AF-B5F1H9-F1-model_v4 NAD-capped RNA hydrolase NudC	0.200	30	23	12	41	97	126	8.032E+00	37
DESULFOASV1_3244_Trm112_family_protein	AF-B5RFI8-F1-model_v4	DESULFOASV1_3244_Trm112_family_protein	AF-B5RFI8-F1-model_v4 NAD-capped RNA hydrolase NudC	0.200	30	23	12	41	97	126	8.032E+00	37
DESULFOASV1_3244_Trm112_family_protein	AF-Q9L9I5-F1-model_v4	DESULFOASV1_3244_Trm112_family_protein	AF-Q9L9I5-F1-model_v4 NAD-capped RNA hydrolase NudC	0.200	30	23	12	41	97	126	8.032E+00	37
DESULFOASV1_3244_Trm112_family_protein	AF-B6I5K7-F1-model_v4	DESULFOASV1_3244_Trm112_family_protein	AF-B6I5K7-F1-model_v4 NAD-capped RNA hydrolase NudC	0.233	30	22	12	41	97	126	7.512E+00	37
DESULFOASV1_3244_Trm112_family_protein	AF-B5BJR5-F1-model_v4	DESULFOASV1_3244_Trm112_family_protein	AF-B5BJR5-F1-model_v4 NAD-capped RNA hydrolase NudC	0.200	30	23	12	41	97	126	8.032E+00	37
DESULFOASV1_3244_Trm112_family_protein	AF-B5FQL1-F1-model_v4	DESULFOASV1_3244_Trm112_family_protein	AF-B5FQL1-F1-model_v4 NAD-capped RNA hydrolase NudC	0.200	30	23	12	41	97	126	8.032E+00	37
DESULFOASV1_3244_Trm112_family_protein	AF-Q48IH8-F1-model_v4	DESULFOASV1_3244_Trm112_family_protein	AF-Q48IH8-F1-model_v4 NAD-capped RNA hydrolase NudC	0.241	29	20	12	39	113	141	7.026E+00	37
DESULFOASV1_3244_Trm112_family_protein	AF-P57220-F1-model_v4	DESULFOASV1_3244_Trm112_family_protein	AF-P57220-F1-model_v4 Primosomal protein N'	0.131	58	46	11	64	438	495	1.319E+00	37
DESULFOASV1_3244_Trm112_family_protein	AF-A8AKS7-F1-model_v4	DESULFOASV1_3244_Trm112_family_protein	AF-A8AKS7-F1-model_v4 NAD-capped RNA hydrolase NudC	0.200	30	23	12	41	97	126	8.587E+00	36
DESULFOASV1_3244_Trm112_family_protein	AF-A7MJ81-F1-model_v4	DESULFOASV1_3244_Trm112_family_protein	AF-A7MJ81-F1-model_v4 NAD-capped RNA hydrolase NudC	0.233	30	22	12	41	97	126	8.587E+00	36
DESULFOASV1_3244_Trm112_family_protein	AF-P44710-F1-model_v4	DESULFOASV1_3244_Trm112_family_protein	AF-P44710-F1-model_v4 NAD-capped RNA hydrolase NudC	0.260	23	16	12	34	98	120	5.028E+00	36
DESULFOASV1_3244_Trm112_family_protein	AF-Q7NTZ8-F1-model_v4	DESULFOASV1_3244_Trm112_family_protein	AF-Q7NTZ8-F1-model_v4 NAD-capped RNA hydrolase NudC	0.300	30	20	12	41	105	134	7.512E+00	36
DESULFOASV1_3244_Trm112_family_protein	AF-Q1XHV8-F1-model_v4	DESULFOASV1_3244_Trm112_family_protein	AF-Q1XHV8-F1-model_v4 DNA-directed RNA polymerase I subunit RPA12	0.239	46	31	1	42	4	49	2.409E+00	35
DESULFOASV1_3244_Trm112_family_protein	AF-A4W5B9-F1-model_v4	DESULFOASV1_3244_Trm112_family_protein	AF-A4W5B9-F1-model_v4 NAD-capped RNA hydrolase NudC	0.233	30	22	12	41	97	126	9.817E+00	35
DESULFOASV1_3244_Trm112_family_protein	AF-Q4QNB3-F1-model_v4	DESULFOASV1_3244_Trm112_family_protein	AF-Q4QNB3-F1-model_v4 NAD-capped RNA hydrolase NudC	0.260	23	16	12	34	98	120	5.028E+00	35
DESULFOASV1_3244_Trm112_family_protein	AF-Q9HRE6-F1-model_v4	DESULFOASV1_3244_Trm112_family_protein	AF-Q9HRE6-F1-model_v4 Transcription initiation factor IIB 2	0.216	37	28	1	37	20	56	4.114E+00	35
DESULFOASV1_3244_Trm112_family_protein	AF-O25149-F1-model_v4	DESULFOASV1_3244_Trm112_family_protein	AF-O25149-F1-model_v4 Primosomal protein N'	0.222	45	29	11	48	343	387	3.599E+00	35
DESULFOASV1_3244_Trm112_family_protein	AF-Q93SW6-F1-model_v4	DESULFOASV1_3244_Trm112_family_protein	AF-Q93SW6-F1-model_v4 Cytochrome b6-f complex iron-sulfur subunit 2	0.142	28	23	12	39	106	133	9.182E+00	33
DESULFOASV1_3244_Trm112_family_protein	AF-Q93SW8-F1-model_v4	DESULFOASV1_3244_Trm112_family_protein	AF-Q93SW8-F1-model_v4 Cytochrome b6-f complex iron-sulfur subunit 2	0.142	28	23	12	39	106	133	9.817E+00	33
DESULFOASV1_3244_Trm112_family_protein	AF-A5UGU3-F1-model_v4	DESULFOASV1_3244_Trm112_family_protein	AF-A5UGU3-F1-model_v4 NAD-capped RNA hydrolase NudC	0.258	31	22	4	34	90	120	6.146E+00	33
DESULFOASV1_3244_Trm112_family_protein	AF-Q8TK89-F1-model_v4	DESULFOASV1_3244_Trm112_family_protein	AF-Q8TK89-F1-model_v4 tRNA(Ile2) 2-agmatinylcytidine synthetase TiaS	0.250	36	23	11	46	356	387	2.575E+00	33
DESULFOASV1_3244_Trm112_family_protein	AF-Q1RI08-F1-model_v4	DESULFOASV1_3244_Trm112_family_protein	AF-Q1RI08-F1-model_v4 Primosomal protein N'	0.181	44	34	12	54	366	409	4.114E+00	33
DESULFOASV1_3244_Trm112_family_protein	AF-Q9ZD10-F1-model_v4	DESULFOASV1_3244_Trm112_family_protein	AF-Q9ZD10-F1-model_v4 Primosomal protein N'	0.181	44	34	11	53	365	408	5.028E+00	33
DESULFOASV1_3244_Trm112_family_protein	AF-Q9Z6Y2-F1-model_v4	DESULFOASV1_3244_Trm112_family_protein	AF-Q9Z6Y2-F1-model_v4 Primosomal protein N'	0.296	27	18	11	37	461	487	9.182E+00	33
DESULFOASV1_3244_Trm112_family_protein	AF-Q8U443-F1-model_v4	DESULFOASV1_3244_Trm112_family_protein	AF-Q8U443-F1-model_v4 30S ribosomal protein S27ae	0.225	31	23	11	41	20	50	5.748E+00	32
DESULFOASV1_3244_Trm112_family_protein	AF-A5UA57-F1-model_v4	DESULFOASV1_3244_Trm112_family_protein	AF-A5UA57-F1-model_v4 NAD-capped RNA hydrolase NudC	0.260	23	16	12	34	98	120	7.026E+00	32
DESULFOASV1_3244_Trm112_family_protein	AF-Q9YGA5-F1-model_v4	DESULFOASV1_3244_Trm112_family_protein	AF-Q9YGA5-F1-model_v4 Transcription initiation factor IIB 2	0.222	36	26	3	37	26	61	6.146E+00	32
DESULFOASV1_3244_Trm112_family_protein	AF-O34434-F1-model_v4	DESULFOASV1_3244_Trm112_family_protein	AF-O34434-F1-model_v4 Uncharacterized protein YdjG	0.255	43	28	12	50	6	48	4.114E+00	32
DESULFOASV1_3244_Trm112_family_protein	AF-G3XD01-F1-model_v4	DESULFOASV1_3244_Trm112_family_protein	AF-G3XD01-F1-model_v4 UDP-2-acetamido-3-amino-2,3-dideoxy-D-glucuronate N-acetyltransferase	0.156	32	25	17	48	159	189	6.571E+00	31
DESULFOASV1_3244_Trm112_family_protein	AF-P81439-F1-model_v4	DESULFOASV1_3244_Trm112_family_protein	AF-P81439-F1-model_v4 Equistatin	0.130	45	37	10	52	80	124	1.508E+00	31
DESULFOASV1_3244_Trm112_family_protein	AF-Q8MRC9-F1-model_v4	DESULFOASV1_3244_Trm112_family_protein	AF-Q8MRC9-F1-model_v4 Putative polypeptide N-acetylgalactosaminyltransferase 9	0.121	41	33	14	54	593	630	3.848E+00	31
DESULFOASV1_3244_Trm112_family_protein	AF-Q45032-F1-model_v4	DESULFOASV1_3244_Trm112_family_protein	AF-Q45032-F1-model_v4 Primosomal protein N'	0.333	21	13	11	31	377	397	6.146E+00	31
DESULFOASV1_3244_Trm112_family_protein	AF-Q6MFY5-F1-model_v4	DESULFOASV1_3244_Trm112_family_protein	AF-Q6MFY5-F1-model_v4 DNA-directed RNA polymerase I subunit RPA12	0.229	48	25	12	59	16	48	2.253E+00	30
DESULFOASV1_3244_Trm112_family_protein	AF-O65426-F1-model_v4	DESULFOASV1_3244_Trm112_family_protein	AF-O65426-F1-model_v4 Protein LOL2	0.268	41	29	11	51	99	139	5.376E+00	30
DESULFOASV1_3244_Trm112_family_protein	AF-A6VQT1-F1-model_v4	DESULFOASV1_3244_Trm112_family_protein	AF-A6VQT1-F1-model_v4 NAD-capped RNA hydrolase NudC	0.290	31	21	2	32	88	118	7.026E+00	30
DESULFOASV1_3244_Trm112_family_protein	AF-F8VTS6-F1-model_v4	DESULFOASV1_3244_Trm112_family_protein	AF-F8VTS6-F1-model_v4 Ret finger protein-like 4A-like protein 1	0.179	80	50	3	64	1	80	4.836E-01	30
DESULFOASV1_3244_Trm112_family_protein	AF-Q58495-F1-model_v4	DESULFOASV1_3244_Trm112_family_protein	AF-Q58495-F1-model_v4 tRNA(Ile2) 2-agmatinylcytidine synthetase TiaS	0.297	37	24	12	48	358	392	5.028E+00	30
DESULFOASV1_3244_Trm112_family_protein	AF-Q9ZKE4-F1-model_v4	DESULFOASV1_3244_Trm112_family_protein	AF-Q9ZKE4-F1-model_v4 Primosomal protein N'	0.241	58	40	11	64	343	400	3.366E+00	30
DESULFOASV1_3244_Trm112_family_protein	AF-Q8NCL4-F1-model_v4	DESULFOASV1_3244_Trm112_family_protein	AF-Q8NCL4-F1-model_v4 Polypeptide N-acetylgalactosaminyltransferase 6	0.156	32	25	17	48	578	608	4.114E+00	30
DESULFOASV1_3244_Trm112_family_protein	AF-Q92HH1-F1-model_v4	DESULFOASV1_3244_Trm112_family_protein	AF-Q92HH1-F1-model_v4 Primosomal protein N'	0.204	44	33	11	53	365	408	7.512E+00	30
DESULFOASV1_3244_Trm112_family_protein	AF-P44647-F1-model_v4	DESULFOASV1_3244_Trm112_family_protein	AF-P44647-F1-model_v4 Primosomal protein N'	0.137	51	35	11	51	444	494	4.703E+00	30
DESULFOASV1_3244_Trm112_family_protein	AF-P17888-F1-model_v4	DESULFOASV1_3244_Trm112_family_protein	AF-P17888-F1-model_v4 Primosomal protein N'	0.264	53	38	12	64	444	496	4.398E+00	30
DESULFOASV1_3244_Trm112_family_protein	AF-P70758-F1-model_v4	DESULFOASV1_3244_Trm112_family_protein	AF-P70758-F1-model_v4 Cytochrome b6-f complex iron-sulfur subunit 3	0.137	58	36	12	54	106	163	2.944E+00	29
DESULFOASV1_3244_Trm112_family_protein	AF-O82631-F1-model_v4	DESULFOASV1_3244_Trm112_family_protein	AF-O82631-F1-model_v4 F-actin-capping protein subunit alpha	0.121	33	26	22	54	85	115	6.146E+00	29
DESULFOASV1_3244_Trm112_family_protein	AF-A0RZ60-F1-model_v4	DESULFOASV1_3244_Trm112_family_protein	AF-A0RZ60-F1-model_v4 tRNA(Ile2) 2-agmatinylcytidine synthetase TiaS	0.235	51	36	11	58	363	413	3.148E+00	29
DESULFOASV1_3244_Trm112_family_protein	AF-E0SPG5-F1-model_v4	DESULFOASV1_3244_Trm112_family_protein	AF-E0SPG5-F1-model_v4 tRNA(Ile2) 2-agmatinylcytidine synthetase TiaS	0.285	41	24	12	52	376	409	4.398E+00	29
DESULFOASV1_3244_Trm112_family_protein	AF-Q9HSG8-F1-model_v4	DESULFOASV1_3244_Trm112_family_protein	AF-Q9HSG8-F1-model_v4 50S ribosomal protein L37Ae	0.261	41	29	11	51	36	75	6.571E+00	28
DESULFOASV1_3244_Trm112_family_protein	AF-A7I9E0-F1-model_v4	DESULFOASV1_3244_Trm112_family_protein	AF-A7I9E0-F1-model_v4 Aspartate carbamoyltransferase regulatory chain	0.285	28	19	20	46	138	165	7.026E+00	28
DESULFOASV1_3244_Trm112_family_protein	AF-C6A3Q6-F1-model_v4	DESULFOASV1_3244_Trm112_family_protein	AF-C6A3Q6-F1-model_v4 tRNA(Ile2) 2-agmatinylcytidine synthetase TiaS	0.320	47	29	13	56	357	403	3.148E+00	28
DESULFOASV1_3244_Trm112_family_protein	AF-Q6MNP6-F1-model_v4	DESULFOASV1_3244_Trm112_family_protein	AF-Q6MNP6-F1-model_v4 Vitamin B12-dependent ribonucleotide reductase	0.200	39	30	1	39	725	762	7.512E+00	28
DESULFOASV1_3244_Trm112_family_protein	AF-Q9HR45-F1-model_v4	DESULFOASV1_3244_Trm112_family_protein	AF-Q9HR45-F1-model_v4 Transcription initiation factor IIB 4	0.185	54	39	3	51	22	75	4.398E+00	27
DESULFOASV1_3244_Trm112_family_protein	AF-Q9SBN3-F1-model_v4	DESULFOASV1_3244_Trm112_family_protein	AF-Q9SBN3-F1-model_v4 Cytochrome b6-f complex iron-sulfur subunit, chloroplastic	0.160	56	35	12	54	133	188	5.748E+00	26
DESULFOASV1_3244_Trm112_family_protein	AF-Q9HSB3-F1-model_v4	DESULFOASV1_3244_Trm112_family_protein	AF-Q9HSB3-F1-model_v4 Transcription initiation factor IIB 6	0.174	63	46	3	65	17	73	3.848E+00	26
DESULFOASV1_3244_Trm112_family_protein	AF-Q8KA15-F1-model_v4	DESULFOASV1_3244_Trm112_family_protein	AF-Q8KA15-F1-model_v4 Primosomal protein N'	0.098	58	48	11	64	432	489	5.748E+00	26
DESULFOASV1_3244_Trm112_family_protein	AF-A6TCJ1-F1-model_v4	DESULFOASV1_3244_Trm112_family_protein	AF-A6TCJ1-F1-model_v4 Autonomous glycyl radical cofactor	0.120	50	37	10	59	8	50	5.748E+00	25
DESULFOASV1_3244_Trm112_family_protein	AF-A5UKA1-F1-model_v4	DESULFOASV1_3244_Trm112_family_protein	AF-A5UKA1-F1-model_v4 Transcription initiation factor IIB	0.276	46	31	3	48	5	48	8.032E+00	25
DESULFOASV1_3244_Trm112_family_protein	AF-Q9CAQ2-F1-model_v4	DESULFOASV1_3244_Trm112_family_protein	AF-Q9CAQ2-F1-model_v4 Acetyltransferase At1g77540	0.195	46	34	19	61	18	63	4.114E+00	24
DESULFOASV1_3244_Trm112_family_protein	AF-P14698-F1-model_v4	DESULFOASV1_3244_Trm112_family_protein	AF-P14698-F1-model_v4 Cytochrome b6-f complex iron-sulfur subunit	0.172	58	35	12	54	107	164	7.512E+00	24
DESULFOASV1_3244_Trm112_family_protein	AF-Q29RH3-F1-model_v4	DESULFOASV1_3244_Trm112_family_protein	AF-Q29RH3-F1-model_v4 NAD-capped RNA hydrolase NUDT12	0.177	43	30	12	54	265	301	7.512E+00	24
DESULFOASV1_3244_Trm112_family_protein	AF-Q9DCN1-F1-model_v4	DESULFOASV1_3244_Trm112_family_protein	AF-Q9DCN1-F1-model_v4 NAD-capped RNA hydrolase NUDT12	0.222	43	28	12	54	283	319	7.512E+00	24
DESULFOASV1_3244_Trm112_family_protein	AF-Q7N984-F1-model_v4	DESULFOASV1_3244_Trm112_family_protein	AF-Q7N984-F1-model_v4 Maltose/maltodextrin transport system permease protein MalF	0.107	56	37	20	61	214	269	3.148E+00	24
DESULFOASV1_3244_Trm112_family_protein	AF-Q74RF9-F1-model_v4	DESULFOASV1_3244_Trm112_family_protein	AF-Q74RF9-F1-model_v4 Maltose/maltodextrin transport system permease protein MalF	0.117	50	31	20	55	226	275	5.028E+00	24
DESULFOASV1_3244_Trm112_family_protein	AF-A0QL36-F1-model_v4	DESULFOASV1_3244_Trm112_family_protein	AF-A0QL36-F1-model_v4 Elongation factor G	0.166	49	36	20	63	166	214	6.146E+00	24
DESULFOASV1_3244_Trm112_family_protein	AF-B2HSL2-F1-model_v4	DESULFOASV1_3244_Trm112_family_protein	AF-B2HSL2-F1-model_v4 Elongation factor G	0.148	49	37	20	63	166	214	6.571E+00	24
DESULFOASV1_3244_Trm112_family_protein	AF-A3MZ79-F1-model_v4	DESULFOASV1_3244_Trm112_family_protein	AF-A3MZ79-F1-model_v4 Autonomous glycyl radical cofactor	0.080	50	40	10	59	8	51	8.032E+00	23
DESULFOASV1_3244_Trm112_family_protein	AF-Q7VMC2-F1-model_v4	DESULFOASV1_3244_Trm112_family_protein	AF-Q7VMC2-F1-model_v4 Autonomous glycyl radical cofactor	0.080	50	40	10	59	8	51	8.032E+00	23
DESULFOASV1_3244_Trm112_family_protein	AF-P74714-F1-model_v4	DESULFOASV1_3244_Trm112_family_protein	AF-P74714-F1-model_v4 Cytochrome b6-f complex iron-sulfur subunit 1	0.137	58	36	12	54	106	163	8.587E+00	23
DESULFOASV1_3244_Trm112_family_protein	AF-P0C8N7-F1-model_v4	DESULFOASV1_3244_Trm112_family_protein	AF-P0C8N7-F1-model_v4 Cytochrome b6-f complex iron-sulfur subunit	0.135	59	36	12	54	107	165	8.587E+00	23
DESULFOASV1_3244_Trm112_family_protein	AF-Q9BQG2-F1-model_v4	DESULFOASV1_3244_Trm112_family_protein	AF-Q9BQG2-F1-model_v4 NAD-capped RNA hydrolase NUDT12	0.177	43	30	12	54	283	319	9.182E+00	23
DESULFOASV1_3244_Trm112_family_protein	AF-Q7MFC2-F1-model_v4	DESULFOASV1_3244_Trm112_family_protein	AF-Q7MFC2-F1-model_v4 Maltose/maltodextrin transport system permease protein MalF	0.080	62	41	20	65	219	280	4.398E+00	23
DESULFOASV1_3244_Trm112_family_protein	AF-Q9KL06-F1-model_v4	DESULFOASV1_3244_Trm112_family_protein	AF-Q9KL06-F1-model_v4 Maltose/maltodextrin transport system permease protein MalF	0.142	62	39	20	65	220	281	3.599E+00	23
DESULFOASV1_3244_Trm112_family_protein	AF-Q6DIF4-F1-model_v4	DESULFOASV1_3244_Trm112_family_protein	AF-Q6DIF4-F1-model_v4 WD repeat-containing protein 1	0.179	38	30	19	56	370	407	6.146E+00	23
DESULFOASV1_3244_Trm112_family_protein	AF-A1T4L5-F1-model_v4	DESULFOASV1_3244_Trm112_family_protein	AF-A1T4L5-F1-model_v4 Elongation factor G	0.176	49	35	20	63	165	213	7.026E+00	23
DESULFOASV1_3244_Trm112_family_protein	AF-Q6DDU9-F1-model_v4	DESULFOASV1_3244_Trm112_family_protein	AF-Q6DDU9-F1-model_v4 RNA-binding protein 5-B	0.097	39	34	12	50	485	523	9.817E+00	23
DESULFOASV1_3244_Trm112_family_protein	AF-B3H0M3-F1-model_v4	DESULFOASV1_3244_Trm112_family_protein	AF-B3H0M3-F1-model_v4 Autonomous glycyl radical cofactor	0.080	50	40	10	59	8	51	9.182E+00	22
DESULFOASV1_3244_Trm112_family_protein	AF-B2FN92-F1-model_v4	DESULFOASV1_3244_Trm112_family_protein	AF-B2FN92-F1-model_v4 Ribosome maturation factor RimP	0.115	26	18	31	56	128	148	9.817E+00	22
DESULFOASV1_3244_Trm112_family_protein	AF-P04441-F1-model_v4	DESULFOASV1_3244_Trm112_family_protein	AF-P04441-F1-model_v4 H-2 class II histocompatibility antigen gamma chain	0.000	36	33	19	52	212	247	6.571E+00	22
DESULFOASV1_3244_Trm112_family_protein	AF-A6NLU0-F1-model_v4	DESULFOASV1_3244_Trm112_family_protein	AF-A6NLU0-F1-model_v4 Ret finger protein-like 4A	0.176	76	49	3	63	1	76	5.528E-01	22
DESULFOASV1_3244_Trm112_family_protein	AF-Q5RD76-F1-model_v4	DESULFOASV1_3244_Trm112_family_protein	AF-Q5RD76-F1-model_v4 NAD-capped RNA hydrolase NUDT12	0.177	43	30	12	54	283	319	9.182E+00	22
DESULFOASV1_3244_Trm112_family_protein	AF-P9WNM8-F1-model_v4	DESULFOASV1_3244_Trm112_family_protein	AF-P9WNM8-F1-model_v4 Elongation factor G-like protein	0.214	42	27	23	64	177	211	8.587E+00	22
DESULFOASV1_3244_Trm112_family_protein	AF-P70501-F1-model_v4	DESULFOASV1_3244_Trm112_family_protein	AF-P70501-F1-model_v4 RNA-binding protein 10	0.170	39	30	12	48	504	542	9.817E+00	22
DESULFOASV1_3244_Trm112_family_protein	AF-P98175-F1-model_v4	DESULFOASV1_3244_Trm112_family_protein	AF-P98175-F1-model_v4 RNA-binding protein 10	0.142	40	32	12	49	582	621	8.587E+00	22
DESULFOASV1_3244_Trm112_family_protein	AF-O48947-F1-model_v4	DESULFOASV1_3244_Trm112_family_protein	AF-O48947-F1-model_v4 Cellulose synthase A catalytic subunit 2 [UDP-forming]	0.250	35	25	1	34	27	61	7.512E+00	22
DESULFOASV1_3244_Trm112_family_protein	AF-C6BSW8-F1-model_v4	DESULFOASV1_3244_Trm112_family_protein	AF-C6BSW8-F1-model_v4 Endonuclease MutS2	0.133	45	34	20	59	625	669	2.944E+00	21
DESULFOASV1_3244_Trm112_family_protein	AF-P9WNM9-F1-model_v4	DESULFOASV1_3244_Trm112_family_protein	AF-P9WNM9-F1-model_v4 Elongation factor G-like protein	0.218	61	42	4	64	157	211	6.146E+00	20
DESULFOASV1_3244_Trm112_family_protein	AF-Q4P9K4-F1-model_v4	DESULFOASV1_3244_Trm112_family_protein	AF-Q4P9K4-F1-model_v4 Protein transport protein SEC24	0.145	52	41	11	59	321	372	8.587E+00	20
DESULFOASV1_3244_Trm112_family_protein	AF-A1L0Z0-F1-model_v4	DESULFOASV1_3244_Trm112_family_protein	AF-A1L0Z0-F1-model_v4 Mediator of RNA polymerase II transcription subunit 1	0.103	58	40	19	64	76	133	7.512E+00	20
DESULFOASV1_3244_Trm112_family_protein	AF-P26292-F1-model_v4	DESULFOASV1_3244_Trm112_family_protein	AF-P26292-F1-model_v4 Cytochrome b6-f complex iron-sulfur subunit	0.095	59	38	12	54	107	165	5.376E+00	19
DESULFOASV1_3244_Trm112_family_protein	AF-O93958-F1-model_v4	DESULFOASV1_3244_Trm112_family_protein	AF-O93958-F1-model_v4 Mating-type protein A2	0.075	40	29	17	48	34	73	9.182E+00	18
DESULFOASV1_3244_Trm112_family_protein	AF-Q7Z4I7-F1-model_v4	DESULFOASV1_3244_Trm112_family_protein	AF-Q7Z4I7-F1-model_v4 LIM and senescent cell antigen-like-containing domain protein 2	0.152	68	50	1	60	3	70	7.026E+00	18
DESULFOASV1_3244_Trm112_family_protein	AF-P02567-F1-model_v4	DESULFOASV1_3244_Trm112_family_protein	AF-P02567-F1-model_v4 Myosin-1	0.166	30	21	28	53	47	76	8.587E+00	18
DESULFOASV1_3244_Trm112_family_protein	AF-Q8D3U8-F1-model_v4	DESULFOASV1_3244_Trm112_family_protein	AF-Q8D3U8-F1-model_v4 Maltose/maltodextrin transport system permease protein MalF	0.080	62	41	20	65	219	280	4.703E+00	17
DESULFOASV1_3244_Trm112_family_protein	AF-Q87GB7-F1-model_v4	DESULFOASV1_3244_Trm112_family_protein	AF-Q87GB7-F1-model_v4 Maltose/maltodextrin transport system permease protein MalF	0.112	62	36	20	61	220	281	4.114E+00	17
DESULFOASV1_3244_Trm112_family_protein	AF-Q8CA95-F1-model_v4	DESULFOASV1_3244_Trm112_family_protein	AF-Q8CA95-F1-model_v4 cAMP and cAMP-inhibited cGMP 3',5'-cyclic phosphodiesterase 10A	0.151	33	21	28	53	294	326	8.032E+00	17
DESULFOASV1_3244_Trm112_family_protein	AF-Q7WY74-F1-model_v4	DESULFOASV1_3244_Trm112_family_protein	AF-Q7WY74-F1-model_v4 UPF0295 protein YgzB	0.195	41	28	20	60	69	104	9.817E+00	16
DESULFOASV1_3244_Trm112_family_protein	AF-P36407-F1-model_v4	DESULFOASV1_3244_Trm112_family_protein	AF-P36407-F1-model_v4 E3 ubiquitin-protein ligase TRIM23	0.104	67	45	1	51	19	85	8.032E+00	15
DESULFOASV1_3244_Trm112_family_protein	AF-Q02112-F1-model_v4	DESULFOASV1_3244_Trm112_family_protein	AF-Q02112-F1-model_v4 Membrane-bound protein LytA	0.113	50	40	1	46	11	60	8.032E+00	13
