LOKIASV2_3324_ESMFold_hypothetical_protein	AF-A0A847ZSG9-F1-model_v4	AF-A0A847ZSG9-F1-model_v4 Uncharacterized protein	1.088E-08	1.000	464	6	123	132	11	128	129	118	0.894	0.915
LOKIASV2_3324_ESMFold_hypothetical_protein	AF-A0A2U2C7I9-F1-model_v4	AF-A0A2U2C7I9-F1-model_v4 Uncharacterized protein	1.088E-08	1.000	455	1	120	132	1	120	127	120	0.909	0.945
LOKIASV2_3324_ESMFold_hypothetical_protein	AF-A0A3D4IEW3-F1-model_v4	AF-A0A3D4IEW3-F1-model_v4 Uncharacterized protein	3.382E-08	1.000	434	3	127	132	4	128	136	125	0.947	0.919
LOKIASV2_3324_ESMFold_hypothetical_protein	AF-A0A3B8VW67-F1-model_v4	AF-A0A3B8VW67-F1-model_v4 Uncharacterized protein	3.750E-08	1.000	411	2	132	132	4	134	141	131	0.992	0.929
LOKIASV2_3324_ESMFold_hypothetical_protein	AF-A0A5F2D6X8-F1-model_v4	AF-A0A5F2D6X8-F1-model_v4 Uncharacterized protein	1.052E-07	1.000	405	2	123	132	3	124	125	122	0.924	0.976
LOKIASV2_3324_ESMFold_hypothetical_protein	AF-A0A5C7MJL7-F1-model_v4	AF-A0A5C7MJL7-F1-model_v4 Uncharacterized protein	5.380E-08	1.000	401	1	132	132	1	130	142	133	1.000	0.915
LOKIASV2_3324_ESMFold_hypothetical_protein	AF-A0A328RBG6-F1-model_v4	AF-A0A328RBG6-F1-model_v4 Uncharacterized protein	2.056E-07	1.000	392	1	123	132	1	123	125	123	0.932	0.984
LOKIASV2_3324_ESMFold_hypothetical_protein	AF-A0A7Y4YLZ3-F1-model_v4	AF-A0A7Y4YLZ3-F1-model_v4 Uncharacterized protein	2.279E-07	1.000	390	2	124	132	5	127	128	123	0.932	0.961
LOKIASV2_3324_ESMFold_hypothetical_protein	AF-A0A7V0X0S1-F1-model_v4	AF-A0A7V0X0S1-F1-model_v4 Uncharacterized protein	6.730E-07	1.000	356	10	121	132	2	114	121	113	0.848	0.934
LOKIASV2_3324_ESMFold_hypothetical_protein	AF-A0A7Y5T2R5-F1-model_v4	AF-A0A7Y5T2R5-F1-model_v4 Uncharacterized protein	1.316E-06	1.000	352	1	123	132	1	123	127	123	0.932	0.969
LOKIASV2_3324_ESMFold_hypothetical_protein	AF-A0A419EXM0-F1-model_v4	AF-A0A419EXM0-F1-model_v4 Uncharacterized protein	1.385E-06	1.000	352	1	126	132	4	129	132	126	0.955	0.955
LOKIASV2_3324_ESMFold_hypothetical_protein	AF-A0A353XAN4-F1-model_v4	AF-A0A353XAN4-F1-model_v4 Uncharacterized protein	3.566E-05	1.000	280	19	123	132	4	108	109	105	0.795	0.963
LOKIASV2_3324_ESMFold_hypothetical_protein	AF-L7UB14-F1-model_v4	AF-L7UB14-F1-model_v4 Uncharacterized protein	2.282E-04	1.000	231	2	132	132	7	145	149	140	0.992	0.933
LOKIASV2_3324_ESMFold_hypothetical_protein	AF-A0A829P502-F1-model_v4	AF-A0A829P502-F1-model_v4 Uncharacterized protein	1.072E-03	1.000	228	1	126	132	3	125	151	126	0.955	0.815
LOKIASV2_3324_ESMFold_hypothetical_protein	AF-A0A2V9YK83-F1-model_v4	AF-A0A2V9YK83-F1-model_v4 Uncharacterized protein	5.483E-04	1.000	216	3	123	132	8	136	150	130	0.917	0.860
LOKIASV2_3324_ESMFold_hypothetical_protein	AF-A0A533X3Z6-F1-model_v4	AF-A0A533X3Z6-F1-model_v4 Uncharacterized protein	5.208E-04	1.000	212	2	123	132	7	137	153	131	0.924	0.856
LOKIASV2_3324_ESMFold_hypothetical_protein	AF-A0A2N9N0W8-F1-model_v4	AF-A0A2N9N0W8-F1-model_v4 Uncharacterized protein	1.619E-03	1.000	205	1	123	132	6	137	141	132	0.932	0.936
LOKIASV2_3324_ESMFold_hypothetical_protein	AF-A0A7V2MGY8-F1-model_v4	AF-A0A7V2MGY8-F1-model_v4 Uncharacterized protein	1.990E-03	1.000	199	2	123	132	7	137	143	131	0.924	0.916
LOKIASV2_3324_ESMFold_hypothetical_protein	AF-A0A832IMG9-F1-model_v4	AF-A0A832IMG9-F1-model_v4 Uncharacterized protein	4.781E-03	1.000	193	1	129	132	8	148	148	141	0.977	0.953
LOKIASV2_3324_ESMFold_hypothetical_protein	AF-A0A1F2TM81-F1-model_v4	AF-A0A1F2TM81-F1-model_v4 Uncharacterized protein	1.795E-03	1.000	192	1	123	132	6	136	143	132	0.932	0.916
LOKIASV2_3324_ESMFold_hypothetical_protein	AF-A0A1F2UUV1-F1-model_v4	AF-A0A1F2UUV1-F1-model_v4 Uncharacterized protein	5.034E-03	1.000	188	2	124	132	7	137	140	132	0.932	0.936
LOKIASV2_3324_ESMFold_hypothetical_protein	AF-A0A2A4MHU9-F1-model_v4	AF-A0A2A4MHU9-F1-model_v4 Uncharacterized protein	2.095E-03	1.000	188	1	129	132	1	140	141	141	0.977	0.993
LOKIASV2_3324_ESMFold_hypothetical_protein	AF-A0A7Y8I0V4-F1-model_v4	AF-A0A7Y8I0V4-F1-model_v4 Uncharacterized protein	9.346E-03	1.000	182	2	123	132	7	137	142	131	0.924	0.923
LOKIASV2_3324_ESMFold_hypothetical_protein	AF-A0A0U3AN79-F1-model_v4	AF-A0A0U3AN79-F1-model_v4 5TMR of 5TMR-LYT	3.333E-03	1.000	182	2	132	132	7	142	144	136	0.992	0.944
LOKIASV2_3324_ESMFold_hypothetical_protein	AF-A0A838T3A0-F1-model_v4	AF-A0A838T3A0-F1-model_v4 Uncharacterized protein	5.034E-03	1.000	182	1	127	132	13	144	146	132	0.962	0.904
LOKIASV2_3324_ESMFold_hypothetical_protein	AF-A0A2V4U8W0-F1-model_v4	AF-A0A2V4U8W0-F1-model_v4 Uncharacterized protein	5.581E-03	1.000	181	1	128	132	7	143	143	137	0.970	0.958
LOKIASV2_3324_ESMFold_hypothetical_protein	AF-A0A350UR91-F1-model_v4	AF-A0A350UR91-F1-model_v4 Uncharacterized protein	5.034E-03	1.000	174	1	124	132	6	137	140	133	0.939	0.943
LOKIASV2_3324_ESMFold_hypothetical_protein	AF-A0A1F6CHM9-F1-model_v4	AF-A0A1F6CHM9-F1-model_v4 Uncharacterized protein	4.781E-03	1.000	174	2	123	132	7	136	143	131	0.924	0.909
LOKIASV2_3324_ESMFold_hypothetical_protein	AF-A3YES5-F1-model_v4	AF-A3YES5-F1-model_v4 Uncharacterized protein	1.487E-02	1.000	173	1	128	132	17	153	153	140	0.970	0.895
LOKIASV2_3324_ESMFold_hypothetical_protein	AF-A0A0F4QV79-F1-model_v4	AF-A0A0F4QV79-F1-model_v4 Uncharacterized protein	1.412E-02	1.000	169	1	128	132	7	143	143	137	0.970	0.958
LOKIASV2_3324_ESMFold_hypothetical_protein	AF-A0A2V9KAQ4-F1-model_v4	AF-A0A2V9KAQ4-F1-model_v4 Uncharacterized protein	5.876E-03	1.000	168	3	123	132	8	136	146	130	0.917	0.884
LOKIASV2_3324_ESMFold_hypothetical_protein	AF-A0A0W8FKL7-F1-model_v4	AF-A0A0W8FKL7-F1-model_v4 Uncharacterized protein	8.431E-03	1.000	167	40	129	132	1	86	88	90	0.682	0.977
LOKIASV2_3324_ESMFold_hypothetical_protein	AF-A0A7Y4X997-F1-model_v4	AF-A0A7Y4X997-F1-model_v4 Uncharacterized protein	8.431E-03	1.000	166	2	123	132	7	136	140	131	0.924	0.929
LOKIASV2_3324_ESMFold_hypothetical_protein	AF-A0A7T4R0L3-F1-model_v4	AF-A0A7T4R0L3-F1-model_v4 Uncharacterized protein	1.735E-02	1.000	162	1	127	132	6	141	148	137	0.962	0.919
LOKIASV2_3324_ESMFold_hypothetical_protein	AF-A0A177N898-F1-model_v4	AF-A0A177N898-F1-model_v4 Uncharacterized protein	1.565E-02	1.000	161	1	127	132	3	137	142	136	0.962	0.951
LOKIASV2_3324_ESMFold_hypothetical_protein	AF-A0A418W8P3-F1-model_v4	AF-A0A418W8P3-F1-model_v4 Uncharacterized protein	2.246E-02	1.000	158	2	127	132	17	151	156	136	0.955	0.865
LOKIASV2_3324_ESMFold_hypothetical_protein	AF-A0A1W9HRQ2-F1-model_v4	AF-A0A1W9HRQ2-F1-model_v4 Uncharacterized protein	1.924E-02	1.000	157	1	128	132	3	139	139	138	0.970	0.986
LOKIASV2_3324_ESMFold_hypothetical_protein	AF-A0A2V7WL74-F1-model_v4	AF-A0A2V7WL74-F1-model_v4 Uncharacterized protein	2.364E-02	1.000	151	2	123	132	7	137	144	131	0.924	0.910
LOKIASV2_3324_ESMFold_hypothetical_protein	AF-A0A1G0LS97-F1-model_v4	AF-A0A1G0LS97-F1-model_v4 Uncharacterized protein	1.924E-02	1.000	151	2	123	132	7	136	148	131	0.924	0.878
LOKIASV2_3324_ESMFold_hypothetical_protein	AF-A0A3A0GA16-F1-model_v4	AF-A0A3A0GA16-F1-model_v4 Uncharacterized protein	2.621E-02	1.000	149	1	124	132	6	137	139	132	0.939	0.950
LOKIASV2_3324_ESMFold_hypothetical_protein	AF-A0A2N9MGC9-F1-model_v4	AF-A0A2N9MGC9-F1-model_v4 Uncharacterized protein	6.859E-03	1.000	147	2	132	132	7	142	147	140	0.992	0.925
LOKIASV2_3324_ESMFold_hypothetical_protein	AF-A0A7C2XCU4-F1-model_v4	AF-A0A7C2XCU4-F1-model_v4 Uncharacterized protein	6.298E-02	1.000	130	2	123	132	7	139	142	133	0.924	0.937
LOKIASV2_3324_ESMFold_hypothetical_protein	AF-A0A7W1C0Z5-F1-model_v4	AF-A0A7W1C0Z5-F1-model_v4 Uncharacterized protein	9.513E-02	1.000	128	2	123	132	7	132	144	127	0.924	0.875
LOKIASV2_3324_ESMFold_hypothetical_protein	AF-A0A848XAY7-F1-model_v4	AF-A0A848XAY7-F1-model_v4 Uncharacterized protein	3.635E-01	1.000	121	1	132	132	1	139	143	139	1.000	0.972
LOKIASV2_3324_ESMFold_hypothetical_protein	AF-A0A1G0XH45-F1-model_v4	AF-A0A1G0XH45-F1-model_v4 Uncharacterized protein	1.365E-01	1.000	117	1	131	132	3	135	135	137	0.992	0.985
LOKIASV2_3324_ESMFold_hypothetical_protein	AF-A0A328RSQ0-F1-model_v4	AF-A0A328RSQ0-F1-model_v4 DUF2177 domain-containing protein	2.171E-01	1.000	114	1	124	132	1	129	131	130	0.939	0.985
LOKIASV2_3324_ESMFold_hypothetical_protein	AF-A0A7Y2YNU9-F1-model_v4	AF-A0A7Y2YNU9-F1-model_v4 Uncharacterized protein	2.534E-01	1.000	113	1	128	132	3	130	130	139	0.970	0.985
LOKIASV2_3324_ESMFold_hypothetical_protein	AF-A0A1P8F8J1-F1-model_v4	AF-A0A1P8F8J1-F1-model_v4 Putative membrane protein	4.030E-01	1.000	109	1	128	132	3	135	135	134	0.970	0.985
LOKIASV2_3324_ESMFold_hypothetical_protein	AF-A0A2V7QVZ9-F1-model_v4	AF-A0A2V7QVZ9-F1-model_v4 Uncharacterized protein	2.534E-01	1.000	109	5	127	132	6	137	147	133	0.932	0.898
LOKIASV2_3324_ESMFold_hypothetical_protein	AF-A0A075GML3-F1-model_v4	AF-A0A075GML3-F1-model_v4 Uncharacterized protein	3.114E-01	1.000	108	2	127	132	13	143	149	135	0.955	0.879
LOKIASV2_3324_ESMFold_hypothetical_protein	AF-A0A2N2LKU1-F1-model_v4	AF-A0A2N2LKU1-F1-model_v4 Uncharacterized protein	3.279E-01	1.000	104	5	120	132	10	131	135	126	0.879	0.904
LOKIASV2_3324_ESMFold_hypothetical_protein	AF-A0A2Z2P0K6-F1-model_v4	AF-A0A2Z2P0K6-F1-model_v4 Uncharacterized protein	2.407E-01	1.000	103	1	122	132	1	131	133	133	0.924	0.985
LOKIASV2_3324_ESMFold_hypothetical_protein	AF-K6YZT7-F1-model_v4	AF-K6YZT7-F1-model_v4 Uncharacterized protein	6.749E-01	1.000	103	1	132	132	1	136	136	137	1.000	1.000
LOKIASV2_3324_ESMFold_hypothetical_protein	AF-A0A2A4Q1L7-F1-model_v4	AF-A0A2A4Q1L7-F1-model_v4 Uncharacterized protein	1.677E-01	1.000	103	5	127	132	10	134	137	132	0.932	0.912
LOKIASV2_3324_ESMFold_hypothetical_protein	AF-A0A2D7GUT3-F1-model_v4	AF-A0A2D7GUT3-F1-model_v4 DUF2177 domain-containing protein	4.030E-01	1.000	103	2	127	132	9	139	142	133	0.955	0.923
LOKIASV2_3324_ESMFold_hypothetical_protein	AF-A0A7V9WS24-F1-model_v4	AF-A0A7V9WS24-F1-model_v4 DUF1761 domain-containing protein	2.668E-01	1.000	102	4	126	132	2	124	125	132	0.932	0.984
LOKIASV2_3324_ESMFold_hypothetical_protein	AF-A0A0Q8S1S3-F1-model_v4	AF-A0A0Q8S1S3-F1-model_v4 Uncharacterized protein	2.171E-01	1.000	102	3	128	132	8	134	134	134	0.955	0.948
LOKIASV2_3324_ESMFold_hypothetical_protein	AF-A0A6M1T4P1-F1-model_v4	AF-A0A6M1T4P1-F1-model_v4 DUF1761 domain-containing protein	3.828E-01	1.000	102	5	120	132	10	131	134	125	0.879	0.910
LOKIASV2_3324_ESMFold_hypothetical_protein	AF-A0A3N1X818-F1-model_v4	AF-A0A3N1X818-F1-model_v4 Putative membrane protein	6.410E-01	1.000	102	1	129	132	7	140	140	137	0.977	0.957
LOKIASV2_3324_ESMFold_hypothetical_protein	AF-A0A5D0RZD4-F1-model_v4	AF-A0A5D0RZD4-F1-model_v4 DUF1761 domain-containing protein	1.073E+00	1.000	101	1	128	132	1	134	134	134	0.970	1.000
LOKIASV2_3324_ESMFold_hypothetical_protein	AF-A0A6S6SER9-F1-model_v4	AF-A0A6S6SER9-F1-model_v4 Uncharacterized protein	6.410E-01	1.000	100	1	125	132	1	129	131	131	0.947	0.985
LOKIASV2_3324_ESMFold_hypothetical_protein	AF-A0A1G0KQR4-F1-model_v4	AF-A0A1G0KQR4-F1-model_v4 Uncharacterized protein	3.279E-01	1.000	100	2	123	132	3	128	131	133	0.924	0.962
LOKIASV2_3324_ESMFold_hypothetical_protein	AF-A0A0W0H7J3-F1-model_v4	AF-A0A0W0H7J3-F1-model_v4 Uncharacterized protein	4.030E-01	1.000	100	1	122	132	1	131	133	131	0.924	0.985
LOKIASV2_3324_ESMFold_hypothetical_protein	AF-A0A4Q5Q7B9-F1-model_v4	AF-A0A4Q5Q7B9-F1-model_v4 DUF2177 family protein	3.114E-01	1.000	100	1	125	132	1	134	135	136	0.947	0.993
LOKIASV2_3324_ESMFold_hypothetical_protein	AF-A0A7C6Y2M1-F1-model_v4	AF-A0A7C6Y2M1-F1-model_v4 DUF2177 family protein	7.878E-01	1.000	100	1	127	132	1	132	140	133	0.962	0.943
LOKIASV2_3324_ESMFold_hypothetical_protein	AF-K6ZXC0-F1-model_v4	AF-K6ZXC0-F1-model_v4 Uncharacterized protein	6.088E-01	0.999	99	3	128	132	2	133	133	133	0.955	0.992
LOKIASV2_3324_ESMFold_hypothetical_protein	AF-Q4KGE2-F1-model_v4	AF-Q4KGE2-F1-model_v4 Uncharacterized protein	1.019E+00	0.999	99	1	129	132	1	134	140	135	0.977	0.957
LOKIASV2_3324_ESMFold_hypothetical_protein	AF-A0A1E7ZDI8-F1-model_v4	AF-A0A1E7ZDI8-F1-model_v4 Uncharacterized protein	4.243E-01	0.999	99	1	132	132	5	145	145	145	1.000	0.972
LOKIASV2_3324_ESMFold_hypothetical_protein	AF-A0A7W1SNW0-F1-model_v4	AF-A0A7W1SNW0-F1-model_v4 Uncharacterized protein	2.668E-01	0.999	99	2	126	132	24	150	159	136	0.947	0.799
LOKIASV2_3324_ESMFold_hypothetical_protein	AF-A0A1C7FY85-F1-model_v4	AF-A0A1C7FY85-F1-model_v4 Uncharacterized protein	1.389E+00	0.999	98	1	129	132	1	110	110	129	0.977	1.000
LOKIASV2_3324_ESMFold_hypothetical_protein	AF-A0A6I8LW33-F1-model_v4	AF-A0A6I8LW33-F1-model_v4 Uncharacterized protein	4.243E-01	0.999	98	5	128	132	2	121	121	126	0.939	0.992
LOKIASV2_3324_ESMFold_hypothetical_protein	AF-A0A3E0NT98-F1-model_v4	AF-A0A3E0NT98-F1-model_v4 Uncharacterized protein	5.215E-01	0.999	98	2	123	132	4	130	135	128	0.924	0.941
LOKIASV2_3324_ESMFold_hypothetical_protein	AF-A0A7T9IZB7-F1-model_v4	AF-A0A7T9IZB7-F1-model_v4 DUF2177 family protein	7.482E-01	0.999	98	1	127	132	1	132	144	132	0.962	0.917
LOKIASV2_3324_ESMFold_hypothetical_protein	AF-A0A7Z6UCC4-F1-model_v4	AF-A0A7Z6UCC4-F1-model_v4 Uncharacterized protein	5.491E-01	0.999	97	1	122	132	1	131	133	131	0.924	0.985
LOKIASV2_3324_ESMFold_hypothetical_protein	AF-A0A346NHF0-F1-model_v4	AF-A0A346NHF0-F1-model_v4 DUF2177 family protein	9.683E-01	0.999	97	1	126	132	5	134	139	134	0.955	0.935
LOKIASV2_3324_ESMFold_hypothetical_protein	AF-A0A2E7U2M7-F1-model_v4	AF-A0A2E7U2M7-F1-model_v4 Uncharacterized protein	8.734E-01	0.999	97	1	126	132	31	156	157	131	0.955	0.803
LOKIASV2_3324_ESMFold_hypothetical_protein	AF-A0A4Q9A133-F1-model_v4	AF-A0A4Q9A133-F1-model_v4 DUF2177 family protein	5.491E-01	0.999	96	1	121	132	1	130	133	131	0.917	0.977
LOKIASV2_3324_ESMFold_hypothetical_protein	AF-A0A369S8X1-F1-model_v4	AF-A0A369S8X1-F1-model_v4 Uncharacterized protein	6.410E-01	0.999	96	1	132	132	1	135	135	139	1.000	1.000
LOKIASV2_3324_ESMFold_hypothetical_protein	AF-A0A536W1B8-F1-model_v4	AF-A0A536W1B8-F1-model_v4 DUF2177 family protein	3.828E-01	0.999	96	1	127	132	1	132	136	141	0.962	0.971
LOKIASV2_3324_ESMFold_hypothetical_protein	AF-A0A5C1PYX6-F1-model_v4	AF-A0A5C1PYX6-F1-model_v4 DUF2177 family protein	4.953E-01	0.998	95	4	124	132	2	126	128	128	0.917	0.977
LOKIASV2_3324_ESMFold_hypothetical_protein	AF-A0A7L4RPQ6-F1-model_v4	AF-A0A7L4RPQ6-F1-model_v4 Uncharacterized protein	2.407E-01	0.998	94	3	128	132	2	131	131	135	0.955	0.992
LOKIASV2_3324_ESMFold_hypothetical_protein	AF-W0MRR6-F1-model_v4	AF-W0MRR6-F1-model_v4 Membrane protein	6.749E-01	0.998	94	1	122	132	1	131	133	131	0.924	0.985
LOKIASV2_3324_ESMFold_hypothetical_protein	AF-A0A553L7Z3-F1-model_v4	AF-A0A553L7Z3-F1-model_v4 DUF2177 family protein	6.410E-01	0.998	94	1	126	132	1	137	141	138	0.955	0.972
LOKIASV2_3324_ESMFold_hypothetical_protein	AF-A7HRI9-F1-model_v4	AF-A7HRI9-F1-model_v4 Putative transmembrane protein	6.410E-01	0.998	94	2	122	132	12	141	143	130	0.917	0.909
LOKIASV2_3324_ESMFold_hypothetical_protein	AF-A0A2D8U2R1-F1-model_v4	AF-A0A2D8U2R1-F1-model_v4 Uncharacterized protein	9.683E-01	0.998	93	4	128	132	2	132	132	132	0.947	0.992
LOKIASV2_3324_ESMFold_hypothetical_protein	AF-A0A0U2Z3C7-F1-model_v4	AF-A0A0U2Z3C7-F1-model_v4 Uncharacterized protein	1.319E+00	0.998	93	1	131	132	3	134	136	141	0.992	0.971
LOKIASV2_3324_ESMFold_hypothetical_protein	AF-A0A5F1YC93-F1-model_v4	AF-A0A5F1YC93-F1-model_v4 Uncharacterized protein	1.798E+00	0.998	93	1	126	132	1	131	136	134	0.955	0.963
LOKIASV2_3324_ESMFold_hypothetical_protein	AF-A0A2A4PUR8-F1-model_v4	AF-A0A2A4PUR8-F1-model_v4 Uncharacterized protein	3.279E-01	0.998	93	2	130	132	8	140	140	140	0.977	0.950
LOKIASV2_3324_ESMFold_hypothetical_protein	AF-A0A848U6F2-F1-model_v4	AF-A0A848U6F2-F1-model_v4 DUF2177 family protein	4.953E-01	0.997	92	1	122	132	1	131	133	135	0.924	0.985
LOKIASV2_3324_ESMFold_hypothetical_protein	AF-A0A7X8BLL2-F1-model_v4	AF-A0A7X8BLL2-F1-model_v4 Uncharacterized protein	1.073E+00	0.997	92	1	123	132	3	132	136	130	0.932	0.956
LOKIASV2_3324_ESMFold_hypothetical_protein	AF-A0A1H9JHC6-F1-model_v4	AF-A0A1H9JHC6-F1-model_v4 Uncharacterized protein	1.253E+00	0.997	91	2	128	132	4	130	130	135	0.962	0.977
LOKIASV2_3324_ESMFold_hypothetical_protein	AF-A0A850M1X0-F1-model_v4	AF-A0A850M1X0-F1-model_v4 Uncharacterized protein	9.683E-01	0.997	91	1	132	132	3	135	137	144	1.000	0.971
LOKIASV2_3324_ESMFold_hypothetical_protein	AF-A0A5E4JTR3-F1-model_v4	AF-A0A5E4JTR3-F1-model_v4 Uncharacterized protein	1.073E+00	0.996	90	3	127	132	8	118	122	126	0.947	0.910
LOKIASV2_3324_ESMFold_hypothetical_protein	AF-A0A844D7E2-F1-model_v4	AF-A0A844D7E2-F1-model_v4 DUF2177 family protein	1.463E+00	0.996	90	1	128	132	1	133	133	135	0.970	1.000
LOKIASV2_3324_ESMFold_hypothetical_protein	AF-A0A1Y1CMD3-F1-model_v4	AF-A0A1Y1CMD3-F1-model_v4 Uncharacterized protein	1.019E+00	0.996	90	1	123	132	3	134	135	134	0.932	0.978
LOKIASV2_3324_ESMFold_hypothetical_protein	AF-A0A1G0FZV2-F1-model_v4	AF-A0A1G0FZV2-F1-model_v4 Uncharacterized protein	5.491E-01	0.996	90	1	132	132	3	135	141	135	1.000	0.943
LOKIASV2_3324_ESMFold_hypothetical_protein	AF-G4QNQ8-F1-model_v4	AF-G4QNQ8-F1-model_v4 Uncharacterized protein	1.622E+00	0.996	90	1	126	132	4	133	147	132	0.955	0.884
LOKIASV2_3324_ESMFold_hypothetical_protein	AF-A0A5F2DSR5-F1-model_v4	AF-A0A5F2DSR5-F1-model_v4 DUF1761 family protein	1.190E+00	0.996	89	5	123	132	5	129	131	130	0.902	0.954
LOKIASV2_3324_ESMFold_hypothetical_protein	AF-A0A7V5YUK7-F1-model_v4	AF-A0A7V5YUK7-F1-model_v4 Uncharacterized protein	1.463E+00	0.996	89	3	123	132	7	131	143	129	0.917	0.874
LOKIASV2_3324_ESMFold_hypothetical_protein	AF-A0A1H3PGE0-F1-model_v4	AF-A0A1H3PGE0-F1-model_v4 Uncharacterized protein	1.019E+00	0.996	89	1	132	132	4	147	147	147	1.000	0.980
LOKIASV2_3324_ESMFold_hypothetical_protein	AF-A0A1F2QQQ8-F1-model_v4	AF-A0A1F2QQQ8-F1-model_v4 Uncharacterized protein	6.088E-01	0.996	89	3	126	132	79	206	218	130	0.939	0.587
LOKIASV2_3324_ESMFold_hypothetical_protein	AF-A0A848XNW1-F1-model_v4	AF-A0A848XNW1-F1-model_v4 DUF1761 domain-containing protein	9.683E-01	0.995	88	5	128	132	8	131	131	131	0.939	0.947
LOKIASV2_3324_ESMFold_hypothetical_protein	AF-A0A3A4UDA6-F1-model_v4	AF-A0A3A4UDA6-F1-model_v4 DUF2177 family protein	1.798E+00	0.995	88	1	126	132	1	131	132	132	0.955	0.992
LOKIASV2_3324_ESMFold_hypothetical_protein	AF-A0A5B7YIE8-F1-model_v4	AF-A0A5B7YIE8-F1-model_v4 DUF2177 family protein	2.326E+00	0.995	88	1	128	132	5	136	136	133	0.970	0.971
LOKIASV2_3324_ESMFold_hypothetical_protein	AF-A0A7X5VQ14-F1-model_v4	AF-A0A7X5VQ14-F1-model_v4 Uncharacterized protein	7.878E-01	0.995	88	2	127	132	7	136	139	133	0.955	0.935
LOKIASV2_3324_ESMFold_hypothetical_protein	AF-A0A495KMY9-F1-model_v4	AF-A0A495KMY9-F1-model_v4 Uncharacterized protein	1.540E+00	0.994	87	2	128	132	4	130	130	135	0.962	0.977
LOKIASV2_3324_ESMFold_hypothetical_protein	AF-A0A7Y5K7G9-F1-model_v4	AF-A0A7Y5K7G9-F1-model_v4 Uncharacterized protein	1.540E+00	0.994	87	1	123	132	2	129	136	130	0.932	0.941
LOKIASV2_3324_ESMFold_hypothetical_protein	AF-A0A2E9K3L1-F1-model_v4	AF-A0A2E9K3L1-F1-model_v4 Uncharacterized protein	1.019E+00	0.994	87	1	127	132	5	139	141	139	0.962	0.957
LOKIASV2_3324_ESMFold_hypothetical_protein	AF-A0A857JLI7-F1-model_v4	AF-A0A857JLI7-F1-model_v4 Uncharacterized protein	1.622E+00	0.993	86	3	124	132	2	129	131	129	0.924	0.977
LOKIASV2_3324_ESMFold_hypothetical_protein	AF-A0A2M7S579-F1-model_v4	AF-A0A2M7S579-F1-model_v4 Uncharacterized protein	9.683E-01	0.993	86	1	132	132	1	133	133	147	1.000	1.000
LOKIASV2_3324_ESMFold_hypothetical_protein	AF-A0A2N9MGE2-F1-model_v4	AF-A0A2N9MGE2-F1-model_v4 Integral membrane protein	9.196E-01	0.993	86	4	126	132	13	145	146	136	0.932	0.911
LOKIASV2_3324_ESMFold_hypothetical_protein	AF-A0A0Q0CTY0-F1-model_v4	AF-A0A0Q0CTY0-F1-model_v4 Uncharacterized protein	1.389E+00	0.993	86	2	124	132	75	207	208	133	0.932	0.639
LOKIASV2_3324_ESMFold_hypothetical_protein	AF-A0A1G3VVA1-F1-model_v4	AF-A0A1G3VVA1-F1-model_v4 Uncharacterized protein	1.190E+00	0.992	85	4	122	132	3	131	133	130	0.902	0.970
LOKIASV2_3324_ESMFold_hypothetical_protein	AF-A0A660YQM0-F1-model_v4	AF-A0A660YQM0-F1-model_v4 Uncharacterized protein	1.130E+00	0.991	84	1	127	132	1	115	123	130	0.962	0.935
LOKIASV2_3324_ESMFold_hypothetical_protein	AF-A0A254Q317-F1-model_v4	AF-A0A254Q317-F1-model_v4 Uncharacterized protein	1.993E+00	0.991	84	4	128	132	3	133	133	132	0.947	0.985
LOKIASV2_3324_ESMFold_hypothetical_protein	AF-A0A2P7TT57-F1-model_v4	AF-A0A2P7TT57-F1-model_v4 Uncharacterized protein	4.704E-01	0.991	84	1	125	132	3	132	136	135	0.947	0.956
LOKIASV2_3324_ESMFold_hypothetical_protein	AF-A0A7K3WNH9-F1-model_v4	AF-A0A7K3WNH9-F1-model_v4 Uncharacterized protein	1.190E+00	0.991	84	1	127	132	3	129	138	137	0.962	0.920
LOKIASV2_3324_ESMFold_hypothetical_protein	AF-A0A518CD50-F1-model_v4	AF-A0A518CD50-F1-model_v4 Uncharacterized protein	1.319E+00	0.991	84	1	127	132	1	132	142	136	0.962	0.930
LOKIASV2_3324_ESMFold_hypothetical_protein	AF-A0A1H1KKN6-F1-model_v4	AF-A0A1H1KKN6-F1-model_v4 Uncharacterized membrane protein	1.319E+00	0.991	84	2	124	132	26	156	157	132	0.932	0.834
LOKIASV2_3324_ESMFold_hypothetical_protein	AF-A0A8A7AU24-F1-model_v4	AF-A0A8A7AU24-F1-model_v4 Uncharacterized protein	2.449E+00	0.991	84	1	127	132	20	151	162	132	0.962	0.815
LOKIASV2_3324_ESMFold_hypothetical_protein	AF-A0A553IGQ0-F1-model_v4	AF-A0A553IGQ0-F1-model_v4 DUF2177 family protein	2.098E+00	0.991	84	1	126	132	39	169	173	132	0.955	0.757
LOKIASV2_3324_ESMFold_hypothetical_protein	AF-A0A2M8D5Y0-F1-model_v4	AF-A0A2M8D5Y0-F1-model_v4 Uncharacterized protein	1.622E+00	0.990	83	1	124	132	1	128	130	136	0.939	0.985
LOKIASV2_3324_ESMFold_hypothetical_protein	AF-A0A7T9D0V8-F1-model_v4	AF-A0A7T9D0V8-F1-model_v4 DUF2177 family protein	1.993E+00	0.990	83	1	128	132	3	132	132	133	0.970	0.985
LOKIASV2_3324_ESMFold_hypothetical_protein	AF-A0A285XB54-F1-model_v4	AF-A0A285XB54-F1-model_v4 Uncharacterized membrane protein	1.540E+00	0.990	83	1	122	132	1	131	133	132	0.924	0.985
LOKIASV2_3324_ESMFold_hypothetical_protein	AF-A0A6B1ITJ3-F1-model_v4	AF-A0A6B1ITJ3-F1-model_v4 DUF2177 family protein	2.715E+00	0.990	83	1	128	132	1	133	133	134	0.970	1.000
LOKIASV2_3324_ESMFold_hypothetical_protein	AF-A9NE56-F1-model_v4	AF-A9NE56-F1-model_v4 Conserved integral membrane protein	1.130E+00	0.990	83	1	122	132	1	131	135	133	0.924	0.970
LOKIASV2_3324_ESMFold_hypothetical_protein	AF-A0A0A0IXX6-F1-model_v4	AF-A0A0A0IXX6-F1-model_v4 Uncharacterized protein	9.683E-01	0.990	83	1	119	132	1	128	136	132	0.902	0.941
LOKIASV2_3324_ESMFold_hypothetical_protein	AF-A0A6B0W2P6-F1-model_v4	AF-A0A6B0W2P6-F1-model_v4 DUF1761 domain-containing protein	1.130E+00	0.988	82	6	128	132	9	135	135	135	0.932	0.941
LOKIASV2_3324_ESMFold_hypothetical_protein	AF-A0A1F9VSC9-F1-model_v4	AF-A0A1F9VSC9-F1-model_v4 Uncharacterized protein	2.715E+00	0.988	82	2	128	132	3	135	135	135	0.962	0.985
LOKIASV2_3324_ESMFold_hypothetical_protein	AF-A0A2E3VNR1-F1-model_v4	AF-A0A2E3VNR1-F1-model_v4 Uncharacterized protein	1.707E+00	0.988	82	5	120	132	9	128	139	124	0.879	0.863
LOKIASV2_3324_ESMFold_hypothetical_protein	AF-A0A449BJX4-F1-model_v4	AF-A0A449BJX4-F1-model_v4 Predicted membrane protein	1.540E+00	0.988	82	1	119	132	1	128	156	129	0.902	0.821
LOKIASV2_3324_ESMFold_hypothetical_protein	AF-A0A6N9AN32-F1-model_v4	AF-A0A6N9AN32-F1-model_v4 DUF1761 domain-containing protein	7.482E-01	0.988	82	6	128	132	43	167	167	133	0.932	0.749
LOKIASV2_3324_ESMFold_hypothetical_protein	AF-A0A7Y2CIZ4-F1-model_v4	AF-A0A7Y2CIZ4-F1-model_v4 Uncharacterized protein	1.993E+00	0.986	81	2	119	132	4	127	133	130	0.894	0.932
LOKIASV2_3324_ESMFold_hypothetical_protein	AF-A0A1F6GUH1-F1-model_v4	AF-A0A1F6GUH1-F1-model_v4 Uncharacterized protein	2.098E+00	0.986	81	2	131	132	4	135	140	140	0.985	0.943
LOKIASV2_3324_ESMFold_hypothetical_protein	AF-A0A2G1QHP6-F1-model_v4	AF-A0A2G1QHP6-F1-model_v4 Uncharacterized protein	1.798E+00	0.986	81	3	123	132	61	190	197	130	0.917	0.660
LOKIASV2_3324_ESMFold_hypothetical_protein	AF-A0A1M6IAT5-F1-model_v4	AF-A0A1M6IAT5-F1-model_v4 Uncharacterized membrane protein	1.707E+00	0.984	80	1	123	132	3	134	135	133	0.932	0.978
LOKIASV2_3324_ESMFold_hypothetical_protein	AF-K6Z043-F1-model_v4	AF-K6Z043-F1-model_v4 Uncharacterized protein	2.859E+00	0.984	80	1	127	132	1	132	141	134	0.962	0.936
LOKIASV2_3324_ESMFold_hypothetical_protein	AF-A0A1E3GA14-F1-model_v4	AF-A0A1E3GA14-F1-model_v4 Uncharacterized protein	1.073E+00	0.981	79	1	124	132	3	126	131	133	0.939	0.947
LOKIASV2_3324_ESMFold_hypothetical_protein	AF-A0A2H0PAJ5-F1-model_v4	AF-A0A2H0PAJ5-F1-model_v4 Uncharacterized protein	1.798E+00	0.981	79	3	126	132	108	237	238	133	0.939	0.546
LOKIASV2_3324_ESMFold_hypothetical_protein	AF-A0A202E1Q6-F1-model_v4	AF-A0A202E1Q6-F1-model_v4 Uncharacterized protein	1.130E+00	0.978	78	1	129	132	1	129	129	137	0.977	1.000
LOKIASV2_3324_ESMFold_hypothetical_protein	AF-C8X1Q9-F1-model_v4	AF-C8X1Q9-F1-model_v4 Uncharacterized protein	2.579E+00	0.978	78	1	128	132	3	135	135	136	0.970	0.985
LOKIASV2_3324_ESMFold_hypothetical_protein	AF-A0A1B1NCH9-F1-model_v4	AF-A0A1B1NCH9-F1-model_v4 Uncharacterized protein	1.019E+00	0.978	78	4	126	132	14	143	146	138	0.932	0.890
LOKIASV2_3324_ESMFold_hypothetical_protein	AF-H8Z1F4-F1-model_v4	AF-H8Z1F4-F1-model_v4 Putative membrane protein	2.579E+00	0.978	78	1	126	132	3	137	154	136	0.955	0.877
LOKIASV2_3324_ESMFold_hypothetical_protein	AF-A0A098R3U5-F1-model_v4	AF-A0A098R3U5-F1-model_v4 Uncharacterized protein	2.449E+00	0.975	77	3	127	132	7	131	142	136	0.947	0.880
LOKIASV2_3324_ESMFold_hypothetical_protein	AF-A0A317PPF5-F1-model_v4	AF-A0A317PPF5-F1-model_v4 Putative membrane protein	1.993E+00	0.971	76	1	120	132	3	131	135	129	0.909	0.956
LOKIASV2_3324_ESMFold_hypothetical_protein	AF-A0A7Y4XC92-F1-model_v4	AF-A0A7Y4XC92-F1-model_v4 Uncharacterized protein	1.540E+00	0.971	76	3	123	132	2	129	136	130	0.917	0.941
LOKIASV2_3324_ESMFold_hypothetical_protein	AF-A0A7C6MGL8-F1-model_v4	AF-A0A7C6MGL8-F1-model_v4 DUF2177 family protein	2.859E+00	0.971	76	2	130	132	4	134	139	135	0.977	0.942
LOKIASV2_3324_ESMFold_hypothetical_protein	AF-A0A2A9EN27-F1-model_v4	AF-A0A2A9EN27-F1-model_v4 Uncharacterized protein	1.073E+00	0.971	76	1	131	132	1	149	154	153	0.992	0.968
LOKIASV2_3324_ESMFold_hypothetical_protein	AF-A0A545TL41-F1-model_v4	AF-A0A545TL41-F1-model_v4 DUF2177 family protein	2.715E+00	0.971	76	2	124	132	33	168	169	137	0.932	0.805
LOKIASV2_3324_ESMFold_hypothetical_protein	AF-A0A2E3ZKL7-F1-model_v4	AF-A0A2E3ZKL7-F1-model_v4 Uncharacterized protein	1.622E+00	0.967	75	2	121	132	4	129	132	130	0.909	0.955
LOKIASV2_3324_ESMFold_hypothetical_protein	AF-A0A3N0ZRU4-F1-model_v4	AF-A0A3N0ZRU4-F1-model_v4 Uncharacterized protein	3.170E+00	0.967	75	2	123	132	3	128	133	130	0.924	0.947
LOKIASV2_3324_ESMFold_hypothetical_protein	AF-A0A2D4SC87-F1-model_v4	AF-A0A2D4SC87-F1-model_v4 Uncharacterized protein	2.098E+00	0.967	75	1	123	132	1	127	135	133	0.932	0.941
LOKIASV2_3324_ESMFold_hypothetical_protein	AF-A0A7Y5BAD6-F1-model_v4	AF-A0A7Y5BAD6-F1-model_v4 Uncharacterized protein	3.514E+00	0.967	75	1	132	132	2	138	138	137	1.000	0.993
LOKIASV2_3324_ESMFold_hypothetical_protein	AF-A0A0L8IZY6-F1-model_v4	AF-A0A0L8IZY6-F1-model_v4 Uncharacterized protein	3.010E+00	0.967	75	2	122	132	21	151	153	131	0.917	0.856
LOKIASV2_3324_ESMFold_hypothetical_protein	AF-A0A644W7J7-F1-model_v4	AF-A0A644W7J7-F1-model_v4 Uncharacterized protein	4.102E+00	0.961	74	4	128	132	3	108	108	125	0.947	0.981
LOKIASV2_3324_ESMFold_hypothetical_protein	AF-A0A2E1BFV2-F1-model_v4	AF-A0A2E1BFV2-F1-model_v4 Uncharacterized protein	1.622E+00	0.961	74	2	128	132	7	133	133	136	0.962	0.955
LOKIASV2_3324_ESMFold_hypothetical_protein	AF-A0A1F6DYY4-F1-model_v4	AF-A0A1F6DYY4-F1-model_v4 Uncharacterized protein	3.170E+00	0.956	73	1	123	132	3	131	133	139	0.932	0.970
LOKIASV2_3324_ESMFold_hypothetical_protein	AF-A0A177KSS0-F1-model_v4	AF-A0A177KSS0-F1-model_v4 Uncharacterized protein	1.622E+00	0.956	73	2	126	132	15	137	139	130	0.947	0.885
LOKIASV2_3324_ESMFold_hypothetical_protein	AF-A0A3N4Z203-F1-model_v4	AF-A0A3N4Z203-F1-model_v4 Uncharacterized protein	3.700E+00	0.956	73	1	129	132	1	142	156	147	0.977	0.910
LOKIASV2_3324_ESMFold_hypothetical_protein	AF-A0A7J5UIU9-F1-model_v4	AF-A0A7J5UIU9-F1-model_v4 Uncharacterized protein	1.893E+00	0.956	73	3	126	132	11	141	160	140	0.939	0.819
LOKIASV2_3324_ESMFold_hypothetical_protein	AF-A0A7V3G727-F1-model_v4	AF-A0A7V3G727-F1-model_v4 DUF2177 family protein	2.209E+00	0.949	72	4	127	132	2	128	132	133	0.939	0.962
LOKIASV2_3324_ESMFold_hypothetical_protein	AF-A0A2D5QS44-F1-model_v4	AF-A0A2D5QS44-F1-model_v4 Uncharacterized protein	2.859E+00	0.941	71	1	128	132	1	133	133	139	0.970	1.000
LOKIASV2_3324_ESMFold_hypothetical_protein	AF-A0A0L0LPX9-F1-model_v4	AF-A0A0L0LPX9-F1-model_v4 Uncharacterized protein	3.700E+00	0.941	71	3	120	132	5	124	134	124	0.894	0.896
LOKIASV2_3324_ESMFold_hypothetical_protein	AF-A0A0C1YJZ4-F1-model_v4	AF-A0A0C1YJZ4-F1-model_v4 Uncharacterized protein	3.010E+00	0.933	70	3	122	132	5	129	131	129	0.909	0.954
LOKIASV2_3324_ESMFold_hypothetical_protein	AF-A0A3M0CTS0-F1-model_v4	AF-A0A3M0CTS0-F1-model_v4 Putative membrane protein	2.859E+00	0.933	70	1	120	132	1	134	139	137	0.909	0.964
LOKIASV2_3324_ESMFold_hypothetical_protein	AF-A0A7V5KPW9-F1-model_v4	AF-A0A7V5KPW9-F1-model_v4 Uncharacterized protein	1.463E+00	0.933	70	1	132	132	7	142	149	142	1.000	0.913
LOKIASV2_3324_ESMFold_hypothetical_protein	AF-A0A5B8XDF5-F1-model_v4	AF-A0A5B8XDF5-F1-model_v4 Uncharacterized protein	2.449E+00	0.923	69	1	132	132	3	134	134	143	1.000	0.985
LOKIASV2_3324_ESMFold_hypothetical_protein	AF-A0A7V6SI55-F1-model_v4	AF-A0A7V6SI55-F1-model_v4 DUF2177 family protein	4.548E+00	0.923	69	4	132	132	10	152	155	143	0.977	0.923
LOKIASV2_3324_ESMFold_hypothetical_protein	AF-A0A6C0I618-F1-model_v4	AF-A0A6C0I618-F1-model_v4 Uncharacterized protein	8.019E+00	0.912	68	2	124	132	5	126	127	125	0.932	0.961
LOKIASV2_3324_ESMFold_hypothetical_protein	AF-A0A7T9HJU3-F1-model_v4	AF-A0A7T9HJU3-F1-model_v4 Uncharacterized protein	4.319E+00	0.912	68	2	120	132	4	126	133	125	0.902	0.925
LOKIASV2_3324_ESMFold_hypothetical_protein	AF-A0A2E3G783-F1-model_v4	AF-A0A2E3G783-F1-model_v4 Uncharacterized protein	5.589E+00	0.912	68	1	126	132	1	131	135	134	0.955	0.970
LOKIASV2_3324_ESMFold_hypothetical_protein	AF-A0A3M1AQF4-F1-model_v4	AF-A0A3M1AQF4-F1-model_v4 Uncharacterized protein	2.209E+00	0.912	68	2	124	132	4	126	135	135	0.932	0.911
LOKIASV2_3324_ESMFold_hypothetical_protein	AF-N0DXM0-F1-model_v4	AF-N0DXM0-F1-model_v4 Integral membrane protein (Modular protein)	5.042E+00	0.912	68	2	124	132	20	149	159	131	0.932	0.818
LOKIASV2_3324_ESMFold_hypothetical_protein	AF-A0A848DQ59-F1-model_v4	AF-A0A848DQ59-F1-model_v4 Uncharacterized protein	1.622E+00	0.900	67	5	132	132	3	152	156	153	0.970	0.962
LOKIASV2_3324_ESMFold_hypothetical_protein	AF-A0A2N3AEA6-F1-model_v4	AF-A0A2N3AEA6-F1-model_v4 Uncharacterized protein	4.788E+00	0.872	65	1	126	132	10	112	115	126	0.955	0.896
LOKIASV2_3324_ESMFold_hypothetical_protein	AF-A0A845DLX1-F1-model_v4	AF-A0A845DLX1-F1-model_v4 DUF1761 domain-containing protein	2.715E+00	0.872	65	6	125	132	15	134	136	128	0.909	0.882
LOKIASV2_3324_ESMFold_hypothetical_protein	AF-A0A1E7HRC6-F1-model_v4	AF-A0A1E7HRC6-F1-model_v4 Uncharacterized protein	1.463E+00	0.872	65	2	127	132	9	148	168	144	0.955	0.833
LOKIASV2_3324_ESMFold_hypothetical_protein	AF-A0A653NJ33-F1-model_v4	AF-A0A653NJ33-F1-model_v4 Group-specific protein	1.798E+00	0.855	64	1	126	132	1	126	127	141	0.955	0.992
LOKIASV2_3324_ESMFold_hypothetical_protein	AF-A0A8A7CR80-F1-model_v4	AF-A0A8A7CR80-F1-model_v4 DUF2177 family protein	7.233E+00	0.855	64	2	128	132	4	131	131	133	0.962	0.977
LOKIASV2_3324_ESMFold_hypothetical_protein	AF-A0A0W0GG62-F1-model_v4	AF-A0A0W0GG62-F1-model_v4 Putative membrane protein	5.589E+00	0.855	64	4	127	132	9	134	136	130	0.939	0.926
LOKIASV2_3324_ESMFold_hypothetical_protein	AF-A0A1F2Q8U0-F1-model_v4	AF-A0A1F2Q8U0-F1-model_v4 Uncharacterized protein	4.788E+00	0.837	63	6	123	132	4	133	135	132	0.894	0.963
LOKIASV2_3324_ESMFold_hypothetical_protein	AF-A0A0S8H7Y3-F1-model_v4	AF-A0A0S8H7Y3-F1-model_v4 Uncharacterized protein	6.869E+00	0.817	62	1	131	132	1	114	121	132	0.992	0.942
LOKIASV2_3324_ESMFold_hypothetical_protein	AF-W7D8N7-F1-model_v4	AF-W7D8N7-F1-model_v4 Uncharacterized protein	5.885E+00	0.817	62	1	121	132	1	129	133	133	0.917	0.970
LOKIASV2_3324_ESMFold_hypothetical_protein	AF-A0A2T1DPA2-F1-model_v4	AF-A0A2T1DPA2-F1-model_v4 Uncharacterized protein	6.524E+00	0.817	62	3	126	132	12	142	150	133	0.939	0.873
LOKIASV2_3324_ESMFold_hypothetical_protein	AF-A0A3C1Y6T2-F1-model_v4	AF-A0A3C1Y6T2-F1-model_v4 Cell envelope integrity protein CreD	2.326E+00	0.817	62	2	126	132	72	195	212	137	0.947	0.585
LOKIASV2_3324_ESMFold_hypothetical_protein	AF-A0A1Q6Z7C3-F1-model_v4	AF-A0A1Q6Z7C3-F1-model_v4 Uncharacterized protein	2.715E+00	0.817	62	2	132	132	181	328	346	154	0.992	0.428
LOKIASV2_3324_ESMFold_hypothetical_protein	AF-A0A2G6DGV5-F1-model_v4	AF-A0A2G6DGV5-F1-model_v4 Uncharacterized protein	4.102E+00	0.817	62	4	127	132	310	424	451	126	0.939	0.255
LOKIASV2_3324_ESMFold_hypothetical_protein	AF-A0A1W9SGJ3-F1-model_v4	AF-A0A1W9SGJ3-F1-model_v4 Uncharacterized protein	5.308E+00	0.795	61	1	120	132	3	107	119	120	0.909	0.882
LOKIASV2_3324_ESMFold_hypothetical_protein	AF-A0A6C0KWP3-F1-model_v4	AF-A0A6C0KWP3-F1-model_v4 Uncharacterized protein	9.360E+00	0.795	61	8	128	132	10	131	131	125	0.917	0.931
LOKIASV2_3324_ESMFold_hypothetical_protein	AF-A0A372IX28-F1-model_v4	AF-A0A372IX28-F1-model_v4 Uncharacterized protein	1.540E+00	0.795	61	1	132	132	1	145	150	151	1.000	0.967
LOKIASV2_3324_ESMFold_hypothetical_protein	AF-A0A1N6GCN1-F1-model_v4	AF-A0A1N6GCN1-F1-model_v4 Uncharacterized protein	2.449E+00	0.795	61	1	132	132	59	170	170	136	1.000	0.659
LOKIASV2_3324_ESMFold_hypothetical_protein	AF-I0BNU4-F1-model_v4	AF-I0BNU4-F1-model_v4 Uncharacterized protein	6.196E+00	0.795	61	48	125	132	201	282	287	83	0.591	0.286
LOKIASV2_3324_ESMFold_hypothetical_protein	AF-A0A7Y2C1B5-F1-model_v4	AF-A0A7Y2C1B5-F1-model_v4 Cell envelope integrity protein CreD	2.326E+00	0.795	61	2	131	132	147	257	294	130	0.985	0.378
LOKIASV2_3324_ESMFold_hypothetical_protein	AF-A0A5C9CUR6-F1-model_v4	AF-A0A5C9CUR6-F1-model_v4 Putative colanic acid biosysnthesis UDP-glucose lipid carrier transferase	3.170E+00	0.795	61	3	119	132	12	126	451	126	0.886	0.255
LOKIASV2_3324_ESMFold_hypothetical_protein	AF-A0A833HBU8-F1-model_v4	AF-A0A833HBU8-F1-model_v4 Uncharacterized protein	5.308E+00	0.747	59	1	130	132	1	134	134	148	0.985	1.000
LOKIASV2_3324_ESMFold_hypothetical_protein	AF-A0A2V2F6C8-F1-model_v4	AF-A0A2V2F6C8-F1-model_v4 Uncharacterized protein	5.589E+00	0.747	59	6	127	132	12	134	145	132	0.924	0.848
LOKIASV2_3324_ESMFold_hypothetical_protein	AF-A0A554LUM1-F1-model_v4	AF-A0A554LUM1-F1-model_v4 UDP-phosphate glucose phosphotransferase	4.319E+00	0.747	59	4	127	132	6	139	467	139	0.939	0.287
LOKIASV2_3324_ESMFold_hypothetical_protein	AF-A0A2V7MB80-F1-model_v4	AF-A0A2V7MB80-F1-model_v4 Uncharacterized protein	8.890E+00	0.720	58	1	128	132	3	127	127	138	0.970	0.984
LOKIASV2_3324_ESMFold_hypothetical_protein	AF-A0A2G6CQ00-F1-model_v4	AF-A0A2G6CQ00-F1-model_v4 Uncharacterized protein	2.209E+00	0.720	58	1	132	132	7	131	132	136	1.000	0.947
LOKIASV2_3324_ESMFold_hypothetical_protein	AF-A0A2A8CZU4-F1-model_v4	AF-A0A2A8CZU4-F1-model_v4 Uncharacterized protein	7.616E+00	0.720	58	2	124	132	35	170	183	139	0.932	0.743
LOKIASV2_3324_ESMFold_hypothetical_protein	AF-A0A377R4K8-F1-model_v4	AF-A0A377R4K8-F1-model_v4 Inner membrane protein CreD	8.019E+00	0.720	58	4	127	132	45	157	207	124	0.939	0.546
LOKIASV2_3324_ESMFold_hypothetical_protein	AF-A0A1G6HE31-F1-model_v4	AF-A0A1G6HE31-F1-model_v4 Inner membrane protein	5.308E+00	0.720	58	4	124	132	316	422	463	122	0.917	0.231
LOKIASV2_3324_ESMFold_hypothetical_protein	AF-A0A6P2AUW4-F1-model_v4	AF-A0A6P2AUW4-F1-model_v4 Uncharacterized protein	8.890E+00	0.692	57	2	127	132	8	129	168	136	0.955	0.726
LOKIASV2_3324_ESMFold_hypothetical_protein	AF-A0A4V6ALH1-F1-model_v4	AF-A0A4V6ALH1-F1-model_v4 Uncharacterized protein	1.190E+00	0.692	57	2	126	132	57	166	169	128	0.947	0.651
LOKIASV2_3324_ESMFold_hypothetical_protein	AF-A0A7W9XP83-F1-model_v4	AF-A0A7W9XP83-F1-model_v4 Inner membrane protein involved in colicin E2 resistance	9.360E+00	0.692	57	2	119	132	41	148	181	118	0.894	0.597
LOKIASV2_3324_ESMFold_hypothetical_protein	AF-A0A4P5QRQ7-F1-model_v4	AF-A0A4P5QRQ7-F1-model_v4 Guanylate cyclase domain-containing protein	4.102E+00	0.692	57	1	131	132	1	123	417	136	0.992	0.295
LOKIASV2_3324_ESMFold_hypothetical_protein	AF-A0A7V2S7S2-F1-model_v4	AF-A0A7V2S7S2-F1-model_v4 Cell envelope integrity protein CreD	5.589E+00	0.663	56	3	127	132	282	405	423	134	0.947	0.293
LOKIASV2_3324_ESMFold_hypothetical_protein	AF-A0A150I021-F1-model_v4	AF-A0A150I021-F1-model_v4 Inner membrane protein CreD	5.308E+00	0.663	56	4	127	132	319	440	459	133	0.939	0.266
LOKIASV2_3324_ESMFold_hypothetical_protein	AF-A0A1H5EKU5-F1-model_v4	AF-A0A1H5EKU5-F1-model_v4 Undecaprenyl-phosphate glucose phosphotransferase	3.170E+00	0.663	56	3	125	132	12	138	468	139	0.932	0.271
LOKIASV2_3324_ESMFold_hypothetical_protein	AF-A0A3D4CJ33-F1-model_v4	AF-A0A3D4CJ33-F1-model_v4 Cell envelope integrity protein CreD	4.319E+00	0.632	55	2	131	132	206	316	348	130	0.985	0.319
LOKIASV2_3324_ESMFold_hypothetical_protein	AF-A0A388TAH8-F1-model_v4	AF-A0A388TAH8-F1-model_v4 Putative inner membrane protein CreD	5.885E+00	0.632	55	4	124	132	276	381	414	125	0.917	0.256
LOKIASV2_3324_ESMFold_hypothetical_protein	AF-A0A2K9A1C0-F1-model_v4	AF-A0A2K9A1C0-F1-model_v4 Uncharacterized protein	4.102E+00	0.601	54	1	122	132	1	109	112	130	0.924	0.973
LOKIASV2_3324_ESMFold_hypothetical_protein	AF-A0A6C0KA50-F1-model_v4	AF-A0A6C0KA50-F1-model_v4 Uncharacterized protein	3.514E+00	0.601	54	3	127	132	12	146	172	145	0.947	0.785
LOKIASV2_3324_ESMFold_hypothetical_protein	AF-A0A519HT64-F1-model_v4	AF-A0A519HT64-F1-model_v4 Cell envelope integrity protein CreD	8.443E+00	0.601	54	2	126	132	37	160	197	134	0.947	0.629
LOKIASV2_3324_ESMFold_hypothetical_protein	AF-S7XMY9-F1-model_v4	AF-S7XMY9-F1-model_v4 Inner membrane protein CreD	5.308E+00	0.601	54	4	127	132	205	326	348	133	0.939	0.351
LOKIASV2_3324_ESMFold_hypothetical_protein	AF-A0A0A8XLU3-F1-model_v4	AF-A0A0A8XLU3-F1-model_v4 Inner membrane protein	6.196E+00	0.601	54	4	127	132	295	416	438	133	0.939	0.279
LOKIASV2_3324_ESMFold_hypothetical_protein	AF-A0A661U4U9-F1-model_v4	AF-A0A661U4U9-F1-model_v4 Uncharacterized protein	9.360E+00	0.569	53	1	127	132	1	110	115	130	0.962	0.957
LOKIASV2_3324_ESMFold_hypothetical_protein	AF-A0A800K215-F1-model_v4	AF-A0A800K215-F1-model_v4 Uncharacterized protein	6.196E+00	0.569	53	4	126	132	2	128	129	138	0.932	0.984
LOKIASV2_3324_ESMFold_hypothetical_protein	AF-A0A1E5K8Q4-F1-model_v4	AF-A0A1E5K8Q4-F1-model_v4 Uncharacterized protein	6.196E+00	0.569	53	5	124	132	7	126	131	128	0.909	0.916
LOKIASV2_3324_ESMFold_hypothetical_protein	AF-A0A4R6ZX46-F1-model_v4	AF-A0A4R6ZX46-F1-model_v4 Uncharacterized protein	8.019E+00	0.569	53	2	126	132	3	132	151	138	0.947	0.861
LOKIASV2_3324_ESMFold_hypothetical_protein	AF-A0A4V3WZ90-F1-model_v4	AF-A0A4V3WZ90-F1-model_v4 Cell envelope integrity protein CreD	3.337E+00	0.569	53	4	127	132	30	185	212	159	0.939	0.736
LOKIASV2_3324_ESMFold_hypothetical_protein	AF-A0A4Q6FD18-F1-model_v4	AF-A0A4Q6FD18-F1-model_v4 Cell envelope integrity protein CreD	8.019E+00	0.569	53	4	127	132	78	200	230	133	0.939	0.535
LOKIASV2_3324_ESMFold_hypothetical_protein	AF-A0A3Q8X611-F1-model_v4	AF-A0A3Q8X611-F1-model_v4 Uncharacterized protein	9.855E+00	0.569	53	4	125	132	154	274	281	134	0.924	0.431
LOKIASV2_3324_ESMFold_hypothetical_protein	AF-A0A5C7RR70-F1-model_v4	AF-A0A5C7RR70-F1-model_v4 Cell envelope integrity protein CreD	8.019E+00	0.569	53	2	127	132	191	311	358	133	0.955	0.338
LOKIASV2_3324_ESMFold_hypothetical_protein	AF-A0A1G0KPE2-F1-model_v4	AF-A0A1G0KPE2-F1-model_v4 Uncharacterized protein	8.890E+00	0.569	53	3	127	132	301	420	457	132	0.947	0.263
LOKIASV2_3324_ESMFold_hypothetical_protein	AF-A0A6B1C694-F1-model_v4	AF-A0A6B1C694-F1-model_v4 DUF1761 domain-containing protein	5.042E+00	0.537	52	1	126	132	8	133	134	138	0.955	0.940
LOKIASV2_3324_ESMFold_hypothetical_protein	AF-A0A7J2KWK8-F1-model_v4	AF-A0A7J2KWK8-F1-model_v4 Uncharacterized protein	5.308E+00	0.537	52	8	128	132	3	135	135	135	0.917	0.985
LOKIASV2_3324_ESMFold_hypothetical_protein	AF-A0A1M3ATW2-F1-model_v4	AF-A0A1M3ATW2-F1-model_v4 Uncharacterized protein	3.170E+00	0.537	52	4	132	132	12	140	159	131	0.977	0.811
LOKIASV2_3324_ESMFold_hypothetical_protein	AF-A0A162QJB7-F1-model_v4	AF-A0A162QJB7-F1-model_v4 Uncharacterized protein	4.102E+00	0.537	52	1	132	132	1	147	608	155	1.000	0.242
LOKIASV2_3324_ESMFold_hypothetical_protein	AF-F5YK54-F1-model_v4	AF-F5YK54-F1-model_v4 Inner membrane protein CreD	3.896E+00	0.505	51	4	132	132	78	212	216	147	0.977	0.625
LOKIASV2_3324_ESMFold_hypothetical_protein	AF-A0A845X1Z3-F1-model_v4	AF-A0A845X1Z3-F1-model_v4 Uncharacterized protein	2.579E+00	0.505	51	2	126	132	100	228	238	132	0.947	0.542
LOKIASV2_3324_ESMFold_hypothetical_protein	AF-A0A2G2FIH8-F1-model_v4	AF-A0A2G2FIH8-F1-model_v4 Cell envelope integrity protein CreD	8.890E+00	0.505	51	4	127	132	311	428	448	130	0.939	0.263
LOKIASV2_3324_ESMFold_hypothetical_protein	AF-A0A5Q2P5D6-F1-model_v4	AF-A0A5Q2P5D6-F1-model_v4 DUF3021 family protein	8.443E+00	0.473	50	1	127	132	1	113	129	130	0.962	0.876
LOKIASV2_3324_ESMFold_hypothetical_protein	AF-F2JIU9-F1-model_v4	AF-F2JIU9-F1-model_v4 Uncharacterized protein	9.855E+00	0.473	50	3	126	132	5	119	139	129	0.939	0.827
LOKIASV2_3324_ESMFold_hypothetical_protein	AF-A0A6P7SYC1-F1-model_v4	AF-A0A6P7SYC1-F1-model_v4 ergosterol biosynthetic protein 28 homolog isoform X1	3.337E+00	0.473	50	4	132	132	43	169	170	138	0.977	0.747
LOKIASV2_3324_ESMFold_hypothetical_protein	AF-A0A0Q9YWL4-F1-model_v4	AF-A0A0Q9YWL4-F1-model_v4 Uncharacterized protein	9.360E+00	0.442	49	5	128	132	8	122	122	132	0.939	0.943
LOKIASV2_3324_ESMFold_hypothetical_protein	AF-A0A2A2DIL0-F1-model_v4	AF-A0A2A2DIL0-F1-model_v4 Uncharacterized protein	5.589E+00	0.442	49	1	132	132	1	131	132	142	1.000	0.992
LOKIASV2_3324_ESMFold_hypothetical_protein	AF-A0A1N6X6C7-F1-model_v4	AF-A0A1N6X6C7-F1-model_v4 Uncharacterized protein	3.896E+00	0.442	49	1	127	132	1	127	137	138	0.962	0.927
LOKIASV2_3324_ESMFold_hypothetical_protein	AF-A0A4Y3QRI1-F1-model_v4	AF-A0A4Y3QRI1-F1-model_v4 Uncharacterized protein	4.102E+00	0.442	49	4	126	132	16	149	179	134	0.932	0.749
LOKIASV2_3324_ESMFold_hypothetical_protein	AF-A0A3B7MJN4-F1-model_v4	AF-A0A3B7MJN4-F1-model_v4 Uncharacterized protein	5.308E+00	0.411	48	3	130	132	12	138	139	141	0.970	0.914
LOKIASV2_3324_ESMFold_hypothetical_protein	AF-A0A7T7Y7U9-F1-model_v4	AF-A0A7T7Y7U9-F1-model_v4 Uncharacterized protein	3.514E+00	0.411	48	1	132	132	31	148	151	140	1.000	0.781
LOKIASV2_3324_ESMFold_hypothetical_protein	AF-A0A7V3FME1-F1-model_v4	AF-A0A7V3FME1-F1-model_v4 Cell envelope integrity protein CreD	5.885E+00	0.411	48	2	131	132	193	303	347	132	0.985	0.320
LOKIASV2_3324_ESMFold_hypothetical_protein	AF-A0A089LEZ4-F1-model_v4	AF-A0A089LEZ4-F1-model_v4 Uncharacterized protein	8.019E+00	0.353	46	3	129	132	2	131	131	142	0.962	0.992
LOKIASV2_3324_ESMFold_hypothetical_protein	AF-A0A221VXR4-F1-model_v4	AF-A0A221VXR4-F1-model_v4 Uncharacterized protein	5.885E+00	0.353	46	2	127	132	5	133	148	131	0.955	0.872
LOKIASV2_3324_ESMFold_hypothetical_protein	AF-A0A543AVY9-F1-model_v4	AF-A0A543AVY9-F1-model_v4 Uncharacterized protein	5.308E+00	0.353	46	4	131	132	3	134	150	141	0.970	0.880
LOKIASV2_3324_ESMFold_hypothetical_protein	AF-A0A2Z2LCZ9-F1-model_v4	AF-A0A2Z2LCZ9-F1-model_v4 MFS domain-containing protein	3.700E+00	0.353	46	1	131	132	109	236	301	136	0.992	0.425
LOKIASV2_3324_ESMFold_hypothetical_protein	AF-A0A1H9JP77-F1-model_v4	AF-A0A1H9JP77-F1-model_v4 Inner membrane protein	9.855E+00	0.353	46	1	130	132	300	411	448	130	0.985	0.250
LOKIASV2_3324_ESMFold_hypothetical_protein	AF-A0A2G8LBU5-F1-model_v4	AF-A0A2G8LBU5-F1-model_v4 Putative thiamine transporter 2	4.319E+00	0.353	46	4	124	132	299	419	497	132	0.917	0.243
LOKIASV2_3324_ESMFold_hypothetical_protein	AF-A0A7Y6DL33-F1-model_v4	AF-A0A7Y6DL33-F1-model_v4 Uncharacterized protein	3.010E+00	0.326	45	3	132	132	21	146	149	133	0.985	0.846
LOKIASV2_3324_ESMFold_hypothetical_protein	AF-A0A336MSD9-F1-model_v4	AF-A0A336MSD9-F1-model_v4 CSON003412 protein	4.788E+00	0.326	45	2	132	132	19	155	182	143	0.992	0.753
LOKIASV2_3324_ESMFold_hypothetical_protein	AF-A0A1Z8QTF9-F1-model_v4	AF-A0A1Z8QTF9-F1-model_v4 Uncharacterized protein	4.788E+00	0.326	45	2	132	132	129	272	276	157	0.992	0.522
LOKIASV2_3324_ESMFold_hypothetical_protein	AF-A0A2D5X7C0-F1-model_v4	AF-A0A2D5X7C0-F1-model_v4 Uncharacterized protein	6.196E+00	0.326	45	6	131	132	153	263	293	131	0.955	0.379
LOKIASV2_3324_ESMFold_hypothetical_protein	AF-A0A538T2V1-F1-model_v4	AF-A0A538T2V1-F1-model_v4 Cell envelope integrity protein CreD	9.855E+00	0.326	45	4	131	132	254	363	400	128	0.970	0.275
LOKIASV2_3324_ESMFold_hypothetical_protein	AF-A0A0P0FJD0-F1-model_v4	AF-A0A0P0FJD0-F1-model_v4 Uncharacterized protein	5.885E+00	0.301	44	1	126	132	1	129	133	139	0.955	0.970
LOKIASV2_3324_ESMFold_hypothetical_protein	AF-A0A1Y5E1D1-F1-model_v4	AF-A0A1Y5E1D1-F1-model_v4 Uncharacterized protein	9.855E+00	0.301	44	1	126	132	1	125	146	142	0.955	0.856
LOKIASV2_3324_ESMFold_hypothetical_protein	AF-X0R777-F1-model_v4	AF-X0R777-F1-model_v4 Inner membrane protein CreD	7.233E+00	0.301	44	2	131	132	223	327	357	131	0.985	0.294
LOKIASV2_3324_ESMFold_hypothetical_protein	AF-A0A3S4QUY9-F1-model_v4	AF-A0A3S4QUY9-F1-model_v4 Hexuronate transporter	5.885E+00	0.301	44	4	120	132	227	344	424	123	0.886	0.278
LOKIASV2_3324_ESMFold_hypothetical_protein	AF-A0A3M0FY06-F1-model_v4	AF-A0A3M0FY06-F1-model_v4 Uncharacterized protein	3.896E+00	0.277	43	1	131	132	5	131	135	135	0.992	0.941
LOKIASV2_3324_ESMFold_hypothetical_protein	AF-A0A7X8PB91-F1-model_v4	AF-A0A7X8PB91-F1-model_v4 Uncharacterized protein	6.869E+00	0.277	43	2	128	132	13	135	135	136	0.962	0.911
LOKIASV2_3324_ESMFold_hypothetical_protein	AF-A0A7Y1VUF3-F1-model_v4	AF-A0A7Y1VUF3-F1-model_v4 Cell envelope integrity protein CreD	8.443E+00	0.277	43	2	125	132	24	124	170	124	0.939	0.594
LOKIASV2_3324_ESMFold_hypothetical_protein	AF-A0A7S3CWL5-F1-model_v4	AF-A0A7S3CWL5-F1-model_v4 Hypothetical protein	6.869E+00	0.277	43	4	131	132	146	266	276	135	0.970	0.438
LOKIASV2_3324_ESMFold_hypothetical_protein	AF-A0A4Q8UID1-F1-model_v4	AF-A0A4Q8UID1-F1-model_v4 Cell envelope integrity protein CreD	8.019E+00	0.277	43	2	131	132	308	411	455	130	0.985	0.229
LOKIASV2_3324_ESMFold_hypothetical_protein	AF-A0A3N5RQ09-F1-model_v4	AF-A0A3N5RQ09-F1-model_v4 Uncharacterized protein	4.788E+00	0.254	42	3	129	132	25	151	151	140	0.962	0.841
LOKIASV2_3324_ESMFold_hypothetical_protein	AF-A0A2A7N2B6-F1-model_v4	AF-A0A2A7N2B6-F1-model_v4 Uncharacterized protein	6.196E+00	0.254	42	4	126	132	2	120	159	125	0.932	0.748
LOKIASV2_3324_ESMFold_hypothetical_protein	AF-A0A2D7FY78-F1-model_v4	AF-A0A2D7FY78-F1-model_v4 Uncharacterized protein	6.869E+00	0.254	42	2	126	132	32	159	162	136	0.947	0.790
LOKIASV2_3324_ESMFold_hypothetical_protein	AF-A0A839XPJ2-F1-model_v4	AF-A0A839XPJ2-F1-model_v4 Uncharacterized protein	5.885E+00	0.233	41	4	132	132	5	144	151	149	0.977	0.927
LOKIASV2_3324_ESMFold_hypothetical_protein	AF-A0A562SAK7-F1-model_v4	AF-A0A562SAK7-F1-model_v4 Uncharacterized protein	5.885E+00	0.233	41	3	129	132	23	150	152	132	0.962	0.842
LOKIASV2_3324_ESMFold_hypothetical_protein	AF-A0A7C6KWT9-F1-model_v4	AF-A0A7C6KWT9-F1-model_v4 ECF transporter S component	9.855E+00	0.233	41	4	127	132	12	149	159	142	0.939	0.868
LOKIASV2_3324_ESMFold_hypothetical_protein	AF-A0A6J6HIZ3-F1-model_v4	AF-A0A6J6HIZ3-F1-model_v4 Unannotated protein	5.308E+00	0.233	41	4	132	132	44	168	169	134	0.977	0.740
LOKIASV2_3324_ESMFold_hypothetical_protein	AF-A0A401IFE7-F1-model_v4	AF-A0A401IFE7-F1-model_v4 MoaD family protein	5.042E+00	0.233	41	4	126	132	33	153	251	136	0.932	0.482
LOKIASV2_3324_ESMFold_hypothetical_protein	AF-A0A2D7REP2-F1-model_v4	AF-A0A2D7REP2-F1-model_v4 MFS domain-containing protein	8.443E+00	0.233	41	4	130	132	204	323	371	134	0.962	0.323
LOKIASV2_3324_ESMFold_hypothetical_protein	AF-A0A135WLM9-F1-model_v4	AF-A0A135WLM9-F1-model_v4 Uncharacterized protein	6.196E+00	0.214	40	1	126	132	1	118	136	137	0.955	0.868
LOKIASV2_3324_ESMFold_hypothetical_protein	AF-W9DV51-F1-model_v4	AF-W9DV51-F1-model_v4 Uncharacterized protein	4.548E+00	0.214	40	3	129	132	13	143	159	136	0.962	0.824
LOKIASV2_3324_ESMFold_hypothetical_protein	AF-A0A317F603-F1-model_v4	AF-A0A317F603-F1-model_v4 Bcr/CflA family efflux transporter	9.360E+00	0.214	40	3	124	132	210	327	388	126	0.924	0.304
LOKIASV2_3324_ESMFold_hypothetical_protein	AF-A0A1V4CFN9-F1-model_v4	AF-A0A1V4CFN9-F1-model_v4 Uncharacterized protein	9.855E+00	0.214	40	3	131	132	289	392	431	129	0.977	0.241
LOKIASV2_3324_ESMFold_hypothetical_protein	AF-Q2G5A5-F1-model_v4	AF-Q2G5A5-F1-model_v4 Uncharacterized protein	8.443E+00	0.196	39	3	127	132	15	135	139	134	0.947	0.871
LOKIASV2_3324_ESMFold_hypothetical_protein	AF-A0A1W0WKU9-F1-model_v4	AF-A0A1W0WKU9-F1-model_v4 Putative ergosterol biosynthetic protein 28	6.196E+00	0.196	39	2	131	132	519	641	665	141	0.985	0.185
LOKIASV2_3324_ESMFold_hypothetical_protein	AF-W2CL66-F1-model_v4	AF-W2CL66-F1-model_v4 Uncharacterized protein	8.019E+00	0.179	38	4	126	132	3	129	133	135	0.932	0.955
LOKIASV2_3324_ESMFold_hypothetical_protein	AF-A0A4V3I3C7-F1-model_v4	AF-A0A4V3I3C7-F1-model_v4 Lactose permease	6.196E+00	0.179	38	2	130	132	148	281	405	149	0.977	0.331
LOKIASV2_3324_ESMFold_hypothetical_protein	AF-A0A222VU76-F1-model_v4	AF-A0A222VU76-F1-model_v4 Uncharacterized protein	7.233E+00	0.164	37	1	132	132	1	130	142	148	1.000	0.915
LOKIASV2_3324_ESMFold_hypothetical_protein	AF-A0A432LXQ0-F1-model_v4	AF-A0A432LXQ0-F1-model_v4 Uncharacterized protein	7.616E+00	0.150	36	1	132	132	1	128	133	145	1.000	0.962
LOKIASV2_3324_ESMFold_hypothetical_protein	AF-A0A4U7NB18-F1-model_v4	AF-A0A4U7NB18-F1-model_v4 Uncharacterized protein	8.443E+00	0.150	36	4	126	132	44	154	166	130	0.932	0.669
LOKIASV2_3324_ESMFold_hypothetical_protein	AF-A0A318KGV0-F1-model_v4	AF-A0A318KGV0-F1-model_v4 Uncharacterized protein	7.616E+00	0.150	36	1	132	132	1	144	182	148	1.000	0.791
LOKIASV2_3324_ESMFold_hypothetical_protein	AF-A0A1M4WZX3-F1-model_v4	AF-A0A1M4WZX3-F1-model_v4 Zinc-ribbon domain-containing protein	7.616E+00	0.150	36	3	127	132	101	234	288	146	0.947	0.465
LOKIASV2_3324_ESMFold_hypothetical_protein	AF-A0A4P6JTG8-F1-model_v4	AF-A0A4P6JTG8-F1-model_v4 Uncharacterized protein	8.890E+00	0.138	35	3	128	132	19	147	147	136	0.955	0.878
LOKIASV2_3324_ESMFold_hypothetical_protein	AF-A0A7W9Q8P9-F1-model_v4	AF-A0A7W9Q8P9-F1-model_v4 Uncharacterized protein	8.019E+00	0.126	34	4	132	132	8	133	133	141	0.977	0.947
LOKIASV2_3324_ESMFold_hypothetical_protein	AF-A0A0M2H278-F1-model_v4	AF-A0A0M2H278-F1-model_v4 Uncharacterized protein	6.524E+00	0.116	33	3	132	132	8	130	131	139	0.985	0.939
LOKIASV2_3324_ESMFold_hypothetical_protein	AF-A0A0F3IU02-F1-model_v4	AF-A0A0F3IU02-F1-model_v4 Uncharacterized protein	9.360E+00	0.106	32	2	128	132	8	129	129	135	0.962	0.946
