LOKIASV2_0635_ESMFold_hypothetical_protein	AF-A0A0G2JWZ0-F1-model_v4	AF-A0A0G2JWZ0-F1-model_v4 Transmembrane protein 258	5.518E-01	0.949	72	8	92	92	8	100	101	93	0.924	0.921
LOKIASV2_0635_ESMFold_hypothetical_protein	AF-A0A158Q2H4-F1-model_v4	AF-A0A158Q2H4-F1-model_v4 Uncharacterized protein	1.978E+00	0.900	67	31	84	92	106	162	175	57	0.587	0.326
LOKIASV2_0635_ESMFold_hypothetical_protein	AF-X8F3D4-F1-model_v4	AF-X8F3D4-F1-model_v4 PPE family protein	3.861E+00	0.872	65	32	89	92	8	65	533	58	0.630	0.109
LOKIASV2_0635_ESMFold_hypothetical_protein	AF-Q0P9N0-F1-model_v4	AF-Q0P9N0-F1-model_v4 Putative integral membrane protein	1.293E+00	0.855	64	12	90	92	3	86	168	84	0.859	0.500
LOKIASV2_0635_ESMFold_hypothetical_protein	AF-Q586A4-F1-model_v4	AF-Q586A4-F1-model_v4 Uncharacterized protein	1.293E+00	0.817	62	9	87	92	41	108	127	79	0.859	0.535
LOKIASV2_0635_ESMFold_hypothetical_protein	AF-A0A0K0E7X3-F1-model_v4	AF-A0A0K0E7X3-F1-model_v4 Uncharacterized protein	4.361E+00	0.817	62	32	89	92	54	111	192	58	0.630	0.302
LOKIASV2_0635_ESMFold_hypothetical_protein	AF-Q6ZM28-F1-model_v4	AF-Q6ZM28-F1-model_v4 Heme transporter hrg1-B	2.102E+00	0.772	60	22	89	92	58	129	144	72	0.739	0.500
LOKIASV2_0635_ESMFold_hypothetical_protein	AF-Q9CZB9-F1-model_v4	AF-Q9CZB9-F1-model_v4 Transmembrane protein 128	7.478E-01	0.747	59	13	89	92	61	158	163	99	0.837	0.601
LOKIASV2_0635_ESMFold_hypothetical_protein	AF-A0A077Z1Q6-F1-model_v4	AF-A0A077Z1Q6-F1-model_v4 Uncharacterized protein	4.925E+00	0.747	59	32	89	92	34	87	164	58	0.630	0.329
LOKIASV2_0635_ESMFold_hypothetical_protein	AF-A0A3P7EG31-F1-model_v4	AF-A0A3P7EG31-F1-model_v4 Uncharacterized protein	3.419E+00	0.720	58	32	92	92	80	137	139	61	0.663	0.417
LOKIASV2_0635_ESMFold_hypothetical_protein	AF-K7N109-F1-model_v4	AF-K7N109-F1-model_v4 Uncharacterized protein	1.752E+00	0.720	58	8	90	92	111	194	292	87	0.902	0.288
LOKIASV2_0635_ESMFold_hypothetical_protein	AF-A7E2V0-F1-model_v4	AF-A7E2V0-F1-model_v4 Transmembrane protein 230	3.861E+00	0.692	57	32	89	92	39	96	115	58	0.630	0.504
LOKIASV2_0635_ESMFold_hypothetical_protein	AF-A0A175VVK3-F1-model_v4	AF-A0A175VVK3-F1-model_v4 Transcription initiation factor TFIID subunit 12	2.849E+00	0.692	57	17	90	92	179	245	673	74	0.804	0.100
LOKIASV2_0635_ESMFold_hypothetical_protein	AF-Q6P1K1-F1-model_v4	AF-Q6P1K1-F1-model_v4 Heme transporter HRG1	2.849E+00	0.663	56	22	89	92	60	131	146	72	0.739	0.493
LOKIASV2_0635_ESMFold_hypothetical_protein	AF-Q9HUY7-F1-model_v4	AF-Q9HUY7-F1-model_v4 Uncharacterized protein	3.861E+00	0.632	55	32	86	92	16	67	69	55	0.598	0.754
LOKIASV2_0635_ESMFold_hypothetical_protein	AF-Q4CPH8-F1-model_v4	AF-Q4CPH8-F1-model_v4 Uncharacterized protein	1.862E+00	0.632	55	6	87	92	36	110	129	83	0.891	0.581
LOKIASV2_0635_ESMFold_hypothetical_protein	AF-Q0P3Z7-F1-model_v4	AF-Q0P3Z7-F1-model_v4 Tetraspanin	6.674E+00	0.601	54	32	88	92	9	65	234	57	0.620	0.244
LOKIASV2_0635_ESMFold_hypothetical_protein	AF-C0NXS5-F1-model_v4	AF-C0NXS5-F1-model_v4 Transcription initiation factor TFIID subunit 12	6.674E+00	0.601	54	36	90	92	196	254	619	59	0.598	0.095
LOKIASV2_0635_ESMFold_hypothetical_protein	AF-A0A1D8PSN1-F1-model_v4	AF-A0A1D8PSN1-F1-model_v4 TFIID_20kDa domain-containing protein	6.280E+00	0.601	54	33	90	92	243	300	750	58	0.630	0.077
LOKIASV2_0635_ESMFold_hypothetical_protein	AF-Q67WQ6-F1-model_v4	AF-Q67WQ6-F1-model_v4 Os06g0653100 protein	8.010E+00	0.569	53	32	89	92	9	66	269	58	0.630	0.216
LOKIASV2_0635_ESMFold_hypothetical_protein	AF-A0A0K0DTP7-F1-model_v4	AF-A0A0K0DTP7-F1-model_v4 Uncharacterized protein	6.280E+00	0.537	52	29	89	92	1	61	83	61	0.663	0.735
LOKIASV2_0635_ESMFold_hypothetical_protein	AF-Q1LUD4-F1-model_v4	AF-Q1LUD4-F1-model_v4 Si:ch211-232m10.4	5.910E+00	0.537	52	32	90	92	12	66	105	59	0.641	0.524
LOKIASV2_0635_ESMFold_hypothetical_protein	AF-Q7JZW3-F1-model_v4	AF-Q7JZW3-F1-model_v4 Tetraspanin	5.910E+00	0.537	52	32	90	92	12	73	229	63	0.641	0.271
LOKIASV2_0635_ESMFold_hypothetical_protein	AF-K7VJL9-F1-model_v4	AF-K7VJL9-F1-model_v4 Senescence-associated protein DH	9.612E+00	0.537	52	32	89	92	9	66	270	58	0.630	0.215
LOKIASV2_0635_ESMFold_hypothetical_protein	AF-C1H8G7-F1-model_v4	AF-C1H8G7-F1-model_v4 Uncharacterized protein	3.028E+00	0.505	51	13	86	92	13	93	94	83	0.804	0.862
LOKIASV2_0635_ESMFold_hypothetical_protein	AF-Q7T3B2-F1-model_v4	AF-Q7T3B2-F1-model_v4 Heme transporter hrg1-A	4.361E+00	0.505	51	22	89	92	58	129	144	72	0.739	0.500
LOKIASV2_0635_ESMFold_hypothetical_protein	AF-A0A0P0X9V4-F1-model_v4	AF-A0A0P0X9V4-F1-model_v4 Os07g0653200 protein	4.103E+00	0.505	51	30	89	92	87	150	769	66	0.652	0.083
LOKIASV2_0635_ESMFold_hypothetical_protein	AF-A0A0D2H4X2-F1-model_v4	AF-A0A0D2H4X2-F1-model_v4 Mitochondrial escape protein 2	6.674E+00	0.505	51	32	90	92	795	860	866	66	0.641	0.076
LOKIASV2_0635_ESMFold_hypothetical_protein	AF-A0A0N4UNS5-F1-model_v4	AF-A0A0N4UNS5-F1-model_v4 Uncharacterized protein	2.234E+00	0.473	50	11	90	92	9	100	112	92	0.870	0.821
LOKIASV2_0635_ESMFold_hypothetical_protein	AF-Q4CUQ8-F1-model_v4	AF-Q4CUQ8-F1-model_v4 Uncharacterized protein	1.752E+00	0.473	50	6	90	92	36	117	129	90	0.924	0.636
LOKIASV2_0635_ESMFold_hypothetical_protein	AF-A0A044SQ43-F1-model_v4	AF-A0A044SQ43-F1-model_v4 Uncharacterized protein	5.233E+00	0.442	49	32	90	92	80	135	156	59	0.641	0.359
LOKIASV2_0635_ESMFold_hypothetical_protein	AF-A0A2R8QUQ9-F1-model_v4	AF-A0A2R8QUQ9-F1-model_v4 Transmembrane protein 134	1.862E+00	0.442	49	2	89	92	140	219	234	92	0.957	0.342
LOKIASV2_0635_ESMFold_hypothetical_protein	AF-A0A175W5U3-F1-model_v4	AF-A0A175W5U3-F1-model_v4 Uncharacterized protein	5.561E+00	0.411	48	9	90	92	43	124	334	82	0.891	0.246
LOKIASV2_0635_ESMFold_hypothetical_protein	AF-Q0PAK2-F1-model_v4	AF-Q0PAK2-F1-model_v4 Putative periplasmic protein	5.561E+00	0.382	47	36	83	92	11	58	62	48	0.522	0.774
LOKIASV2_0635_ESMFold_hypothetical_protein	AF-A0A0R0KLB0-F1-model_v4	AF-A0A0R0KLB0-F1-model_v4 Uncharacterized protein	1.862E+00	0.382	47	1	92	92	45	134	140	95	1.000	0.643
LOKIASV2_0635_ESMFold_hypothetical_protein	AF-B0BNL4-F1-model_v4	AF-B0BNL4-F1-model_v4 Heme transporter HRG1	4.925E+00	0.382	47	22	89	92	60	131	146	75	0.739	0.493
LOKIASV2_0635_ESMFold_hypothetical_protein	AF-Q7JWP5-F1-model_v4	AF-Q7JWP5-F1-model_v4 Tetraspanin	9.612E+00	0.382	47	31	89	92	11	66	218	59	0.641	0.257
LOKIASV2_0635_ESMFold_hypothetical_protein	AF-A0A0K0ERX8-F1-model_v4	AF-A0A0K0ERX8-F1-model_v4 G_PROTEIN_RECEP_F1_2 domain-containing protein	7.947E-01	0.382	47	1	89	92	14	106	612	93	0.967	0.152
LOKIASV2_0635_ESMFold_hypothetical_protein	AF-A0A1C1CT79-F1-model_v4	AF-A0A1C1CT79-F1-model_v4 Histidine kinase group protein	4.634E+00	0.382	47	5	90	92	596	684	1091	89	0.935	0.082
LOKIASV2_0635_ESMFold_hypothetical_protein	AF-O94593-F1-model_v4	AF-O94593-F1-model_v4 Putative uncharacterized membrane protein C622.03c	3.419E+00	0.353	46	12	87	92	23	96	132	77	0.826	0.561
LOKIASV2_0635_ESMFold_hypothetical_protein	AF-Q9D8M3-F1-model_v4	AF-Q9D8M3-F1-model_v4 Heme transporter HRG1	4.103E+00	0.353	46	22	89	92	60	131	146	75	0.739	0.493
LOKIASV2_0635_ESMFold_hypothetical_protein	AF-A0A0N4UQQ1-F1-model_v4	AF-A0A0N4UQQ1-F1-model_v4 Uncharacterized protein	9.045E+00	0.353	46	33	89	92	99	159	202	62	0.620	0.302
LOKIASV2_0635_ESMFold_hypothetical_protein	AF-Q54CN3-F1-model_v4	AF-Q54CN3-F1-model_v4 Uncharacterized protein	3.028E+00	0.326	45	5	90	92	248	335	366	91	0.935	0.240
LOKIASV2_0635_ESMFold_hypothetical_protein	AF-A0A5K4EEI4-F1-model_v4	AF-A0A5K4EEI4-F1-model_v4 Putative alpha-actinin	9.612E+00	0.326	45	29	90	92	440	506	571	67	0.674	0.117
LOKIASV2_0635_ESMFold_hypothetical_protein	AF-A0A175VXS1-F1-model_v4	AF-A0A175VXS1-F1-model_v4 Transcription initiation factor TFIID subunit 12	6.280E+00	0.326	45	8	90	92	188	260	688	83	0.902	0.106
LOKIASV2_0635_ESMFold_hypothetical_protein	AF-A0A0H3GTB6-F1-model_v4	AF-A0A0H3GTB6-F1-model_v4 Auxiliary transport protein, membrane fusion protein (MFP) family	6.280E+00	0.301	44	20	90	92	111	188	380	78	0.772	0.205
LOKIASV2_0635_ESMFold_hypothetical_protein	AF-A0A0R0HAM2-F1-model_v4	AF-A0A0R0HAM2-F1-model_v4 SUN domain-containing protein	7.537E+00	0.301	44	12	92	92	496	573	573	81	0.880	0.136
LOKIASV2_0635_ESMFold_hypothetical_protein	AF-A0A7I4KM77-F1-model_v4	AF-A0A7I4KM77-F1-model_v4 Bm6995	8.512E+00	0.301	44	12	90	92	2	84	606	83	0.859	0.137
LOKIASV2_0635_ESMFold_hypothetical_protein	AF-K7MFM6-F1-model_v4	AF-K7MFM6-F1-model_v4 Uncharacterized protein	7.092E+00	0.301	44	27	91	92	111	177	674	68	0.707	0.099
LOKIASV2_0635_ESMFold_hypothetical_protein	AF-A0A0H3GYW1-F1-model_v4	AF-A0A0H3GYW1-F1-model_v4 Conjugal transfer protein TrbF	5.910E+00	0.277	43	3	91	92	15	113	147	99	0.967	0.673
LOKIASV2_0635_ESMFold_hypothetical_protein	AF-A0A0N4U6L1-F1-model_v4	AF-A0A0N4U6L1-F1-model_v4 Vesicle transport protein	8.010E+00	0.277	43	12	84	92	94	165	206	75	0.793	0.350
LOKIASV2_0635_ESMFold_hypothetical_protein	AF-O44490-F1-model_v4	AF-O44490-F1-model_v4 Mammalian ELKS/CAST/ERC/Rab6 interacting protein homolog	3.218E+00	0.277	43	5	89	92	699	785	836	88	0.924	0.104
LOKIASV2_0635_ESMFold_hypothetical_protein	AF-A0A0K0E8P5-F1-model_v4	AF-A0A0K0E8P5-F1-model_v4 Autophagy-related protein 9	8.010E+00	0.277	43	36	85	92	421	470	874	50	0.543	0.057
LOKIASV2_0635_ESMFold_hypothetical_protein	AF-A4HRQ2-F1-model_v4	AF-A4HRQ2-F1-model_v4 Protein kinase domain-containing protein	8.010E+00	0.277	43	21	86	92	122	186	981	66	0.717	0.066
LOKIASV2_0635_ESMFold_hypothetical_protein	AF-X8F120-F1-model_v4	AF-X8F120-F1-model_v4 PPE family protein	6.280E+00	0.254	42	1	81	92	1	81	93	83	0.880	0.871
LOKIASV2_0635_ESMFold_hypothetical_protein	AF-U7Q491-F1-model_v4	AF-U7Q491-F1-model_v4 DUF4536 domain-containing protein	4.103E+00	0.254	42	4	85	92	9	94	96	92	0.891	0.896
LOKIASV2_0635_ESMFold_hypothetical_protein	AF-A0A0P0X374-F1-model_v4	AF-A0A0P0X374-F1-model_v4 Os07g0196000 protein	9.045E+00	0.254	42	32	90	92	44	99	100	59	0.641	0.560
LOKIASV2_0635_ESMFold_hypothetical_protein	AF-A0A0G2JW81-F1-model_v4	AF-A0A0G2JW81-F1-model_v4 Membrane-spanning 4-domains subfamily A member 12-like	5.561E+00	0.254	42	6	89	92	9	105	111	97	0.913	0.874
LOKIASV2_0635_ESMFold_hypothetical_protein	AF-Q4D773-F1-model_v4	AF-Q4D773-F1-model_v4 Mitochondrial pyruvate carrier	9.045E+00	0.254	42	27	90	92	74	128	137	64	0.696	0.401
LOKIASV2_0635_ESMFold_hypothetical_protein	AF-Q84YQ5-F1-model_v4	AF-Q84YQ5-F1-model_v4 Os07g0458500 protein	9.612E+00	0.254	42	36	90	92	94	151	165	59	0.598	0.352
LOKIASV2_0635_ESMFold_hypothetical_protein	AF-A0A3P7EE35-F1-model_v4	AF-A0A3P7EE35-F1-model_v4 Uncharacterized protein	5.561E+00	0.254	42	19	91	92	3	93	294	93	0.793	0.310
LOKIASV2_0635_ESMFold_hypothetical_protein	AF-K0F7M4-F1-model_v4	AF-K0F7M4-F1-model_v4 Two-component system sensor kinase	7.537E+00	0.254	42	20	83	92	121	181	384	64	0.696	0.159
LOKIASV2_0635_ESMFold_hypothetical_protein	AF-A0A175VS94-F1-model_v4	AF-A0A175VS94-F1-model_v4 Uncharacterized protein	9.045E+00	0.254	42	12	89	92	25	106	463	82	0.848	0.177
LOKIASV2_0635_ESMFold_hypothetical_protein	AF-Q9SGX2-F1-model_v4	AF-Q9SGX2-F1-model_v4 F20B24.22	3.861E+00	0.233	41	17	90	92	50	126	236	78	0.804	0.326
LOKIASV2_0635_ESMFold_hypothetical_protein	AF-A0A044VH96-F1-model_v4	AF-A0A044VH96-F1-model_v4 RING-CH-type domain-containing protein	6.280E+00	0.233	41	28	88	92	270	351	474	82	0.663	0.173
LOKIASV2_0635_ESMFold_hypothetical_protein	AF-P0A197-F1-model_v4	AF-P0A197-F1-model_v4 Probable protein kinase UbiB	8.512E+00	0.233	41	6	85	92	469	545	546	80	0.870	0.141
LOKIASV2_0635_ESMFold_hypothetical_protein	AF-O25714-F1-model_v4	AF-O25714-F1-model_v4 Multidrug resistance protein (MsbA)	7.092E+00	0.233	41	12	88	92	2	80	551	80	0.837	0.143
LOKIASV2_0635_ESMFold_hypothetical_protein	AF-A0A5K4FE68-F1-model_v4	AF-A0A5K4FE68-F1-model_v4 Uncharacterized protein	8.512E+00	0.233	41	12	89	92	525	599	642	79	0.848	0.117
LOKIASV2_0635_ESMFold_hypothetical_protein	AF-A4IA32-F1-model_v4	AF-A4IA32-F1-model_v4 Uncharacterized protein	9.612E+00	0.233	41	13	90	92	1205	1283	1342	79	0.848	0.059
LOKIASV2_0635_ESMFold_hypothetical_protein	AF-A0A0R0JRT5-F1-model_v4	AF-A0A0R0JRT5-F1-model_v4 Uncharacterized protein	3.218E+00	0.214	40	8	90	92	15	95	115	84	0.902	0.704
LOKIASV2_0635_ESMFold_hypothetical_protein	AF-A5PMI7-F1-model_v4	AF-A5PMI7-F1-model_v4 Si:dkey-238j22.1	9.045E+00	0.214	40	22	91	92	39	115	157	79	0.761	0.490
LOKIASV2_0635_ESMFold_hypothetical_protein	AF-Q56VR9-F1-model_v4	AF-Q56VR9-F1-model_v4 MPS-3	6.674E+00	0.214	40	13	88	92	82	161	164	81	0.826	0.488
LOKIASV2_0635_ESMFold_hypothetical_protein	AF-Q68FU0-F1-model_v4	AF-Q68FU0-F1-model_v4 Transmembrane protein 174	4.361E+00	0.214	40	8	89	92	21	90	243	82	0.891	0.288
LOKIASV2_0635_ESMFold_hypothetical_protein	AF-A0A044QL01-F1-model_v4	AF-A0A044QL01-F1-model_v4 Uncharacterized protein	1.978E+00	0.214	40	10	90	92	7	87	248	81	0.880	0.327
LOKIASV2_0635_ESMFold_hypothetical_protein	AF-A0A1D6EFT2-F1-model_v4	AF-A0A1D6EFT2-F1-model_v4 ARM repeat superfamily protein	1.862E+00	0.214	40	8	91	92	66	154	782	91	0.913	0.114
LOKIASV2_0635_ESMFold_hypothetical_protein	AF-U7Q7H5-F1-model_v4	AF-U7Q7H5-F1-model_v4 TFIID_20kDa domain-containing protein	6.280E+00	0.214	40	7	90	92	258	338	830	88	0.913	0.098
LOKIASV2_0635_ESMFold_hypothetical_protein	AF-O16957-F1-model_v4	AF-O16957-F1-model_v4 Serpentine Receptor, class W	8.512E+00	0.196	39	1	89	92	52	150	196	99	0.967	0.505
LOKIASV2_0635_ESMFold_hypothetical_protein	AF-B4FBV4-F1-model_v4	AF-B4FBV4-F1-model_v4 DNAJ heat shock N-terminal domain-containing protein	2.523E+00	0.196	39	22	85	92	208	270	338	64	0.696	0.186
LOKIASV2_0635_ESMFold_hypothetical_protein	AF-A0A1D6MBJ6-F1-model_v4	AF-A0A1D6MBJ6-F1-model_v4 DNAJ heat shock N-terminal domain-containing protein	3.028E+00	0.196	39	22	85	92	218	280	348	64	0.696	0.181
LOKIASV2_0635_ESMFold_hypothetical_protein	AF-A0A077Z0J9-F1-model_v4	AF-A0A077Z0J9-F1-model_v4 Rho GTPase activating protein 29	8.010E+00	0.196	39	12	90	92	348	428	977	82	0.859	0.083
LOKIASV2_0635_ESMFold_hypothetical_protein	AF-P53073-F1-model_v4	AF-P53073-F1-model_v4 ER membrane protein complex subunit 4	8.512E+00	0.179	38	28	92	92	97	165	190	70	0.707	0.363
LOKIASV2_0635_ESMFold_hypothetical_protein	AF-Q9DCX7-F1-model_v4	AF-Q9DCX7-F1-model_v4 Transmembrane protein 174	3.419E+00	0.164	37	36	89	92	37	90	243	54	0.587	0.222
LOKIASV2_0635_ESMFold_hypothetical_protein	AF-I1LVB6-F1-model_v4	AF-I1LVB6-F1-model_v4 J domain-containing protein	5.233E+00	0.164	37	33	85	92	219	271	339	53	0.576	0.156
LOKIASV2_0635_ESMFold_hypothetical_protein	AF-Q386W5-F1-model_v4	AF-Q386W5-F1-model_v4 Uncharacterized protein	5.233E+00	0.164	37	8	91	92	168	256	464	89	0.913	0.192
LOKIASV2_0635_ESMFold_hypothetical_protein	AF-Q2FVJ2-F1-model_v4	AF-Q2FVJ2-F1-model_v4 Uncharacterized protein	7.092E+00	0.164	37	32	88	92	25	82	577	59	0.620	0.101
LOKIASV2_0635_ESMFold_hypothetical_protein	AF-Q32E34-F1-model_v4	AF-Q32E34-F1-model_v4 ATP-dependent lipid A-core flippase	4.925E+00	0.164	37	8	88	92	2	88	582	87	0.880	0.149
LOKIASV2_0635_ESMFold_hypothetical_protein	AF-A0A3Q0KCZ4-F1-model_v4	AF-A0A3Q0KCZ4-F1-model_v4 Tubulin-specific chaperone A	6.280E+00	0.150	36	27	88	92	7	74	109	68	0.674	0.624
LOKIASV2_0635_ESMFold_hypothetical_protein	AF-Q6MX07-F1-model_v4	AF-Q6MX07-F1-model_v4 Uncharacterized PPE family protein PPE50	7.092E+00	0.150	36	32	90	92	24	89	132	66	0.641	0.500
LOKIASV2_0635_ESMFold_hypothetical_protein	AF-F1RDQ4-F1-model_v4	AF-F1RDQ4-F1-model_v4 Transmembrane protein 174	3.419E+00	0.150	36	28	89	92	30	91	238	65	0.674	0.261
LOKIASV2_0635_ESMFold_hypothetical_protein	AF-A0A0H3GPD5-F1-model_v4	AF-A0A0H3GPD5-F1-model_v4 Putative secretion protein HlyD	7.092E+00	0.150	36	32	91	92	100	159	359	60	0.652	0.167
LOKIASV2_0635_ESMFold_hypothetical_protein	AF-Q8ZRG8-F1-model_v4	AF-Q8ZRG8-F1-model_v4 Putative cation efflux pump	7.537E+00	0.150	36	32	89	92	118	175	408	58	0.630	0.142
LOKIASV2_0635_ESMFold_hypothetical_protein	AF-A0A0D2EJ52-F1-model_v4	AF-A0A0D2EJ52-F1-model_v4 Unplaced genomic scaffold supercont1.9, whole genome shotgun sequence	9.612E+00	0.150	36	12	91	92	507	594	605	91	0.870	0.145
LOKIASV2_0635_ESMFold_hypothetical_protein	AF-Q8H3C6-F1-model_v4	AF-Q8H3C6-F1-model_v4 Os07g0656700 protein	9.612E+00	0.138	35	8	91	92	89	176	286	91	0.913	0.308
LOKIASV2_0635_ESMFold_hypothetical_protein	AF-G3XD25-F1-model_v4	AF-G3XD25-F1-model_v4 Resistance-Nodulation-Cell Division (RND) multidrug efflux membrane fusion protein MexC	7.537E+00	0.138	35	32	89	92	109	166	387	58	0.630	0.150
LOKIASV2_0635_ESMFold_hypothetical_protein	AF-P63359-F1-model_v4	AF-P63359-F1-model_v4 ATP-dependent lipid A-core flippase	3.419E+00	0.138	35	19	88	92	10	88	582	80	0.761	0.136
LOKIASV2_0635_ESMFold_hypothetical_protein	AF-A0A1D5NSS3-F1-model_v4	AF-A0A1D5NSS3-F1-model_v4 PHD finger protein 21Aa	9.612E+00	0.138	35	8	89	92	7	81	686	82	0.891	0.109
LOKIASV2_0635_ESMFold_hypothetical_protein	AF-A0A3Q0KT68-F1-model_v4	AF-A0A3Q0KT68-F1-model_v4 Uncharacterized protein	4.634E+00	0.138	35	20	89	92	13	82	797	70	0.761	0.088
LOKIASV2_0635_ESMFold_hypothetical_protein	AF-A0A1D6HBB5-F1-model_v4	AF-A0A1D6HBB5-F1-model_v4 ADP-ribosylation factor GTPase-activating protein AGD1	3.634E+00	0.126	34	5	89	92	18	108	183	91	0.924	0.497
LOKIASV2_0635_ESMFold_hypothetical_protein	AF-Q4E1D2-F1-model_v4	AF-Q4E1D2-F1-model_v4 Uncharacterized protein	3.419E+00	0.126	34	1	91	92	67	158	229	95	0.989	0.402
LOKIASV2_0635_ESMFold_hypothetical_protein	AF-Q8WUU8-F1-model_v4	AF-Q8WUU8-F1-model_v4 Transmembrane protein 174	5.910E+00	0.126	34	29	88	92	30	89	243	60	0.652	0.247
LOKIASV2_0635_ESMFold_hypothetical_protein	AF-A0A0J9XRJ6-F1-model_v4	AF-A0A0J9XRJ6-F1-model_v4 Bm9498	4.925E+00	0.126	34	29	90	92	114	179	264	66	0.674	0.250
LOKIASV2_0635_ESMFold_hypothetical_protein	AF-A0A077ZIW9-F1-model_v4	AF-A0A077ZIW9-F1-model_v4 HlyD domain containing protein	8.512E+00	0.126	34	32	89	92	91	148	369	58	0.630	0.157
LOKIASV2_0635_ESMFold_hypothetical_protein	AF-A0A0H3GQL5-F1-model_v4	AF-A0A0H3GQL5-F1-model_v4 Macrolide transporter subunit MacA	7.537E+00	0.126	34	20	90	92	102	172	371	71	0.772	0.191
LOKIASV2_0635_ESMFold_hypothetical_protein	AF-Q8ZLN5-F1-model_v4	AF-Q8ZLN5-F1-model_v4 Transmembrane protein affecting septum formation and cell membrane permeability	8.512E+00	0.126	34	32	89	92	110	167	385	58	0.630	0.151
LOKIASV2_0635_ESMFold_hypothetical_protein	AF-Q32CN9-F1-model_v4	AF-Q32CN9-F1-model_v4 Multidrug resistance secretion protein	8.010E+00	0.126	34	27	90	92	123	186	390	64	0.696	0.164
LOKIASV2_0635_ESMFold_hypothetical_protein	AF-P27303-F1-model_v4	AF-P27303-F1-model_v4 Multidrug export protein EmrA	7.537E+00	0.126	34	27	90	92	123	186	390	64	0.696	0.164
LOKIASV2_0635_ESMFold_hypothetical_protein	AF-G3XD21-F1-model_v4	AF-G3XD21-F1-model_v4 Resistance-Nodulation-Cell Division (RND) multidrug efflux membrane fusion protein	8.512E+00	0.126	34	32	89	92	111	168	396	58	0.630	0.146
LOKIASV2_0635_ESMFold_hypothetical_protein	AF-A0A0H3GV05-F1-model_v4	AF-A0A0H3GV05-F1-model_v4 ATP-dependent lipid A-core flippase	6.280E+00	0.126	34	1	88	92	1	88	582	94	0.957	0.151
LOKIASV2_0635_ESMFold_hypothetical_protein	AF-Q9LZB8-F1-model_v4	AF-Q9LZB8-F1-model_v4 ABC transporter B family member 29, chloroplastic	5.233E+00	0.126	34	1	88	92	42	138	634	97	0.957	0.153
LOKIASV2_0635_ESMFold_hypothetical_protein	AF-Q7T376-F1-model_v4	AF-Q7T376-F1-model_v4 Tetraspanin	9.045E+00	0.116	33	32	90	92	18	73	221	60	0.641	0.253
LOKIASV2_0635_ESMFold_hypothetical_protein	AF-Q57V02-F1-model_v4	AF-Q57V02-F1-model_v4 Uncharacterized protein	5.910E+00	0.116	33	12	92	92	62	160	271	99	0.880	0.365
LOKIASV2_0635_ESMFold_hypothetical_protein	AF-I1LYR9-F1-model_v4	AF-I1LYR9-F1-model_v4 Uncharacterized protein	7.092E+00	0.116	33	32	91	92	93	148	326	60	0.652	0.172
LOKIASV2_0635_ESMFold_hypothetical_protein	AF-A0A0H3H0A8-F1-model_v4	AF-A0A0H3H0A8-F1-model_v4 Putative secretion protein	8.010E+00	0.116	33	20	89	92	58	127	340	70	0.761	0.206
LOKIASV2_0635_ESMFold_hypothetical_protein	AF-P24180-F1-model_v4	AF-P24180-F1-model_v4 Multidrug export protein AcrE	9.045E+00	0.116	33	32	89	92	110	167	385	58	0.630	0.151
LOKIASV2_0635_ESMFold_hypothetical_protein	AF-A0A175WD19-F1-model_v4	AF-A0A175WD19-F1-model_v4 Uncharacterized protein	8.512E+00	0.116	33	12	84	92	293	368	389	79	0.793	0.195
LOKIASV2_0635_ESMFold_hypothetical_protein	AF-A0A7I4KGJ9-F1-model_v4	AF-A0A7I4KGJ9-F1-model_v4 G_PROTEIN_RECEP_F1_2 domain-containing protein	5.910E+00	0.116	33	1	88	92	1	98	402	100	0.957	0.244
LOKIASV2_0635_ESMFold_hypothetical_protein	AF-P9WI37-F1-model_v4	AF-P9WI37-F1-model_v4 Uncharacterized PPE family protein PPE12	6.674E+00	0.116	33	32	89	92	25	89	645	65	0.630	0.101
LOKIASV2_0635_ESMFold_hypothetical_protein	AF-A0A1C1CN95-F1-model_v4	AF-A0A1C1CN95-F1-model_v4 Sensory transduction histidine kinase	9.045E+00	0.116	33	11	89	92	914	1000	1409	87	0.859	0.062
LOKIASV2_0635_ESMFold_hypothetical_protein	AF-A0A077YX81-F1-model_v4	AF-A0A077YX81-F1-model_v4 Uncharacterized protein	8.512E+00	0.106	32	31	89	92	32	83	168	59	0.641	0.310
LOKIASV2_0635_ESMFold_hypothetical_protein	AF-F1R3K6-F1-model_v4	AF-F1R3K6-F1-model_v4 Si:dkeyp-51f12.2	3.634E+00	0.106	32	32	90	92	8	57	174	59	0.641	0.287
LOKIASV2_0635_ESMFold_hypothetical_protein	AF-Q55CV7-F1-model_v4	AF-Q55CV7-F1-model_v4 Probable tetraspanin tspC	5.910E+00	0.106	32	32	92	92	26	93	238	68	0.663	0.286
LOKIASV2_0635_ESMFold_hypothetical_protein	AF-U7PMZ6-F1-model_v4	AF-U7PMZ6-F1-model_v4 Uncharacterized protein	5.910E+00	0.106	32	20	90	92	2	89	258	88	0.772	0.341
LOKIASV2_0635_ESMFold_hypothetical_protein	AF-X8FGP7-F1-model_v4	AF-X8FGP7-F1-model_v4 PPE family protein	7.537E+00	0.106	32	32	89	92	25	89	420	65	0.630	0.155
LOKIASV2_0635_ESMFold_hypothetical_protein	AF-A0A0R0LP40-F1-model_v4	AF-A0A0R0LP40-F1-model_v4 SUN domain-containing protein	7.537E+00	0.106	32	12	83	92	490	565	567	76	0.783	0.134
LOKIASV2_0635_ESMFold_hypothetical_protein	AF-U7PH72-F1-model_v4	AF-U7PH72-F1-model_v4 Uncharacterized protein	8.512E+00	0.106	32	28	83	92	243	301	583	60	0.609	0.101
LOKIASV2_0635_ESMFold_hypothetical_protein	AF-X8F5X6-F1-model_v4	AF-X8F5X6-F1-model_v4 Major Facilitator Superfamily protein	5.910E+00	0.098	31	29	87	92	88	150	449	63	0.641	0.140
LOKIASV2_0635_ESMFold_hypothetical_protein	AF-Q6MWW0-F1-model_v4	AF-Q6MWW0-F1-model_v4 PPE family protein PPE64	7.537E+00	0.098	31	32	89	92	25	89	552	65	0.630	0.118
LOKIASV2_0635_ESMFold_hypothetical_protein	AF-P39081-F1-model_v4	AF-P39081-F1-model_v4 Protein PCF11	9.612E+00	0.098	31	12	90	92	133	215	626	85	0.859	0.133
LOKIASV2_0635_ESMFold_hypothetical_protein	AF-Q8BFY0-F1-model_v4	AF-Q8BFY0-F1-model_v4 Phosphoinositide-interacting protein	4.103E+00	0.090	30	28	89	92	44	106	135	66	0.674	0.467
LOKIASV2_0635_ESMFold_hypothetical_protein	AF-P0C851-F1-model_v4	AF-P0C851-F1-model_v4 Phosphoinositide-interacting protein	7.537E+00	0.090	30	28	89	92	46	108	137	63	0.674	0.460
LOKIASV2_0635_ESMFold_hypothetical_protein	AF-A0A158Q5E3-F1-model_v4	AF-A0A158Q5E3-F1-model_v4 RING-CH-type domain-containing protein	5.233E+00	0.090	30	28	89	92	105	177	234	73	0.674	0.312
LOKIASV2_0635_ESMFold_hypothetical_protein	AF-P60752-F1-model_v4	AF-P60752-F1-model_v4 ATP-dependent lipid A-core flippase	6.674E+00	0.090	30	19	88	92	10	88	582	80	0.761	0.136
LOKIASV2_0635_ESMFold_hypothetical_protein	AF-Q9I1T8-F1-model_v4	AF-Q9I1T8-F1-model_v4 Histidine kinase	7.537E+00	0.090	30	12	89	92	308	392	699	85	0.848	0.122
LOKIASV2_0635_ESMFold_hypothetical_protein	AF-A0A0R0G599-F1-model_v4	AF-A0A0R0G599-F1-model_v4 Exocyst subunit Exo70 family protein	8.010E+00	0.082	29	13	88	92	2	77	78	76	0.826	0.974
LOKIASV2_0635_ESMFold_hypothetical_protein	AF-A0A175W5J7-F1-model_v4	AF-A0A175W5J7-F1-model_v4 Uncharacterized protein	8.512E+00	0.082	29	28	89	92	119	189	337	71	0.674	0.211
LOKIASV2_0635_ESMFold_hypothetical_protein	AF-Q7Y1G8-F1-model_v4	AF-Q7Y1G8-F1-model_v4 Expressed protein	9.612E+00	0.082	29	11	90	92	152	239	344	88	0.870	0.256
LOKIASV2_0635_ESMFold_hypothetical_protein	AF-K7KJE2-F1-model_v4	AF-K7KJE2-F1-model_v4 SUN domain-containing protein	9.045E+00	0.082	29	12	81	92	518	601	603	87	0.761	0.139
LOKIASV2_0635_ESMFold_hypothetical_protein	AF-A4I3M8-F1-model_v4	AF-A4I3M8-F1-model_v4 Protein_of_uncharacterized_function_(DUF423)_-_pu tative	7.537E+00	0.076	28	39	92	92	72	132	132	64	0.587	0.462
LOKIASV2_0635_ESMFold_hypothetical_protein	AF-Q6K961-F1-model_v4	AF-Q6K961-F1-model_v4 Os02g0832700 protein	5.561E+00	0.069	27	1	89	92	38	192	276	156	0.967	0.562
LOKIASV2_0635_ESMFold_hypothetical_protein	AF-Q14667-F1-model_v4	AF-Q14667-F1-model_v4 Protein KIAA0100	7.092E+00	0.069	27	7	89	92	1781	1881	2235	101	0.902	0.045
LOKIASV2_0635_ESMFold_hypothetical_protein	AF-Q9D9Y7-F1-model_v4	AF-Q9D9Y7-F1-model_v4 Membrane-spanning 4-domains, subfamily A, member 19	6.280E+00	0.063	26	8	89	92	2	98	111	97	0.891	0.874
LOKIASV2_0635_ESMFold_hypothetical_protein	AF-F6P528-F1-model_v4	AF-F6P528-F1-model_v4 Transmembrane protein 209	9.045E+00	0.063	26	8	84	92	4	87	553	84	0.837	0.152
LOKIASV2_0635_ESMFold_hypothetical_protein	AF-A0A0P0V3F3-F1-model_v4	AF-A0A0P0V3F3-F1-model_v4 Os01g0522400 protein	7.092E+00	0.063	26	2	83	92	27	114	687	90	0.891	0.128
LOKIASV2_0635_ESMFold_hypothetical_protein	AF-K7LWQ2-F1-model_v4	AF-K7LWQ2-F1-model_v4 SUN domain-containing protein	8.512E+00	0.057	25	12	89	92	455	540	541	89	0.848	0.159
