LOKIASV2_0553_ESMFold_hypothetical_protein	AF-Q88FY1-F1-model_v4	AF-Q88FY1-F1-model_v4 2,5-dihydroxypyridine 5,6-dioxygenase	2.676E-19	1.000	509	1	363	366	1	344	350	405	0.992	0.983
LOKIASV2_0553_ESMFold_hypothetical_protein	AF-P24828-F1-model_v4	AF-P24828-F1-model_v4 Aminopeptidase 2	2.191E-12	1.000	258	1	364	366	1	412	413	469	0.995	0.998
LOKIASV2_0553_ESMFold_hypothetical_protein	AF-P39762-F1-model_v4	AF-P39762-F1-model_v4 Aminopeptidase AmpS	2.751E-09	1.000	202	1	362	366	1	410	410	469	0.989	1.000
LOKIASV2_0553_ESMFold_hypothetical_protein	AF-Q67T48-F1-model_v4	AF-Q67T48-F1-model_v4 Coproporphyrin III ferrochelatase	1.100E-01	0.663	56	2	125	366	164	293	320	141	0.339	0.406
LOKIASV2_0553_ESMFold_hypothetical_protein	AF-J7SZ64-F1-model_v4	AF-J7SZ64-F1-model_v4 Tryptophan decarboxylase	6.752E-02	0.632	55	4	129	366	117	229	417	145	0.344	0.271
LOKIASV2_0553_ESMFold_hypothetical_protein	AF-A5DAY6-F1-model_v4	AF-A5DAY6-F1-model_v4 Catabolic 3-dehydroquinase	2.286E-01	0.473	50	24	128	366	3	103	146	117	0.287	0.692
LOKIASV2_0553_ESMFold_hypothetical_protein	AF-Q46GQ1-F1-model_v4	AF-Q46GQ1-F1-model_v4 Ferrochelatase	4.472E-01	0.473	50	3	129	366	169	306	391	148	0.347	0.353
LOKIASV2_0553_ESMFold_hypothetical_protein	AF-O59786-F1-model_v4	AF-O59786-F1-model_v4 Ferrochelatase, mitochondrial	1.321E-01	0.473	50	2	127	366	233	368	423	148	0.344	0.322
LOKIASV2_0553_ESMFold_hypothetical_protein	AF-Q7RTX1-F1-model_v4	AF-Q7RTX1-F1-model_v4 Taste receptor type 1 member 1	1.492E-01	0.442	49	5	128	366	192	300	841	135	0.339	0.130
LOKIASV2_0553_ESMFold_hypothetical_protein	AF-P61817-F1-model_v4	AF-P61817-F1-model_v4 Sirohydrochlorin ferrochelatase	3.958E-01	0.382	47	2	127	366	115	231	266	138	0.344	0.440
LOKIASV2_0553_ESMFold_hypothetical_protein	AF-Q63ES4-F1-model_v4	AF-Q63ES4-F1-model_v4 Coproporphyrin III ferrochelatase 1	1.685E-01	0.382	47	3	164	366	150	311	311	184	0.443	0.521
LOKIASV2_0553_ESMFold_hypothetical_protein	AF-Q6NH66-F1-model_v4	AF-Q6NH66-F1-model_v4 Coproporphyrin III ferrochelatase	2.918E-01	0.382	47	4	127	366	165	308	369	150	0.339	0.390
LOKIASV2_0553_ESMFold_hypothetical_protein	AF-A9BEE9-F1-model_v4	AF-A9BEE9-F1-model_v4 Ferrochelatase	2.151E-01	0.382	47	4	166	366	166	332	391	186	0.445	0.427
LOKIASV2_0553_ESMFold_hypothetical_protein	AF-A2C0Y4-F1-model_v4	AF-A2C0Y4-F1-model_v4 Ferrochelatase	6.853E-01	0.382	47	3	129	366	169	306	391	148	0.347	0.353
LOKIASV2_0553_ESMFold_hypothetical_protein	AF-Q73C98-F1-model_v4	AF-Q73C98-F1-model_v4 Coproporphyrin III ferrochelatase 1	1.791E-01	0.353	46	3	164	366	150	311	311	184	0.443	0.521
LOKIASV2_0553_ESMFold_hypothetical_protein	AF-Q7VHH1-F1-model_v4	AF-Q7VHH1-F1-model_v4 Ferrochelatase	3.102E-01	0.353	46	3	105	366	149	251	311	115	0.281	0.331
LOKIASV2_0553_ESMFold_hypothetical_protein	AF-Q6HM97-F1-model_v4	AF-Q6HM97-F1-model_v4 Coproporphyrin III ferrochelatase 1	1.791E-01	0.353	46	3	164	366	150	311	311	184	0.443	0.521
LOKIASV2_0553_ESMFold_hypothetical_protein	AF-Q7VD58-F1-model_v4	AF-Q7VD58-F1-model_v4 Ferrochelatase	4.207E-01	0.353	46	5	123	366	167	299	391	140	0.325	0.340
LOKIASV2_0553_ESMFold_hypothetical_protein	AF-Q58248-F1-model_v4	AF-Q58248-F1-model_v4 Uncharacterized protein MJ0838	4.753E-01	0.326	45	25	134	366	2	90	223	117	0.301	0.399
LOKIASV2_0553_ESMFold_hypothetical_protein	AF-O67083-F1-model_v4	AF-O67083-F1-model_v4 Ferrochelatase	2.583E-01	0.326	45	2	104	366	156	254	309	110	0.281	0.320
LOKIASV2_0553_ESMFold_hypothetical_protein	AF-Q7MB18-F1-model_v4	AF-Q7MB18-F1-model_v4 Autoinducer 2-binding protein LsrB	2.151E-01	0.326	45	24	169	366	27	151	339	152	0.399	0.369
LOKIASV2_0553_ESMFold_hypothetical_protein	AF-Q8XAY9-F1-model_v4	AF-Q8XAY9-F1-model_v4 Autoinducer 2-binding protein LsrB	1.404E-01	0.326	45	23	161	366	26	149	340	150	0.380	0.365
LOKIASV2_0553_ESMFold_hypothetical_protein	AF-B1LF99-F1-model_v4	AF-B1LF99-F1-model_v4 Autoinducer 2-binding protein LsrB	1.404E-01	0.326	45	23	161	366	26	149	340	150	0.380	0.365
LOKIASV2_0553_ESMFold_hypothetical_protein	AF-P0C888-F1-model_v4	AF-P0C888-F1-model_v4 Autoinducer 2-binding protein LsrB	1.321E-01	0.326	45	23	161	366	26	149	340	150	0.380	0.365
LOKIASV2_0553_ESMFold_hypothetical_protein	AF-B1IRU4-F1-model_v4	AF-B1IRU4-F1-model_v4 Autoinducer 2-binding protein LsrB	1.404E-01	0.326	45	23	161	366	26	149	340	150	0.380	0.365
LOKIASV2_0553_ESMFold_hypothetical_protein	AF-P0C887-F1-model_v4	AF-P0C887-F1-model_v4 Autoinducer 2-binding protein LsrB	1.242E-01	0.326	45	23	161	366	26	149	340	150	0.380	0.365
LOKIASV2_0553_ESMFold_hypothetical_protein	AF-A7ZLX3-F1-model_v4	AF-A7ZLX3-F1-model_v4 Autoinducer 2-binding protein LsrB	1.321E-01	0.326	45	23	161	366	26	149	340	150	0.380	0.365
LOKIASV2_0553_ESMFold_hypothetical_protein	AF-P76142-F1-model_v4	AF-P76142-F1-model_v4 Autoinducer 2-binding protein LsrB	1.492E-01	0.326	45	23	161	366	26	149	340	150	0.380	0.365
LOKIASV2_0553_ESMFold_hypothetical_protein	AF-Q9F9B2-F1-model_v4	AF-Q9F9B2-F1-model_v4 Fructose import binding protein FrcB	1.586E-01	0.326	45	23	171	366	26	157	341	158	0.407	0.387
LOKIASV2_0553_ESMFold_hypothetical_protein	AF-Q2PBL7-F1-model_v4	AF-Q2PBL7-F1-model_v4 Autoinducer 2-binding protein LsrB	2.286E-01	0.301	44	24	169	366	27	151	339	152	0.399	0.369
LOKIASV2_0553_ESMFold_hypothetical_protein	AF-A8A069-F1-model_v4	AF-A8A069-F1-model_v4 Autoinducer 2-binding protein LsrB	1.685E-01	0.301	44	23	161	366	26	149	340	150	0.380	0.365
LOKIASV2_0553_ESMFold_hypothetical_protein	AF-A6USK4-F1-model_v4	AF-A6USK4-F1-model_v4 UDP-N-acetyl-D-mannosamine dehydrogenase	2.430E-01	0.301	44	6	136	366	294	411	427	141	0.358	0.276
LOKIASV2_0553_ESMFold_hypothetical_protein	AF-Q57HE0-F1-model_v4	AF-Q57HE0-F1-model_v4 Autoinducer 2-binding protein LsrB	2.583E-01	0.277	43	23	162	366	26	149	340	143	0.383	0.365
LOKIASV2_0553_ESMFold_hypothetical_protein	AF-B1XEA4-F1-model_v4	AF-B1XEA4-F1-model_v4 Autoinducer 2-binding protein LsrB	3.504E-01	0.277	43	24	161	366	28	149	340	149	0.377	0.359
LOKIASV2_0553_ESMFold_hypothetical_protein	AF-A9VI99-F1-model_v4	AF-A9VI99-F1-model_v4 Coproporphyrin III ferrochelatase	3.504E-01	0.254	42	4	164	366	154	311	311	180	0.440	0.508
LOKIASV2_0553_ESMFold_hypothetical_protein	AF-Q81U22-F1-model_v4	AF-Q81U22-F1-model_v4 Coproporphyrin III ferrochelatase 1	3.297E-01	0.254	42	4	164	366	154	311	311	180	0.440	0.508
LOKIASV2_0553_ESMFold_hypothetical_protein	AF-B4SNS0-F1-model_v4	AF-B4SNS0-F1-model_v4 Ferrochelatase	7.743E-01	0.233	41	2	127	366	164	297	320	146	0.344	0.419
LOKIASV2_0553_ESMFold_hypothetical_protein	AF-Q8EFF4-F1-model_v4	AF-Q8EFF4-F1-model_v4 Ferrochelatase 1	7.743E-01	0.233	41	2	105	366	171	273	334	112	0.284	0.308
LOKIASV2_0553_ESMFold_hypothetical_protein	AF-A4TQL8-F1-model_v4	AF-A4TQL8-F1-model_v4 Autoinducer 2-binding protein LsrB	2.745E-01	0.233	41	23	169	366	25	151	339	158	0.402	0.375
LOKIASV2_0553_ESMFold_hypothetical_protein	AF-Q74PW2-F1-model_v4	AF-Q74PW2-F1-model_v4 Autoinducer 2-binding protein LsrB	3.102E-01	0.233	41	23	169	366	25	151	339	158	0.402	0.375
LOKIASV2_0553_ESMFold_hypothetical_protein	AF-Q1CN18-F1-model_v4	AF-Q1CN18-F1-model_v4 Autoinducer 2-binding protein LsrB	3.102E-01	0.233	41	23	169	366	25	151	339	158	0.402	0.375
LOKIASV2_0553_ESMFold_hypothetical_protein	AF-Q57995-F1-model_v4	AF-Q57995-F1-model_v4 Uncharacterized protein MJ0575	2.430E-01	0.214	40	24	130	366	2	95	229	120	0.292	0.410
LOKIASV2_0553_ESMFold_hypothetical_protein	AF-A6TEB5-F1-model_v4	AF-A6TEB5-F1-model_v4 Autoinducer 2-binding protein LsrB	3.102E-01	0.214	40	23	169	366	19	145	333	158	0.402	0.381
LOKIASV2_0553_ESMFold_hypothetical_protein	AF-A4WER1-F1-model_v4	AF-A4WER1-F1-model_v4 Autoinducer 2-binding protein LsrB	2.918E-01	0.214	40	23	169	366	19	145	333	158	0.402	0.381
LOKIASV2_0553_ESMFold_hypothetical_protein	AF-A9R0S5-F1-model_v4	AF-A9R0S5-F1-model_v4 Autoinducer 2-binding protein LsrB	3.297E-01	0.214	40	23	169	366	25	151	339	158	0.402	0.375
LOKIASV2_0553_ESMFold_hypothetical_protein	AF-Q1C135-F1-model_v4	AF-Q1C135-F1-model_v4 Autoinducer 2-binding protein LsrB	3.297E-01	0.214	40	23	169	366	25	151	339	158	0.402	0.375
LOKIASV2_0553_ESMFold_hypothetical_protein	AF-A9MZG4-F1-model_v4	AF-A9MZG4-F1-model_v4 Autoinducer 2-binding protein LsrB	5.708E-01	0.214	40	23	161	366	26	149	340	148	0.380	0.365
LOKIASV2_0553_ESMFold_hypothetical_protein	AF-Q5PJE4-F1-model_v4	AF-Q5PJE4-F1-model_v4 Autoinducer 2-binding protein LsrB	3.958E-01	0.214	40	23	162	366	26	149	340	146	0.383	0.365
LOKIASV2_0553_ESMFold_hypothetical_protein	AF-Q8Z2X8-F1-model_v4	AF-Q8Z2X8-F1-model_v4 Autoinducer 2-binding protein LsrB	5.370E-01	0.214	40	23	161	366	26	149	340	148	0.380	0.365
LOKIASV2_0553_ESMFold_hypothetical_protein	AF-P0A577-F1-model_v4	AF-P0A577-F1-model_v4 Coproporphyrin III ferrochelatase	1.050E+00	0.214	40	3	127	366	147	277	344	143	0.342	0.381
LOKIASV2_0553_ESMFold_hypothetical_protein	AF-O32006-F1-model_v4	AF-O32006-F1-model_v4 Resolvase homolog YokA	3.724E-01	0.214	40	24	171	366	12	176	545	176	0.404	0.303
LOKIASV2_0553_ESMFold_hypothetical_protein	AF-Q8ZKQ1-F1-model_v4	AF-Q8ZKQ1-F1-model_v4 Autoinducer 2-binding protein LsrB	4.207E-01	0.196	39	23	161	366	26	149	340	150	0.380	0.365
LOKIASV2_0553_ESMFold_hypothetical_protein	AF-B2K3F8-F1-model_v4	AF-B2K3F8-F1-model_v4 Autoinducer 2-binding protein LsrB	5.370E-01	0.179	38	23	169	366	25	151	339	158	0.402	0.375
LOKIASV2_0553_ESMFold_hypothetical_protein	AF-Q66EZ2-F1-model_v4	AF-Q66EZ2-F1-model_v4 Autoinducer 2-binding protein LsrB	4.753E-01	0.179	38	23	169	366	25	151	339	158	0.402	0.375
LOKIASV2_0553_ESMFold_hypothetical_protein	AF-Q15NQ1-F1-model_v4	AF-Q15NQ1-F1-model_v4 Ferrochelatase	1.116E+00	0.179	38	2	127	366	180	313	360	145	0.344	0.372
LOKIASV2_0553_ESMFold_hypothetical_protein	AF-A1U0R2-F1-model_v4	AF-A1U0R2-F1-model_v4 Ferrochelatase	1.050E+00	0.179	38	2	127	366	180	313	370	145	0.344	0.362
LOKIASV2_0553_ESMFold_hypothetical_protein	AF-Q6AHF2-F1-model_v4	AF-Q6AHF2-F1-model_v4 Coproporphyrin III ferrochelatase	9.882E-01	0.179	38	4	127	366	176	325	389	163	0.339	0.386
LOKIASV2_0553_ESMFold_hypothetical_protein	AF-O27673-F1-model_v4	AF-O27673-F1-model_v4 S-inosyl-L-homocysteine hydrolase	6.448E-01	0.179	38	6	131	366	188	295	417	138	0.344	0.259
LOKIASV2_0553_ESMFold_hypothetical_protein	AF-A6UU98-F1-model_v4	AF-A6UU98-F1-model_v4 UDP-N-acetyl-D-mannosamine dehydrogenase	6.448E-01	0.179	38	4	136	366	296	416	438	147	0.363	0.276
LOKIASV2_0553_ESMFold_hypothetical_protein	AF-Q08AH1-F1-model_v4	AF-Q08AH1-F1-model_v4 Acyl-coenzyme A synthetase ACSM1, mitochondrial	6.448E-01	0.179	38	5	131	366	93	191	577	137	0.347	0.172
LOKIASV2_0553_ESMFold_hypothetical_protein	AF-A3LYE4-F1-model_v4	AF-A3LYE4-F1-model_v4 Catabolic 3-dehydroquinase	8.747E-01	0.164	37	24	128	366	3	103	146	121	0.287	0.692
LOKIASV2_0553_ESMFold_hypothetical_protein	AF-Q5HIG5-F1-model_v4	AF-Q5HIG5-F1-model_v4 Hypoxanthine-guanine phosphoribosyltransferase	4.207E-01	0.164	37	4	129	366	13	126	179	146	0.344	0.637
LOKIASV2_0553_ESMFold_hypothetical_protein	AF-Q6LZS1-F1-model_v4	AF-Q6LZS1-F1-model_v4 Ornithine carbamoyltransferase	1.685E-01	0.164	37	4	162	366	12	140	304	166	0.434	0.424
LOKIASV2_0553_ESMFold_hypothetical_protein	AF-Q7M7P9-F1-model_v4	AF-Q7M7P9-F1-model_v4 Ferrochelatase	1.187E+00	0.164	37	5	105	366	160	260	316	108	0.276	0.320
LOKIASV2_0553_ESMFold_hypothetical_protein	AF-B5FBZ6-F1-model_v4	AF-B5FBZ6-F1-model_v4 Ferrochelatase	1.425E+00	0.164	37	2	127	366	163	296	322	147	0.344	0.416
LOKIASV2_0553_ESMFold_hypothetical_protein	AF-C5BD17-F1-model_v4	AF-C5BD17-F1-model_v4 Ferrochelatase	1.514E+00	0.164	37	3	136	366	166	308	322	155	0.366	0.444
LOKIASV2_0553_ESMFold_hypothetical_protein	AF-B1JLQ3-F1-model_v4	AF-B1JLQ3-F1-model_v4 Autoinducer 2-binding protein LsrB	6.066E-01	0.164	37	23	169	366	25	151	339	158	0.402	0.375
LOKIASV2_0553_ESMFold_hypothetical_protein	AF-P54083-F1-model_v4	AF-P54083-F1-model_v4 Multiple sugar-binding periplasmic protein SbpA	4.472E-01	0.164	37	23	163	366	29	153	357	150	0.385	0.350
LOKIASV2_0553_ESMFold_hypothetical_protein	AF-Q3JAW7-F1-model_v4	AF-Q3JAW7-F1-model_v4 Ferrochelatase	9.882E-01	0.164	37	2	125	366	179	310	368	143	0.339	0.359
LOKIASV2_0553_ESMFold_hypothetical_protein	AF-Q7V6C6-F1-model_v4	AF-Q7V6C6-F1-model_v4 Ferrochelatase	1.610E+00	0.164	37	3	105	366	166	272	391	116	0.281	0.274
LOKIASV2_0553_ESMFold_hypothetical_protein	AF-A0KMZ9-F1-model_v4	AF-A0KMZ9-F1-model_v4 Glutamyl-tRNA reductase	6.066E-01	0.164	37	6	127	366	163	278	419	141	0.333	0.277
LOKIASV2_0553_ESMFold_hypothetical_protein	AF-A4FYS5-F1-model_v4	AF-A4FYS5-F1-model_v4 Ornithine carbamoyltransferase	2.024E-01	0.150	36	4	162	366	12	140	304	166	0.434	0.424
LOKIASV2_0553_ESMFold_hypothetical_protein	AF-P56107-F1-model_v4	AF-P56107-F1-model_v4 Ferrochelatase	8.747E-01	0.150	36	2	105	366	176	279	334	115	0.284	0.311
LOKIASV2_0553_ESMFold_hypothetical_protein	AF-Q5QVZ8-F1-model_v4	AF-Q5QVZ8-F1-model_v4 Ferrochelatase	1.261E+00	0.150	36	2	127	366	180	313	364	144	0.344	0.368
LOKIASV2_0553_ESMFold_hypothetical_protein	AF-P0C7M7-F1-model_v4	AF-P0C7M7-F1-model_v4 Acyl-coenzyme A synthetase ACSM4, mitochondrial	5.708E-01	0.150	36	5	133	366	96	193	580	136	0.352	0.169
LOKIASV2_0553_ESMFold_hypothetical_protein	AF-Q6TAC4-F1-model_v4	AF-Q6TAC4-F1-model_v4 Vomeronasal type-2 receptor 26	5.052E-01	0.150	36	1	137	366	196	312	855	150	0.374	0.137
LOKIASV2_0553_ESMFold_hypothetical_protein	AF-A7F996-F1-model_v4	AF-A7F996-F1-model_v4 Catabolic 3-dehydroquinase	7.284E-01	0.138	35	21	128	366	1	104	154	123	0.295	0.675
LOKIASV2_0553_ESMFold_hypothetical_protein	AF-A0L3K8-F1-model_v4	AF-A0L3K8-F1-model_v4 Shikimate dehydrogenase (NADP(+))	5.052E-01	0.138	35	4	127	366	113	231	286	138	0.339	0.416
LOKIASV2_0553_ESMFold_hypothetical_protein	AF-A6VJK4-F1-model_v4	AF-A6VJK4-F1-model_v4 Ornithine carbamoyltransferase	2.745E-01	0.138	35	4	162	366	12	140	304	166	0.434	0.424
LOKIASV2_0553_ESMFold_hypothetical_protein	AF-Q87RH3-F1-model_v4	AF-Q87RH3-F1-model_v4 Ferrochelatase	2.054E+00	0.138	35	3	125	366	165	295	320	143	0.336	0.409
LOKIASV2_0553_ESMFold_hypothetical_protein	AF-B2I2R9-F1-model_v4	AF-B2I2R9-F1-model_v4 Ferrochelatase	1.514E+00	0.138	35	2	136	366	172	315	338	157	0.369	0.426
LOKIASV2_0553_ESMFold_hypothetical_protein	AF-A3M1P7-F1-model_v4	AF-A3M1P7-F1-model_v4 Ferrochelatase	1.711E+00	0.138	35	2	136	366	172	315	338	157	0.369	0.426
LOKIASV2_0553_ESMFold_hypothetical_protein	AF-C0QR27-F1-model_v4	AF-C0QR27-F1-model_v4 Lipid-A-disaccharide synthase	2.286E-01	0.138	35	11	136	366	171	295	379	136	0.344	0.330
LOKIASV2_0553_ESMFold_hypothetical_protein	AF-B0BTQ9-F1-model_v4	AF-B0BTQ9-F1-model_v4 Glutamyl-tRNA reductase	4.472E-01	0.138	35	6	136	366	179	272	436	133	0.358	0.216
LOKIASV2_0553_ESMFold_hypothetical_protein	AF-P69452-F1-model_v4	AF-P69452-F1-model_v4 Long-chain-fatty-acid--CoA ligase	2.054E+00	0.138	35	4	129	366	55	151	561	130	0.344	0.173
LOKIASV2_0553_ESMFold_hypothetical_protein	AF-Q1XDF6-F1-model_v4	AF-Q1XDF6-F1-model_v4 Acetolactate synthase large subunit	9.882E-01	0.138	35	4	129	366	204	314	590	141	0.344	0.188
LOKIASV2_0553_ESMFold_hypothetical_protein	AF-P0CI65-F1-model_v4	AF-P0CI65-F1-model_v4 Nephrocystin-3	2.745E-01	0.138	35	5	129	366	255	373	1303	140	0.342	0.091
LOKIASV2_0553_ESMFold_hypothetical_protein	AF-P0C2P1-F1-model_v4	AF-P0C2P1-F1-model_v4 Blasticidin-S deaminase	9.882E-01	0.126	34	148	189	366	6	46	130	42	0.115	0.315
LOKIASV2_0553_ESMFold_hypothetical_protein	AF-B6YSY5-F1-model_v4	AF-B6YSY5-F1-model_v4 UPF0292 protein TON_0187	4.472E-01	0.126	34	1	125	366	1	92	133	129	0.342	0.692
LOKIASV2_0553_ESMFold_hypothetical_protein	AF-Q6GBX8-F1-model_v4	AF-Q6GBX8-F1-model_v4 Hypoxanthine-guanine phosphoribosyltransferase	6.448E-01	0.126	34	4	129	366	13	126	179	146	0.344	0.637
LOKIASV2_0553_ESMFold_hypothetical_protein	AF-A5A6I1-F1-model_v4	AF-A5A6I1-F1-model_v4 Hypoxanthine-guanine phosphoribosyltransferase	1.050E+00	0.126	34	4	128	366	44	163	218	147	0.342	0.550
LOKIASV2_0553_ESMFold_hypothetical_protein	AF-P27605-F1-model_v4	AF-P27605-F1-model_v4 Hypoxanthine-guanine phosphoribosyltransferase	1.514E+00	0.126	34	4	128	366	44	163	218	145	0.342	0.550
LOKIASV2_0553_ESMFold_hypothetical_protein	AF-A6UNM1-F1-model_v4	AF-A6UNM1-F1-model_v4 Ornithine carbamoyltransferase	3.958E-01	0.126	34	4	156	366	12	143	305	162	0.418	0.433
LOKIASV2_0553_ESMFold_hypothetical_protein	AF-P77269-F1-model_v4	AF-P77269-F1-model_v4 ABC transporter periplasmic-binding protein YphF	3.958E-01	0.126	34	23	163	366	27	159	327	155	0.385	0.407
LOKIASV2_0553_ESMFold_hypothetical_protein	AF-A6T228-F1-model_v4	AF-A6T228-F1-model_v4 Ferrochelatase	1.610E+00	0.126	34	2	136	366	179	322	368	156	0.369	0.391
LOKIASV2_0553_ESMFold_hypothetical_protein	AF-Q8TRA5-F1-model_v4	AF-Q8TRA5-F1-model_v4 S-inosyl-L-homocysteine hydrolase	1.904E-01	0.126	34	2	208	366	178	339	411	229	0.566	0.394
LOKIASV2_0553_ESMFold_hypothetical_protein	AF-Q62DF2-F1-model_v4	AF-Q62DF2-F1-model_v4 Glutamyl-tRNA reductase	7.743E-01	0.126	34	6	127	366	170	285	432	144	0.333	0.269
LOKIASV2_0553_ESMFold_hypothetical_protein	AF-Q3JN88-F1-model_v4	AF-Q3JN88-F1-model_v4 Glutamyl-tRNA reductase	7.743E-01	0.126	34	6	127	366	170	285	432	144	0.333	0.269
LOKIASV2_0553_ESMFold_hypothetical_protein	AF-B3H0R8-F1-model_v4	AF-B3H0R8-F1-model_v4 Glutamyl-tRNA reductase	5.052E-01	0.126	34	6	136	366	179	272	436	133	0.358	0.216
LOKIASV2_0553_ESMFold_hypothetical_protein	AF-Q5RCE6-F1-model_v4	AF-Q5RCE6-F1-model_v4 Ribosomal L1 domain-containing protein 1	7.743E-01	0.126	34	18	134	366	87	189	490	127	0.320	0.210
LOKIASV2_0553_ESMFold_hypothetical_protein	AF-O76021-F1-model_v4	AF-O76021-F1-model_v4 Ribosomal L1 domain-containing protein 1	1.116E+00	0.126	34	18	104	366	87	158	490	88	0.238	0.147
LOKIASV2_0553_ESMFold_hypothetical_protein	AF-Q6GJG1-F1-model_v4	AF-Q6GJG1-F1-model_v4 Hypoxanthine-guanine phosphoribosyltransferase	8.747E-01	0.116	33	4	129	366	13	126	179	146	0.344	0.637
LOKIASV2_0553_ESMFold_hypothetical_protein	AF-P65828-F1-model_v4	AF-P65828-F1-model_v4 Hypoxanthine-guanine phosphoribosyltransferase	8.229E-01	0.116	33	4	129	366	13	126	179	146	0.344	0.637
LOKIASV2_0553_ESMFold_hypothetical_protein	AF-P99085-F1-model_v4	AF-P99085-F1-model_v4 Hypoxanthine-guanine phosphoribosyltransferase	8.747E-01	0.116	33	4	129	366	13	126	179	145	0.344	0.637
LOKIASV2_0553_ESMFold_hypothetical_protein	AF-Q5E6Q7-F1-model_v4	AF-Q5E6Q7-F1-model_v4 Ferrochelatase	2.787E+00	0.116	33	2	127	366	163	296	322	145	0.344	0.416
LOKIASV2_0553_ESMFold_hypothetical_protein	AF-Q8RB77-F1-model_v4	AF-Q8RB77-F1-model_v4 Germination protease	1.261E+00	0.116	33	4	104	366	77	177	324	110	0.276	0.312
LOKIASV2_0553_ESMFold_hypothetical_protein	AF-B8GU82-F1-model_v4	AF-B8GU82-F1-model_v4 Ferrochelatase	2.054E+00	0.116	33	4	127	366	186	314	369	145	0.339	0.350
LOKIASV2_0553_ESMFold_hypothetical_protein	AF-Q9PLN4-F1-model_v4	AF-Q9PLN4-F1-model_v4 Phosphoglycerate kinase	4.207E-01	0.116	33	10	130	366	179	358	403	185	0.331	0.447
LOKIASV2_0553_ESMFold_hypothetical_protein	AF-Q5HLX6-F1-model_v4	AF-Q5HLX6-F1-model_v4 Molybdopterin molybdenumtransferase	6.448E-01	0.116	33	23	121	366	182	272	419	112	0.270	0.217
LOKIASV2_0553_ESMFold_hypothetical_protein	AF-A3MZC2-F1-model_v4	AF-A3MZC2-F1-model_v4 Glutamyl-tRNA reductase	6.448E-01	0.116	33	6	136	366	179	272	436	133	0.358	0.216
LOKIASV2_0553_ESMFold_hypothetical_protein	AF-P0C2P0-F1-model_v4	AF-P0C2P0-F1-model_v4 Blasticidin-S deaminase	1.340E+00	0.106	32	148	189	366	6	46	130	42	0.115	0.315
LOKIASV2_0553_ESMFold_hypothetical_protein	AF-Q6LDD9-F1-model_v4	AF-Q6LDD9-F1-model_v4 Hypoxanthine-guanine phosphoribosyltransferase	1.514E+00	0.106	32	4	128	366	44	163	218	145	0.342	0.550
LOKIASV2_0553_ESMFold_hypothetical_protein	AF-A1TT64-F1-model_v4	AF-A1TT64-F1-model_v4 NAD kinase	5.623E-02	0.106	32	20	357	366	1	261	298	373	0.923	0.876
LOKIASV2_0553_ESMFold_hypothetical_protein	AF-Q9KTB6-F1-model_v4	AF-Q9KTB6-F1-model_v4 Ferrochelatase	2.962E+00	0.106	32	3	105	366	165	266	320	112	0.281	0.319
LOKIASV2_0553_ESMFold_hypothetical_protein	AF-B0U456-F1-model_v4	AF-B0U456-F1-model_v4 Ferrochelatase	3.780E+00	0.106	32	3	127	366	169	297	320	142	0.342	0.403
LOKIASV2_0553_ESMFold_hypothetical_protein	AF-B8F4X6-F1-model_v4	AF-B8F4X6-F1-model_v4 Glutamyl-tRNA reductase	9.882E-01	0.106	32	6	127	366	179	296	435	146	0.333	0.271
LOKIASV2_0553_ESMFold_hypothetical_protein	AF-Q2FT57-F1-model_v4	AF-Q2FT57-F1-model_v4 Bifunctional NAD(P)H-hydrate repair enzyme Nnr	1.933E+00	0.106	32	5	129	366	220	335	479	141	0.342	0.242
LOKIASV2_0553_ESMFold_hypothetical_protein	AF-A4FV97-F1-model_v4	AF-A4FV97-F1-model_v4 Ribosomal L1 domain-containing protein 1	1.425E+00	0.106	32	20	104	366	87	156	482	86	0.232	0.145
LOKIASV2_0553_ESMFold_hypothetical_protein	AF-Q8U0Z8-F1-model_v4	AF-Q8U0Z8-F1-model_v4 Probable membrane-bound hydrogenase subunit mbhJ	3.958E-01	0.098	31	1	143	366	1	120	167	158	0.391	0.719
LOKIASV2_0553_ESMFold_hypothetical_protein	AF-Q8CQV4-F1-model_v4	AF-Q8CQV4-F1-model_v4 Hypoxanthine-guanine phosphoribosyltransferase	1.050E+00	0.098	31	4	128	366	13	127	179	147	0.342	0.642
LOKIASV2_0553_ESMFold_hypothetical_protein	AF-P65827-F1-model_v4	AF-P65827-F1-model_v4 Hypoxanthine-guanine phosphoribosyltransferase	1.050E+00	0.098	31	4	129	366	13	126	179	146	0.344	0.637
LOKIASV2_0553_ESMFold_hypothetical_protein	AF-Q64531-F1-model_v4	AF-Q64531-F1-model_v4 Hypoxanthine-guanine phosphoribosyltransferase	2.054E+00	0.098	31	4	128	366	44	163	214	145	0.342	0.561
LOKIASV2_0553_ESMFold_hypothetical_protein	AF-Q6WIT9-F1-model_v4	AF-Q6WIT9-F1-model_v4 Hypoxanthine-guanine phosphoribosyltransferase	1.818E+00	0.098	31	4	128	366	44	163	218	145	0.342	0.550
LOKIASV2_0553_ESMFold_hypothetical_protein	AF-P00492-F1-model_v4	AF-P00492-F1-model_v4 Hypoxanthine-guanine phosphoribosyltransferase	1.340E+00	0.098	31	4	143	366	44	177	218	161	0.383	0.615
LOKIASV2_0553_ESMFold_hypothetical_protein	AF-Q9NRG1-F1-model_v4	AF-Q9NRG1-F1-model_v4 Phosphoribosyltransferase domain-containing protein 1	1.340E+00	0.098	31	3	134	366	50	184	225	160	0.361	0.600
LOKIASV2_0553_ESMFold_hypothetical_protein	AF-Q9Z8K3-F1-model_v4	AF-Q9Z8K3-F1-model_v4 Bifunctional protein FolD	7.743E-01	0.098	31	3	161	366	6	130	286	168	0.434	0.437
LOKIASV2_0553_ESMFold_hypothetical_protein	AF-Q6QRN6-F1-model_v4	AF-Q6QRN6-F1-model_v4 NAD(P)H-hydrate epimerase	2.918E-01	0.098	31	5	128	366	90	217	288	149	0.339	0.444
LOKIASV2_0553_ESMFold_hypothetical_protein	AF-Q7V0J3-F1-model_v4	AF-Q7V0J3-F1-model_v4 Ornithine carbamoyltransferase	4.753E-01	0.098	31	3	159	366	23	146	308	160	0.429	0.403
LOKIASV2_0553_ESMFold_hypothetical_protein	AF-A6VKQ8-F1-model_v4	AF-A6VKQ8-F1-model_v4 D-apiose import binding protein	1.818E+00	0.098	31	24	160	366	22	143	310	151	0.374	0.394
LOKIASV2_0553_ESMFold_hypothetical_protein	AF-A4IYH5-F1-model_v4	AF-A4IYH5-F1-model_v4 Ferrochelatase	3.780E+00	0.098	31	2	127	366	171	307	333	147	0.344	0.411
LOKIASV2_0553_ESMFold_hypothetical_protein	AF-B7H0X1-F1-model_v4	AF-B7H0X1-F1-model_v4 Ferrochelatase	3.148E+00	0.098	31	2	136	366	172	315	338	157	0.369	0.426
LOKIASV2_0553_ESMFold_hypothetical_protein	AF-A1JJ52-F1-model_v4	AF-A1JJ52-F1-model_v4 Autoinducer 2-binding protein LsrB	1.791E-01	0.098	31	4	212	366	138	329	344	250	0.571	0.558
LOKIASV2_0553_ESMFold_hypothetical_protein	AF-A0A0C5DM37-F1-model_v4	AF-A0A0C5DM37-F1-model_v4 CYP enzymes assisting alcohol dehydrogenase	8.229E-01	0.098	31	5	138	366	174	304	376	150	0.366	0.348
LOKIASV2_0553_ESMFold_hypothetical_protein	AF-Q0I8L9-F1-model_v4	AF-Q0I8L9-F1-model_v4 Ferrochelatase	2.787E+00	0.098	31	3	165	366	166	331	391	187	0.445	0.425
LOKIASV2_0553_ESMFold_hypothetical_protein	AF-Q2SLT4-F1-model_v4	AF-Q2SLT4-F1-model_v4 Adenosylhomocysteinase	5.370E-01	0.098	31	5	208	366	202	373	463	227	0.557	0.371
LOKIASV2_0553_ESMFold_hypothetical_protein	AF-Q02TY0-F1-model_v4	AF-Q02TY0-F1-model_v4 Adenosylhomocysteinase	1.933E+00	0.098	31	5	136	366	202	332	469	148	0.361	0.279
LOKIASV2_0553_ESMFold_hypothetical_protein	AF-Q0HIR5-F1-model_v4	AF-Q0HIR5-F1-model_v4 L-arabinose isomerase	1.818E+00	0.098	31	18	133	366	2	112	500	128	0.317	0.222
LOKIASV2_0553_ESMFold_hypothetical_protein	AF-Q3UNX5-F1-model_v4	AF-Q3UNX5-F1-model_v4 Acyl-coenzyme A synthetase ACSM3, mitochondrial	9.297E-01	0.098	31	4	131	366	92	194	580	138	0.350	0.178
LOKIASV2_0553_ESMFold_hypothetical_protein	AF-A6UWT5-F1-model_v4	AF-A6UWT5-F1-model_v4 Sirohydrochlorin cobaltochelatase	1.610E+00	0.090	30	26	106	366	2	68	143	84	0.221	0.469
LOKIASV2_0553_ESMFold_hypothetical_protein	AF-Q5HRP4-F1-model_v4	AF-Q5HRP4-F1-model_v4 Hypoxanthine-guanine phosphoribosyltransferase	1.187E+00	0.090	30	4	128	366	13	127	179	147	0.342	0.642
LOKIASV2_0553_ESMFold_hypothetical_protein	AF-B0B9I6-F1-model_v4	AF-B0B9I6-F1-model_v4 Bifunctional protein FolD	7.284E-01	0.090	30	3	156	366	6	125	287	163	0.421	0.418
LOKIASV2_0553_ESMFold_hypothetical_protein	AF-F7DL67-F1-model_v4	AF-F7DL67-F1-model_v4 NAD(P)H-hydrate epimerase	4.207E-01	0.090	30	5	128	366	93	221	292	158	0.339	0.442
LOKIASV2_0553_ESMFold_hypothetical_protein	AF-P39325-F1-model_v4	AF-P39325-F1-model_v4 Galactofuranose-binding protein YtfQ	1.610E+00	0.090	30	23	161	366	22	146	318	150	0.380	0.393
LOKIASV2_0553_ESMFold_hypothetical_protein	AF-B2I7H7-F1-model_v4	AF-B2I7H7-F1-model_v4 Ferrochelatase	4.825E+00	0.090	30	5	127	366	171	297	320	140	0.336	0.397
LOKIASV2_0553_ESMFold_hypothetical_protein	AF-A7NBJ3-F1-model_v4	AF-A7NBJ3-F1-model_v4 Ferrochelatase	2.321E+00	0.090	30	2	164	366	170	332	332	187	0.445	0.491
LOKIASV2_0553_ESMFold_hypothetical_protein	AF-A0Q6Z1-F1-model_v4	AF-A0Q6Z1-F1-model_v4 Ferrochelatase	3.780E+00	0.090	30	2	127	366	171	307	333	148	0.344	0.411
LOKIASV2_0553_ESMFold_hypothetical_protein	AF-Q0BME1-F1-model_v4	AF-Q0BME1-F1-model_v4 Ferrochelatase	3.148E+00	0.090	30	2	164	366	171	333	333	183	0.445	0.489
LOKIASV2_0553_ESMFold_hypothetical_protein	AF-Q2A406-F1-model_v4	AF-Q2A406-F1-model_v4 Ferrochelatase	3.557E+00	0.090	30	2	157	366	171	329	333	178	0.426	0.477
LOKIASV2_0553_ESMFold_hypothetical_protein	AF-B2UUI4-F1-model_v4	AF-B2UUI4-F1-model_v4 Ferrochelatase	2.321E+00	0.090	30	3	104	366	177	278	335	113	0.279	0.304
LOKIASV2_0553_ESMFold_hypothetical_protein	AF-A7FMK0-F1-model_v4	AF-A7FMK0-F1-model_v4 Autoinducer 2-binding protein LsrB	1.261E+00	0.090	30	23	169	366	25	151	339	160	0.402	0.375
LOKIASV2_0553_ESMFold_hypothetical_protein	AF-Q7S4G7-F1-model_v4	AF-Q7S4G7-F1-model_v4 Methylthioribose-1-phosphate isomerase	8.747E-01	0.090	30	5	127	366	147	288	388	157	0.336	0.366
LOKIASV2_0553_ESMFold_hypothetical_protein	AF-A0KWX7-F1-model_v4	AF-A0KWX7-F1-model_v4 L-arabinose isomerase	2.321E+00	0.090	30	18	133	366	2	112	500	129	0.317	0.222
LOKIASV2_0553_ESMFold_hypothetical_protein	AF-Q84P25-F1-model_v4	AF-Q84P25-F1-model_v4 4-coumarate--CoA ligase-like 2	1.187E+00	0.090	30	1	131	366	75	176	565	140	0.358	0.181
LOKIASV2_0553_ESMFold_hypothetical_protein	AF-P47959-F1-model_v4	AF-P47959-F1-model_v4 Hypoxanthine-guanine phosphoribosyltransferase	2.054E+00	0.082	29	4	139	366	44	173	218	157	0.372	0.596
LOKIASV2_0553_ESMFold_hypothetical_protein	AF-Q8XL63-F1-model_v4	AF-Q8XL63-F1-model_v4 Dihydroorotate dehydrogenase B (NAD(+)), electron transfer subunit	2.184E+00	0.082	29	24	127	366	100	205	246	122	0.284	0.431
LOKIASV2_0553_ESMFold_hypothetical_protein	AF-Q14H85-F1-model_v4	AF-Q14H85-F1-model_v4 Ferrochelatase	4.018E+00	0.082	29	2	157	366	171	329	333	178	0.426	0.477
LOKIASV2_0553_ESMFold_hypothetical_protein	AF-P44011-F1-model_v4	AF-P44011-F1-model_v4 Putative glycosyltransferase HI_0523	1.187E+00	0.082	29	1	128	366	158	284	346	149	0.350	0.367
LOKIASV2_0553_ESMFold_hypothetical_protein	AF-Q8NQA1-F1-model_v4	AF-Q8NQA1-F1-model_v4 Coproporphyrin III ferrochelatase	4.472E-01	0.082	29	19	166	366	3	176	370	189	0.404	0.470
LOKIASV2_0553_ESMFold_hypothetical_protein	AF-B3E4H8-F1-model_v4	AF-B3E4H8-F1-model_v4 Lipid-A-disaccharide synthase	1.514E+00	0.082	29	5	136	366	167	298	383	151	0.361	0.345
LOKIASV2_0553_ESMFold_hypothetical_protein	AF-B8HK77-F1-model_v4	AF-B8HK77-F1-model_v4 Ferrochelatase	2.622E+00	0.082	29	5	104	366	171	267	387	112	0.273	0.251
LOKIASV2_0553_ESMFold_hypothetical_protein	AF-P40924-F1-model_v4	AF-P40924-F1-model_v4 Phosphoglycerate kinase	8.229E-01	0.082	29	4	130	366	173	351	394	196	0.347	0.454
LOKIASV2_0553_ESMFold_hypothetical_protein	AF-Q5REV5-F1-model_v4	AF-Q5REV5-F1-model_v4 Acyl-coenzyme A synthetase ACSM3, mitochondrial	2.962E+00	0.082	29	5	131	366	102	200	586	133	0.347	0.169
LOKIASV2_0553_ESMFold_hypothetical_protein	AF-Q9RMZ9-F1-model_v4	AF-Q9RMZ9-F1-model_v4 Uncharacterized protein pXO2-33/BXB0032/GBAA_pXO2_0032	2.962E+00	0.076	28	1	131	366	1	126	176	150	0.358	0.716
LOKIASV2_0553_ESMFold_hypothetical_protein	AF-Q8ENM6-F1-model_v4	AF-Q8ENM6-F1-model_v4 Shikimate kinase	9.297E-01	0.076	28	18	134	366	2	112	183	130	0.320	0.607
LOKIASV2_0553_ESMFold_hypothetical_protein	AF-Q2P6C7-F1-model_v4	AF-Q2P6C7-F1-model_v4 Pyridoxine/pyridoxamine 5'-phosphate oxidase	7.627E-02	0.076	28	147	347	366	7	170	199	226	0.549	0.824
LOKIASV2_0553_ESMFold_hypothetical_protein	AF-E0V9D8-F1-model_v4	AF-E0V9D8-F1-model_v4 NAD(P)H-hydrate epimerase	6.853E-01	0.076	28	1	128	366	23	155	228	156	0.350	0.583
LOKIASV2_0553_ESMFold_hypothetical_protein	AF-Q26997-F1-model_v4	AF-Q26997-F1-model_v4 Hypoxanthine-guanine-xanthine phosphoribosyltransferase	1.425E+00	0.076	28	4	128	366	54	178	230	148	0.342	0.543
LOKIASV2_0553_ESMFold_hypothetical_protein	AF-O84081-F1-model_v4	AF-O84081-F1-model_v4 Bifunctional protein FolD	8.229E-01	0.076	28	3	156	366	6	125	287	163	0.421	0.418
LOKIASV2_0553_ESMFold_hypothetical_protein	AF-P36949-F1-model_v4	AF-P36949-F1-model_v4 Ribose import binding protein RbsB	9.882E-01	0.076	28	16	159	366	31	154	305	162	0.393	0.407
LOKIASV2_0553_ESMFold_hypothetical_protein	AF-A6Q2Y9-F1-model_v4	AF-A6Q2Y9-F1-model_v4 Ferrochelatase	5.794E+00	0.076	28	5	123	366	159	283	309	138	0.325	0.405
LOKIASV2_0553_ESMFold_hypothetical_protein	AF-P55568-F1-model_v4	AF-P55568-F1-model_v4 Probable ABC transporter periplasmic-binding protein y4mI	2.054E+00	0.076	28	24	162	366	30	151	324	149	0.380	0.377
LOKIASV2_0553_ESMFold_hypothetical_protein	AF-A5GS37-F1-model_v4	AF-A5GS37-F1-model_v4 Biotin synthase	2.583E-01	0.076	28	1	136	366	20	144	326	158	0.372	0.383
LOKIASV2_0553_ESMFold_hypothetical_protein	AF-B2SDE2-F1-model_v4	AF-B2SDE2-F1-model_v4 Ferrochelatase	4.018E+00	0.076	28	2	164	366	171	333	333	183	0.445	0.489
LOKIASV2_0553_ESMFold_hypothetical_protein	AF-Q5NFT3-F1-model_v4	AF-Q5NFT3-F1-model_v4 Ferrochelatase	3.557E+00	0.076	28	2	157	366	171	329	333	180	0.426	0.477
LOKIASV2_0553_ESMFold_hypothetical_protein	AF-Q2NV56-F1-model_v4	AF-Q2NV56-F1-model_v4 Ferrochelatase	4.825E+00	0.076	28	3	105	366	165	266	335	113	0.281	0.304
LOKIASV2_0553_ESMFold_hypothetical_protein	AF-Q9JVA5-F1-model_v4	AF-Q9JVA5-F1-model_v4 Ferrochelatase	3.780E+00	0.076	28	2	105	366	176	278	336	115	0.284	0.307
LOKIASV2_0553_ESMFold_hypothetical_protein	AF-B2TWR0-F1-model_v4	AF-B2TWR0-F1-model_v4 Nicotinate-nucleotide--dimethylbenzimidazole phosphoribosyltransferase	1.711E+00	0.076	28	6	107	366	42	177	361	140	0.279	0.377
LOKIASV2_0553_ESMFold_hypothetical_protein	AF-P0CI29-F1-model_v4	AF-P0CI29-F1-model_v4 Methylthioribose-1-phosphate isomerase	9.882E-01	0.076	28	5	127	366	147	288	388	160	0.336	0.366
LOKIASV2_0553_ESMFold_hypothetical_protein	AF-B2UBJ3-F1-model_v4	AF-B2UBJ3-F1-model_v4 8-amino-7-oxononanoate synthase	1.711E+00	0.076	28	4	139	366	120	226	415	146	0.372	0.258
LOKIASV2_0553_ESMFold_hypothetical_protein	AF-Q8XZC3-F1-model_v4	AF-Q8XZC3-F1-model_v4 8-amino-7-oxononanoate synthase	2.467E+00	0.076	28	4	128	366	120	220	416	138	0.342	0.243
LOKIASV2_0553_ESMFold_hypothetical_protein	AF-Q6FA43-F1-model_v4	AF-Q6FA43-F1-model_v4 Adenosylhomocysteinase	4.753E-01	0.076	28	5	207	366	207	370	467	225	0.555	0.351
LOKIASV2_0553_ESMFold_hypothetical_protein	AF-Q3K5D7-F1-model_v4	AF-Q3K5D7-F1-model_v4 Adenosylhomocysteinase	3.557E+00	0.076	28	5	136	366	202	332	469	148	0.361	0.279
LOKIASV2_0553_ESMFold_hypothetical_protein	AF-Q1ILA0-F1-model_v4	AF-Q1ILA0-F1-model_v4 Glycogen synthase	1.261E+00	0.076	28	6	135	366	276	406	484	148	0.355	0.271
LOKIASV2_0553_ESMFold_hypothetical_protein	AF-P37657-F1-model_v4	AF-P37657-F1-model_v4 Cyclic di-GMP binding protein BcsE	5.708E-01	0.076	28	1	204	366	35	211	523	235	0.557	0.338
LOKIASV2_0553_ESMFold_hypothetical_protein	AF-Q5X3A8-F1-model_v4	AF-Q5X3A8-F1-model_v4 Probable sphingosine-1-phosphate lyase	3.557E+00	0.076	28	5	128	366	224	326	605	131	0.339	0.170
LOKIASV2_0553_ESMFold_hypothetical_protein	AF-Q3KMU3-F1-model_v4	AF-Q3KMU3-F1-model_v4 Bifunctional protein FolD	1.187E+00	0.069	27	3	156	366	6	125	287	163	0.421	0.418
LOKIASV2_0553_ESMFold_hypothetical_protein	AF-E2QRY6-F1-model_v4	AF-E2QRY6-F1-model_v4 NAD(P)H-hydrate epimerase	4.753E-01	0.069	27	5	128	366	90	217	288	155	0.339	0.444
LOKIASV2_0553_ESMFold_hypothetical_protein	AF-Q92RY3-F1-model_v4	AF-Q92RY3-F1-model_v4 Bifunctional protein FolD 2	1.933E+00	0.069	27	2	163	366	10	135	299	165	0.443	0.421
LOKIASV2_0553_ESMFold_hypothetical_protein	AF-O07008-F1-model_v4	AF-O07008-F1-model_v4 HTH-type transcriptional regulator GanR	2.054E+00	0.069	27	11	155	366	42	160	330	150	0.396	0.361
LOKIASV2_0553_ESMFold_hypothetical_protein	AF-B5Z875-F1-model_v4	AF-B5Z875-F1-model_v4 Ferrochelatase	4.825E+00	0.069	27	3	103	366	177	279	335	113	0.276	0.307
LOKIASV2_0553_ESMFold_hypothetical_protein	AF-Q4FUR3-F1-model_v4	AF-Q4FUR3-F1-model_v4 Ferrochelatase	6.158E+00	0.069	27	4	127	366	178	305	339	142	0.339	0.378
LOKIASV2_0553_ESMFold_hypothetical_protein	AF-P57526-F1-model_v4	AF-P57526-F1-model_v4 Fructose-bisphosphate aldolase class 2	3.504E-01	0.069	27	1	131	366	12	177	358	175	0.358	0.464
LOKIASV2_0553_ESMFold_hypothetical_protein	AF-Q47AR7-F1-model_v4	AF-Q47AR7-F1-model_v4 Methylthioribose-1-phosphate isomerase	1.610E+00	0.069	27	5	128	366	136	274	362	153	0.339	0.384
LOKIASV2_0553_ESMFold_hypothetical_protein	AF-Q12WL0-F1-model_v4	AF-Q12WL0-F1-model_v4 V-type ATP synthase beta chain	8.747E-01	0.069	27	2	121	366	153	262	460	136	0.328	0.239
LOKIASV2_0553_ESMFold_hypothetical_protein	AF-C6C1F4-F1-model_v4	AF-C6C1F4-F1-model_v4 Adenosylhomocysteinase	9.297E-01	0.069	27	5	208	366	235	392	472	223	0.557	0.335
LOKIASV2_0553_ESMFold_hypothetical_protein	AF-B8EEN5-F1-model_v4	AF-B8EEN5-F1-model_v4 L-arabinose isomerase	4.539E+00	0.069	27	20	133	366	4	112	500	126	0.311	0.218
LOKIASV2_0553_ESMFold_hypothetical_protein	AF-Q00766-F1-model_v4	AF-Q00766-F1-model_v4 Glycogen phosphorylase 1	7.284E-01	0.069	27	6	156	366	555	724	853	190	0.413	0.199
LOKIASV2_0553_ESMFold_hypothetical_protein	AF-A0A0H2VA12-F1-model_v4	AF-A0A0H2VA12-F1-model_v4 3-oxo-tetronate 4-phosphate decarboxylase	2.184E+00	0.063	26	144	191	366	2	51	212	52	0.131	0.236
LOKIASV2_0553_ESMFold_hypothetical_protein	AF-Q8NCW5-F1-model_v4	AF-Q8NCW5-F1-model_v4 NAD(P)H-hydrate epimerase	8.747E-01	0.063	26	5	128	366	90	217	288	154	0.339	0.444
LOKIASV2_0553_ESMFold_hypothetical_protein	AF-A1KSY0-F1-model_v4	AF-A1KSY0-F1-model_v4 Ferrochelatase	4.825E+00	0.063	26	2	105	366	176	278	336	115	0.284	0.307
LOKIASV2_0553_ESMFold_hypothetical_protein	AF-B7I4A8-F1-model_v4	AF-B7I4A8-F1-model_v4 Ferrochelatase	4.539E+00	0.063	26	2	164	366	172	338	338	185	0.445	0.494
LOKIASV2_0553_ESMFold_hypothetical_protein	AF-A4XZR8-F1-model_v4	AF-A4XZR8-F1-model_v4 8-amino-7-oxononanoate synthase	3.148E+00	0.063	26	5	128	366	106	201	389	133	0.339	0.247
LOKIASV2_0553_ESMFold_hypothetical_protein	AF-Q2W4D7-F1-model_v4	AF-Q2W4D7-F1-model_v4 Lipid-A-disaccharide synthase	1.711E+00	0.063	26	5	134	366	166	293	390	143	0.355	0.328
LOKIASV2_0553_ESMFold_hypothetical_protein	AF-P08893-F1-model_v4	AF-P08893-F1-model_v4 Phosphoglycerate kinase, cytosolic	1.610E+00	0.063	26	8	126	366	198	374	420	186	0.325	0.421
LOKIASV2_0553_ESMFold_hypothetical_protein	AF-Q2JNM6-F1-model_v4	AF-Q2JNM6-F1-model_v4 Glycogen synthase 1	1.340E+00	0.063	26	4	135	366	279	414	491	158	0.361	0.277
LOKIASV2_0553_ESMFold_hypothetical_protein	AF-A2BIG9-F1-model_v4	AF-A2BIG9-F1-model_v4 N-alpha-acetyltransferase 38, NatC auxiliary subunit	1.116E+00	0.057	25	146	260	366	17	96	109	115	0.314	0.734
LOKIASV2_0553_ESMFold_hypothetical_protein	AF-O14284-F1-model_v4	AF-O14284-F1-model_v4 Oxidation resistance protein 1	2.151E-01	0.057	25	144	262	366	49	150	188	126	0.325	0.543
LOKIASV2_0553_ESMFold_hypothetical_protein	AF-Q8P6X5-F1-model_v4	AF-Q8P6X5-F1-model_v4 Pyridoxine/pyridoxamine 5'-phosphate oxidase	2.024E-01	0.057	25	145	347	366	3	170	199	229	0.555	0.844
LOKIASV2_0553_ESMFold_hypothetical_protein	AF-Q87DU7-F1-model_v4	AF-Q87DU7-F1-model_v4 Pyridoxine/pyridoxamine 5'-phosphate oxidase	2.745E-01	0.057	25	146	347	366	11	179	208	228	0.552	0.812
LOKIASV2_0553_ESMFold_hypothetical_protein	AF-Q9JN05-F1-model_v4	AF-Q9JN05-F1-model_v4 NAD-dependent protein deacylase	1.187E+00	0.057	25	24	136	366	2	201	233	204	0.309	0.858
LOKIASV2_0553_ESMFold_hypothetical_protein	AF-Q6DHK1-F1-model_v4	AF-Q6DHK1-F1-model_v4 NAD(P)H-hydrate epimerase	9.882E-01	0.057	25	5	128	366	86	212	283	157	0.339	0.449
LOKIASV2_0553_ESMFold_hypothetical_protein	AF-Q0PIT9-F1-model_v4	AF-Q0PIT9-F1-model_v4 NAD(P)H-hydrate epimerase	6.853E-01	0.057	25	5	128	366	90	217	288	156	0.339	0.444
LOKIASV2_0553_ESMFold_hypothetical_protein	AF-Q8YCL8-F1-model_v4	AF-Q8YCL8-F1-model_v4 Bifunctional protein FolD	1.933E+00	0.057	25	4	166	366	12	138	299	168	0.445	0.425
LOKIASV2_0553_ESMFold_hypothetical_protein	AF-A6U669-F1-model_v4	AF-A6U669-F1-model_v4 Bifunctional protein FolD 1	1.818E+00	0.057	25	4	160	366	9	133	299	165	0.429	0.418
LOKIASV2_0553_ESMFold_hypothetical_protein	AF-Q8F812-F1-model_v4	AF-Q8F812-F1-model_v4 Aspartate carbamoyltransferase	1.187E+00	0.057	25	1	166	366	14	155	308	179	0.454	0.461
LOKIASV2_0553_ESMFold_hypothetical_protein	AF-Q6MHT3-F1-model_v4	AF-Q6MHT3-F1-model_v4 Ferrochelatase	5.451E+00	0.057	25	5	105	366	166	282	335	127	0.276	0.349
LOKIASV2_0553_ESMFold_hypothetical_protein	AF-F4HT77-F1-model_v4	AF-F4HT77-F1-model_v4 Disease resistance protein RBA1	3.780E+00	0.057	25	18	128	366	8	104	363	121	0.303	0.267
LOKIASV2_0553_ESMFold_hypothetical_protein	AF-B0BAE8-F1-model_v4	AF-B0BAE8-F1-model_v4 Phosphoglycerate kinase	2.321E+00	0.057	25	10	130	366	179	358	403	184	0.331	0.447
LOKIASV2_0553_ESMFold_hypothetical_protein	AF-Q824S8-F1-model_v4	AF-Q824S8-F1-model_v4 Phosphoglycerate kinase	2.184E+00	0.057	25	10	130	366	179	358	403	185	0.331	0.447
LOKIASV2_0553_ESMFold_hypothetical_protein	AF-P0CD78-F1-model_v4	AF-P0CD78-F1-model_v4 Phosphoglycerate kinase	2.184E+00	0.057	25	10	130	366	179	358	403	184	0.331	0.447
LOKIASV2_0553_ESMFold_hypothetical_protein	AF-P58855-F1-model_v4	AF-P58855-F1-model_v4 S-inosyl-L-homocysteine hydrolase	2.962E+00	0.057	25	2	151	366	187	312	424	165	0.410	0.297
LOKIASV2_0553_ESMFold_hypothetical_protein	AF-P15111-F1-model_v4	AF-P15111-F1-model_v4 NADP-specific glutamate dehydrogenase	1.933E+00	0.057	25	5	127	366	212	345	447	154	0.336	0.300
LOKIASV2_0553_ESMFold_hypothetical_protein	AF-Q8ZP57-F1-model_v4	AF-Q8ZP57-F1-model_v4 Secreted effector kinase SteC	2.054E+00	0.057	25	143	191	366	83	130	457	50	0.134	0.105
LOKIASV2_0553_ESMFold_hypothetical_protein	AF-A5U7S2-F1-model_v4	AF-A5U7S2-F1-model_v4 Adenosylhomocysteinase	3.148E+00	0.057	25	5	153	366	256	377	495	163	0.407	0.246
LOKIASV2_0553_ESMFold_hypothetical_protein	AF-O67377-F1-model_v4	AF-O67377-F1-model_v4 Bifunctional NAD(P)H-hydrate repair enzyme Nnr	1.818E+00	0.057	25	18	129	366	223	344	499	145	0.306	0.244
LOKIASV2_0553_ESMFold_hypothetical_protein	AF-A6TFD9-F1-model_v4	AF-A6TFD9-F1-model_v4 Cyclic di-GMP binding protein BcsE	6.853E-01	0.057	25	4	246	366	34	213	517	262	0.664	0.348
LOKIASV2_0553_ESMFold_hypothetical_protein	AF-O27448-F1-model_v4	AF-O27448-F1-model_v4 Sirohydrochlorin cobaltochelatase	4.825E+00	0.051	24	16	106	366	3	76	143	94	0.249	0.517
LOKIASV2_0553_ESMFold_hypothetical_protein	AF-Q57702-F1-model_v4	AF-Q57702-F1-model_v4 DNA repair and recombination protein RadB	2.962E+00	0.051	24	2	127	366	23	147	212	154	0.344	0.590
LOKIASV2_0553_ESMFold_hypothetical_protein	AF-A6H098-F1-model_v4	AF-A6H098-F1-model_v4 Pyridoxine/pyridoxamine 5'-phosphate oxidase	3.504E-01	0.051	24	150	361	366	26	191	214	235	0.579	0.776
LOKIASV2_0553_ESMFold_hypothetical_protein	AF-Q7UKQ9-F1-model_v4	AF-Q7UKQ9-F1-model_v4 Pyridoxine/pyridoxamine 5'-phosphate oxidase	3.504E-01	0.051	24	143	361	366	25	198	223	245	0.598	0.780
LOKIASV2_0553_ESMFold_hypothetical_protein	AF-P42250-F1-model_v4	AF-P42250-F1-model_v4 Uncharacterized protein YcbR	8.354E+00	0.051	24	1	151	366	1	175	243	201	0.413	0.720
LOKIASV2_0553_ESMFold_hypothetical_protein	AF-A4XLE0-F1-model_v4	AF-A4XLE0-F1-model_v4 Bifunctional protein FolD	2.321E+00	0.051	24	4	162	366	7	126	279	166	0.434	0.430
LOKIASV2_0553_ESMFold_hypothetical_protein	AF-Q254F7-F1-model_v4	AF-Q254F7-F1-model_v4 Bifunctional protein FolD	1.425E+00	0.051	24	3	167	366	6	131	287	174	0.451	0.439
LOKIASV2_0553_ESMFold_hypothetical_protein	AF-C0RLT3-F1-model_v4	AF-C0RLT3-F1-model_v4 Bifunctional protein FolD	2.184E+00	0.051	24	4	166	366	12	138	299	168	0.445	0.425
LOKIASV2_0553_ESMFold_hypothetical_protein	AF-Q2GHD8-F1-model_v4	AF-Q2GHD8-F1-model_v4 Bifunctional protein FolD	1.610E+00	0.051	24	4	159	366	17	135	300	167	0.426	0.397
LOKIASV2_0553_ESMFold_hypothetical_protein	AF-A5UMK3-F1-model_v4	AF-A5UMK3-F1-model_v4 Ornithine carbamoyltransferase	3.557E+00	0.051	24	3	127	366	14	118	301	129	0.342	0.349
LOKIASV2_0553_ESMFold_hypothetical_protein	AF-Q5F9U6-F1-model_v4	AF-Q5F9U6-F1-model_v4 Ferrochelatase	6.545E+00	0.051	24	2	105	366	176	278	336	114	0.284	0.307
LOKIASV2_0553_ESMFold_hypothetical_protein	AF-Q2K7G6-F1-model_v4	AF-Q2K7G6-F1-model_v4 Nicotinate-nucleotide--dimethylbenzimidazole phosphoribosyltransferase	3.780E+00	0.051	24	2	120	366	42	175	338	142	0.325	0.396
LOKIASV2_0553_ESMFold_hypothetical_protein	AF-A5WH56-F1-model_v4	AF-A5WH56-F1-model_v4 Ferrochelatase	8.879E+00	0.051	24	4	127	366	178	305	339	142	0.339	0.378
LOKIASV2_0553_ESMFold_hypothetical_protein	AF-P54082-F1-model_v4	AF-P54082-F1-model_v4 Multiple sugar-binding periplasmic receptor ChvE	3.346E+00	0.051	24	23	163	366	25	149	354	152	0.385	0.353
LOKIASV2_0553_ESMFold_hypothetical_protein	AF-Q65TG8-F1-model_v4	AF-Q65TG8-F1-model_v4 DNA polymerase IV	2.184E+00	0.051	24	144	190	366	257	310	355	54	0.128	0.152
LOKIASV2_0553_ESMFold_hypothetical_protein	AF-B0SF60-F1-model_v4	AF-B0SF60-F1-model_v4 Ferrochelatase	1.261E+00	0.051	24	5	157	366	171	304	362	177	0.418	0.370
LOKIASV2_0553_ESMFold_hypothetical_protein	AF-P18912-F1-model_v4	AF-P18912-F1-model_v4 Phosphoglycerate kinase	2.054E+00	0.051	24	4	130	366	173	351	394	192	0.347	0.454
LOKIASV2_0553_ESMFold_hypothetical_protein	AF-Q252S3-F1-model_v4	AF-Q252S3-F1-model_v4 Phosphoglycerate kinase	3.148E+00	0.051	24	11	130	366	177	358	403	183	0.328	0.452
LOKIASV2_0553_ESMFold_hypothetical_protein	AF-B0B8R9-F1-model_v4	AF-B0B8R9-F1-model_v4 Phosphoglycerate kinase	2.321E+00	0.051	24	4	130	366	178	358	403	190	0.347	0.449
LOKIASV2_0553_ESMFold_hypothetical_protein	AF-B0R7F2-F1-model_v4	AF-B0R7F2-F1-model_v4 Adenosylhomocysteinase	2.962E+00	0.051	24	6	152	366	196	315	427	167	0.402	0.281
LOKIASV2_0553_ESMFold_hypothetical_protein	AF-P55084-F1-model_v4	AF-P55084-F1-model_v4 Trifunctional enzyme subunit beta, mitochondrial	6.158E+00	0.051	24	4	78	366	78	135	474	75	0.205	0.122
LOKIASV2_0553_ESMFold_hypothetical_protein	AF-Q27685-F1-model_v4	AF-Q27685-F1-model_v4 Phosphoglycerate kinase, glycosomal	1.425E+00	0.051	24	8	130	366	195	373	479	191	0.336	0.374
LOKIASV2_0553_ESMFold_hypothetical_protein	AF-P9WQ56-F1-model_v4	AF-P9WQ56-F1-model_v4 Probable long-chain-fatty-acid--AMP ligase FadD30	1.933E+00	0.051	24	4	158	366	42	197	585	187	0.423	0.267
LOKIASV2_0553_ESMFold_hypothetical_protein	AF-E5AE40-F1-model_v4	AF-E5AE40-F1-model_v4 Highly reducing polyketide synthase PKS2	1.492E-01	0.051	24	18	346	366	1642	1939	2543	406	0.899	0.117
LOKIASV2_0553_ESMFold_hypothetical_protein	AF-C4KID1-F1-model_v4	AF-C4KID1-F1-model_v4 Sirohydrochlorin cobaltochelatase	5.451E+00	0.045	23	26	106	366	2	66	128	83	0.221	0.508
LOKIASV2_0553_ESMFold_hypothetical_protein	AF-Q2W8Y5-F1-model_v4	AF-Q2W8Y5-F1-model_v4 Pyridoxine/pyridoxamine 5'-phosphate oxidase	3.102E-01	0.045	23	150	347	366	9	167	195	223	0.541	0.815
LOKIASV2_0553_ESMFold_hypothetical_protein	AF-A3QDE1-F1-model_v4	AF-A3QDE1-F1-model_v4 Pyridoxine/pyridoxamine 5'-phosphate oxidase	4.472E-01	0.045	23	147	347	366	23	185	218	225	0.549	0.748
LOKIASV2_0553_ESMFold_hypothetical_protein	AF-Q47TD1-F1-model_v4	AF-Q47TD1-F1-model_v4 Pyridoxine/pyridoxamine 5'-phosphate oxidase	3.504E-01	0.045	23	150	361	366	28	194	221	232	0.579	0.756
LOKIASV2_0553_ESMFold_hypothetical_protein	AF-E9HCD7-F1-model_v4	AF-E9HCD7-F1-model_v4 NAD(P)H-hydrate epimerase	1.514E+00	0.045	23	1	128	366	23	155	227	157	0.350	0.586
LOKIASV2_0553_ESMFold_hypothetical_protein	AF-Q2JGW9-F1-model_v4	AF-Q2JGW9-F1-model_v4 Pyridoxine/pyridoxamine 5'-phosphate oxidase	2.024E-01	0.045	23	140	361	366	29	205	267	250	0.607	0.663
LOKIASV2_0553_ESMFold_hypothetical_protein	AF-B0BB65-F1-model_v4	AF-B0BB65-F1-model_v4 Bifunctional protein FolD	2.787E+00	0.045	23	3	156	366	6	125	287	163	0.421	0.418
LOKIASV2_0553_ESMFold_hypothetical_protein	AF-Q8UHU0-F1-model_v4	AF-Q8UHU0-F1-model_v4 Bifunctional protein FolD	2.184E+00	0.045	23	4	161	366	12	134	299	169	0.432	0.411
LOKIASV2_0553_ESMFold_hypothetical_protein	AF-Q0TNR9-F1-model_v4	AF-Q0TNR9-F1-model_v4 Germination protease	7.859E+00	0.045	23	4	104	366	78	178	325	108	0.276	0.311
LOKIASV2_0553_ESMFold_hypothetical_protein	AF-Q9K097-F1-model_v4	AF-Q9K097-F1-model_v4 Ferrochelatase	8.879E+00	0.045	23	2	105	366	176	278	336	115	0.284	0.307
LOKIASV2_0553_ESMFold_hypothetical_protein	AF-B5EEL9-F1-model_v4	AF-B5EEL9-F1-model_v4 Nicotinate-nucleotide--dimethylbenzimidazole phosphoribosyltransferase	2.787E+00	0.045	23	4	107	366	40	177	350	143	0.284	0.394
LOKIASV2_0553_ESMFold_hypothetical_protein	AF-P22797-F1-model_v4	AF-P22797-F1-model_v4 Alcohol dehydrogenase 1	3.148E+00	0.045	23	5	142	366	176	307	375	170	0.377	0.352
LOKIASV2_0553_ESMFold_hypothetical_protein	AF-Q0DWH1-F1-model_v4	AF-Q0DWH1-F1-model_v4 Alcohol dehydrogenase class-3	5.794E+00	0.045	23	5	133	366	180	302	381	147	0.352	0.323
LOKIASV2_0553_ESMFold_hypothetical_protein	AF-Q2LVL8-F1-model_v4	AF-Q2LVL8-F1-model_v4 Lipid-A-disaccharide synthase	4.018E+00	0.045	23	6	136	366	166	296	383	155	0.358	0.342
LOKIASV2_0553_ESMFold_hypothetical_protein	AF-Q5KVE4-F1-model_v4	AF-Q5KVE4-F1-model_v4 Phosphoglycerate kinase	1.933E+00	0.045	23	4	129	366	173	348	394	189	0.344	0.447
LOKIASV2_0553_ESMFold_hypothetical_protein	AF-Q1GTJ0-F1-model_v4	AF-Q1GTJ0-F1-model_v4 Phosphoglycerate kinase	1.818E+00	0.045	23	8	130	366	178	356	398	186	0.336	0.450
LOKIASV2_0553_ESMFold_hypothetical_protein	AF-P07377-F1-model_v4	AF-P07377-F1-model_v4 Phosphoglycerate kinase, cytosolic	1.818E+00	0.045	23	8	135	366	199	380	421	197	0.350	0.432
LOKIASV2_0553_ESMFold_hypothetical_protein	AF-P07378-F1-model_v4	AF-P07378-F1-model_v4 Phosphoglycerate kinase, glycosomal	2.962E+00	0.045	23	8	126	366	198	374	440	186	0.325	0.402
LOKIASV2_0553_ESMFold_hypothetical_protein	AF-Q8Z6F6-F1-model_v4	AF-Q8Z6F6-F1-model_v4 NADP-specific glutamate dehydrogenase	2.184E+00	0.045	23	5	127	366	212	345	447	159	0.336	0.300
LOKIASV2_0553_ESMFold_hypothetical_protein	AF-Q9S1F9-F1-model_v4	AF-Q9S1F9-F1-model_v4 NADP-specific glutamate dehydrogenase	2.321E+00	0.045	23	5	158	366	209	360	448	181	0.421	0.339
LOKIASV2_0553_ESMFold_hypothetical_protein	AF-P0CP43-F1-model_v4	AF-P0CP43-F1-model_v4 Oxidation resistance protein 1	1.610E+00	0.045	23	157	263	366	328	423	465	110	0.292	0.206
LOKIASV2_0553_ESMFold_hypothetical_protein	AF-B7V419-F1-model_v4	AF-B7V419-F1-model_v4 Adenosylhomocysteinase	1.340E+00	0.045	23	5	208	366	202	379	469	231	0.557	0.380
LOKIASV2_0553_ESMFold_hypothetical_protein	AF-A1KNQ0-F1-model_v4	AF-A1KNQ0-F1-model_v4 Adenosylhomocysteinase	3.346E+00	0.045	23	5	208	366	256	413	495	232	0.557	0.319
LOKIASV2_0553_ESMFold_hypothetical_protein	AF-Q980A7-F1-model_v4	AF-Q980A7-F1-model_v4 Sirohydrochlorin cobaltochelatase	5.794E+00	0.040	22	26	118	366	2	81	128	98	0.254	0.625
LOKIASV2_0553_ESMFold_hypothetical_protein	AF-P0CI02-F1-model_v4	AF-P0CI02-F1-model_v4 Blasticidin-S deaminase	4.271E+00	0.040	22	150	196	366	11	51	137	47	0.128	0.299
LOKIASV2_0553_ESMFold_hypothetical_protein	AF-Q2RR21-F1-model_v4	AF-Q2RR21-F1-model_v4 Pyridoxine/pyridoxamine 5'-phosphate oxidase	5.052E-01	0.040	22	150	347	366	10	173	201	220	0.541	0.816
LOKIASV2_0553_ESMFold_hypothetical_protein	AF-A0Q505-F1-model_v4	AF-A0Q505-F1-model_v4 Bifunctional protein FolD	4.271E+00	0.040	22	4	158	366	12	132	282	163	0.423	0.429
LOKIASV2_0553_ESMFold_hypothetical_protein	AF-C3PLA3-F1-model_v4	AF-C3PLA3-F1-model_v4 Bifunctional protein FolD	3.557E+00	0.040	22	4	158	366	17	133	284	161	0.423	0.412
LOKIASV2_0553_ESMFold_hypothetical_protein	AF-Q823G2-F1-model_v4	AF-Q823G2-F1-model_v4 Bifunctional protein FolD	2.622E+00	0.040	22	3	167	366	6	131	287	178	0.451	0.439
LOKIASV2_0553_ESMFold_hypothetical_protein	AF-P44737-F1-model_v4	AF-P44737-F1-model_v4 Ribose import binding protein RbsB	6.158E+00	0.040	22	23	159	366	23	142	292	154	0.374	0.411
LOKIASV2_0553_ESMFold_hypothetical_protein	AF-Q5FG00-F1-model_v4	AF-Q5FG00-F1-model_v4 Bifunctional protein FolD	3.780E+00	0.040	22	2	159	366	11	135	300	168	0.432	0.417
LOKIASV2_0553_ESMFold_hypothetical_protein	AF-P0C223-F1-model_v4	AF-P0C223-F1-model_v4 Basic membrane protein A	2.622E+00	0.040	22	24	164	366	15	135	325	160	0.385	0.372
LOKIASV2_0553_ESMFold_hypothetical_protein	AF-Q6F7N0-F1-model_v4	AF-Q6F7N0-F1-model_v4 Ferrochelatase	1.116E+00	0.040	22	21	159	366	4	190	340	200	0.380	0.550
LOKIASV2_0553_ESMFold_hypothetical_protein	AF-P25548-F1-model_v4	AF-P25548-F1-model_v4 Multiple sugar-binding periplasmic receptor ChvE	5.128E+00	0.040	22	23	163	366	25	149	354	152	0.385	0.353
LOKIASV2_0553_ESMFold_hypothetical_protein	AF-Q3KL01-F1-model_v4	AF-Q3KL01-F1-model_v4 Phosphoglycerate kinase	3.346E+00	0.040	22	4	130	366	178	358	403	195	0.347	0.449
LOKIASV2_0553_ESMFold_hypothetical_protein	AF-P78018-F1-model_v4	AF-P78018-F1-model_v4 Phosphoglycerate kinase	2.622E+00	0.040	22	1	130	366	183	364	409	191	0.355	0.445
LOKIASV2_0553_ESMFold_hypothetical_protein	AF-Q975T0-F1-model_v4	AF-Q975T0-F1-model_v4 Adenosylhomocysteinase	4.018E+00	0.040	22	6	152	366	186	305	415	163	0.402	0.289
LOKIASV2_0553_ESMFold_hypothetical_protein	AF-B8J1K3-F1-model_v4	AF-B8J1K3-F1-model_v4 Phosphoglucosamine mutase	5.794E+00	0.040	22	5	104	366	23	99	450	105	0.273	0.171
LOKIASV2_0553_ESMFold_hypothetical_protein	AF-P0CP42-F1-model_v4	AF-P0CP42-F1-model_v4 Oxidation resistance protein 1	1.818E+00	0.040	22	157	263	366	328	423	465	110	0.292	0.206
LOKIASV2_0553_ESMFold_hypothetical_protein	AF-Q3M9U1-F1-model_v4	AF-Q3M9U1-F1-model_v4 Glycogen synthase 1	4.018E+00	0.040	22	4	132	366	276	409	492	148	0.352	0.272
LOKIASV2_0553_ESMFold_hypothetical_protein	AF-Q9RHG2-F1-model_v4	AF-Q9RHG2-F1-model_v4 L-arabinose isomerase	5.451E+00	0.040	22	23	163	366	7	143	501	162	0.385	0.273
LOKIASV2_0553_ESMFold_hypothetical_protein	AF-Q9LDH0-F1-model_v4	AF-Q9LDH0-F1-model_v4 Beta-1,2-xylosyltransferase	3.346E+00	0.040	22	21	129	366	381	486	534	124	0.298	0.199
LOKIASV2_0553_ESMFold_hypothetical_protein	AF-Q84P21-F1-model_v4	AF-Q84P21-F1-model_v4 4-coumarate--CoA ligase-like 5	5.451E+00	0.040	22	1	134	366	58	161	546	140	0.366	0.190
LOKIASV2_0553_ESMFold_hypothetical_protein	AF-B9TSP7-F1-model_v4	AF-B9TSP7-F1-model_v4 Fatty acyl-CoA reductase 6, chloroplastic	2.321E+00	0.040	22	1	128	366	69	230	548	173	0.350	0.296
LOKIASV2_0553_ESMFold_hypothetical_protein	AF-Q49WH7-F1-model_v4	AF-Q49WH7-F1-model_v4 Phosphoglucomutase	2.918E-01	0.040	22	4	252	366	312	530	552	297	0.680	0.397
LOKIASV2_0553_ESMFold_hypothetical_protein	AF-Q9LNJ9-F1-model_v4	AF-Q9LNJ9-F1-model_v4 Bifunctional fucokinase/fucose pyrophosphorylase	2.054E+00	0.040	22	6	110	366	10	135	1055	144	0.287	0.119
LOKIASV2_0553_ESMFold_hypothetical_protein	AF-O66821-F1-model_v4	AF-O66821-F1-model_v4 Hypoxanthine-guanine phosphoribosyltransferase	5.794E+00	0.034	21	4	129	366	16	130	178	141	0.344	0.646
LOKIASV2_0553_ESMFold_hypothetical_protein	AF-A7HR80-F1-model_v4	AF-A7HR80-F1-model_v4 Pyridoxine/pyridoxamine 5'-phosphate oxidase	5.708E-01	0.034	21	145	347	366	16	178	208	226	0.555	0.784
LOKIASV2_0553_ESMFold_hypothetical_protein	AF-Q083L3-F1-model_v4	AF-Q083L3-F1-model_v4 Pyridoxine/pyridoxamine 5'-phosphate oxidase	3.297E-01	0.034	21	148	349	366	24	184	212	236	0.552	0.759
LOKIASV2_0553_ESMFold_hypothetical_protein	AF-Q31E41-F1-model_v4	AF-Q31E41-F1-model_v4 Pyridoxine/pyridoxamine 5'-phosphate oxidase 2	6.066E-01	0.034	21	143	347	366	21	185	213	229	0.560	0.775
LOKIASV2_0553_ESMFold_hypothetical_protein	AF-A5FB76-F1-model_v4	AF-A5FB76-F1-model_v4 Pyridoxine/pyridoxamine 5'-phosphate oxidase	6.853E-01	0.034	21	150	347	366	26	185	214	222	0.541	0.748
LOKIASV2_0553_ESMFold_hypothetical_protein	AF-Q492T8-F1-model_v4	AF-Q492T8-F1-model_v4 Pyridoxine/pyridoxamine 5'-phosphate oxidase	4.472E-01	0.034	21	148	361	366	28	194	216	246	0.585	0.773
LOKIASV2_0553_ESMFold_hypothetical_protein	AF-A5EEN4-F1-model_v4	AF-A5EEN4-F1-model_v4 Pyridoxine/pyridoxamine 5'-phosphate oxidase	3.102E-01	0.034	21	144	347	366	25	186	216	226	0.557	0.750
LOKIASV2_0553_ESMFold_hypothetical_protein	AF-Q6KI99-F1-model_v4	AF-Q6KI99-F1-model_v4 Probable transcriptional regulatory protein MMOB1910	8.879E+00	0.034	21	158	189	366	73	104	244	32	0.087	0.131
LOKIASV2_0553_ESMFold_hypothetical_protein	AF-Q8K979-F1-model_v4	AF-Q8K979-F1-model_v4 Bifunctional protein FolD	6.957E+00	0.034	21	4	103	366	14	97	285	107	0.273	0.295
LOKIASV2_0553_ESMFold_hypothetical_protein	AF-Q4JTI3-F1-model_v4	AF-Q4JTI3-F1-model_v4 Bifunctional protein FolD	3.780E+00	0.034	21	4	158	366	17	133	285	162	0.423	0.411
LOKIASV2_0553_ESMFold_hypothetical_protein	AF-A4XBC7-F1-model_v4	AF-A4XBC7-F1-model_v4 Bifunctional protein FolD 2	2.054E+00	0.034	21	4	164	366	17	135	286	174	0.440	0.416
LOKIASV2_0553_ESMFold_hypothetical_protein	AF-Q9PKW1-F1-model_v4	AF-Q9PKW1-F1-model_v4 Bifunctional protein FolD	3.780E+00	0.034	21	4	167	366	7	131	287	173	0.448	0.436
LOKIASV2_0553_ESMFold_hypothetical_protein	AF-A1UC75-F1-model_v4	AF-A1UC75-F1-model_v4 Bifunctional protein FolD	4.825E+00	0.034	21	4	158	366	16	136	288	165	0.423	0.420
LOKIASV2_0553_ESMFold_hypothetical_protein	AF-Q0BX67-F1-model_v4	AF-Q0BX67-F1-model_v4 Bifunctional protein FolD	2.622E+00	0.034	21	4	153	366	7	130	295	159	0.410	0.420
LOKIASV2_0553_ESMFold_hypothetical_protein	AF-Q2YL33-F1-model_v4	AF-Q2YL33-F1-model_v4 Bifunctional protein FolD	4.018E+00	0.034	21	4	166	366	12	138	299	168	0.445	0.425
LOKIASV2_0553_ESMFold_hypothetical_protein	AF-Q8FVP6-F1-model_v4	AF-Q8FVP6-F1-model_v4 Bifunctional protein FolD	4.539E+00	0.034	21	4	166	366	12	138	299	168	0.445	0.425
LOKIASV2_0553_ESMFold_hypothetical_protein	AF-Q1GNH1-F1-model_v4	AF-Q1GNH1-F1-model_v4 Bifunctional protein FolD	4.539E+00	0.034	21	4	159	366	19	139	302	163	0.426	0.401
LOKIASV2_0553_ESMFold_hypothetical_protein	AF-B0VLE0-F1-model_v4	AF-B0VLE0-F1-model_v4 Ferrochelatase	4.271E+00	0.034	21	23	159	366	6	190	338	206	0.374	0.547
LOKIASV2_0553_ESMFold_hypothetical_protein	AF-A9MAP0-F1-model_v4	AF-A9MAP0-F1-model_v4 Nicotinate-nucleotide--dimethylbenzimidazole phosphoribosyltransferase	6.957E+00	0.034	21	4	107	366	47	165	339	127	0.284	0.351
LOKIASV2_0553_ESMFold_hypothetical_protein	AF-B2S5A1-F1-model_v4	AF-B2S5A1-F1-model_v4 Nicotinate-nucleotide--dimethylbenzimidazole phosphoribosyltransferase	6.158E+00	0.034	21	4	105	366	47	163	339	125	0.279	0.345
LOKIASV2_0553_ESMFold_hypothetical_protein	AF-Q8EI18-F1-model_v4	AF-Q8EI18-F1-model_v4 Nicotinate-nucleotide--dimethylbenzimidazole phosphoribosyltransferase	4.271E+00	0.034	21	4	107	366	39	176	350	144	0.284	0.394
LOKIASV2_0553_ESMFold_hypothetical_protein	AF-A1JTP8-F1-model_v4	AF-A1JTP8-F1-model_v4 Nicotinate-nucleotide--dimethylbenzimidazole phosphoribosyltransferase	3.780E+00	0.034	21	4	107	366	40	175	352	142	0.284	0.386
LOKIASV2_0553_ESMFold_hypothetical_protein	AF-P29724-F1-model_v4	AF-P29724-F1-model_v4 Membrane lipoprotein TmpC	5.128E+00	0.034	21	20	162	366	35	160	353	161	0.391	0.357
LOKIASV2_0553_ESMFold_hypothetical_protein	AF-B0SNJ9-F1-model_v4	AF-B0SNJ9-F1-model_v4 Ferrochelatase	2.054E+00	0.034	21	5	157	366	171	304	362	176	0.418	0.370
LOKIASV2_0553_ESMFold_hypothetical_protein	AF-Q5B590-F1-model_v4	AF-Q5B590-F1-model_v4 Methylthioribose-1-phosphate isomerase	3.346E+00	0.034	21	5	127	366	146	285	379	163	0.336	0.369
LOKIASV2_0553_ESMFold_hypothetical_protein	AF-B2AML6-F1-model_v4	AF-B2AML6-F1-model_v4 Methylthioribose-1-phosphate isomerase	4.018E+00	0.034	21	5	127	366	147	288	395	160	0.336	0.359
LOKIASV2_0553_ESMFold_hypothetical_protein	AF-Q58080-F1-model_v4	AF-Q58080-F1-model_v4 Putative molybdopterin biosynthesis protein MJ0666	7.859E+00	0.034	21	24	119	366	178	273	398	113	0.262	0.241
LOKIASV2_0553_ESMFold_hypothetical_protein	AF-B8G4H3-F1-model_v4	AF-B8G4H3-F1-model_v4 Phosphoglycerate kinase	3.557E+00	0.034	21	4	130	366	176	356	400	194	0.347	0.452
LOKIASV2_0553_ESMFold_hypothetical_protein	AF-C4LIR6-F1-model_v4	AF-C4LIR6-F1-model_v4 Phosphoglycerate kinase	2.787E+00	0.034	21	2	130	366	180	360	403	199	0.352	0.449
LOKIASV2_0553_ESMFold_hypothetical_protein	AF-A8YUE3-F1-model_v4	AF-A8YUE3-F1-model_v4 Phosphoglycerate kinase	2.787E+00	0.034	21	2	127	366	183	359	403	186	0.344	0.439
LOKIASV2_0553_ESMFold_hypothetical_protein	AF-Q27684-F1-model_v4	AF-Q27684-F1-model_v4 Phosphoglycerate kinase, cytosolic	1.425E+00	0.034	21	2	121	366	189	352	417	176	0.328	0.393
LOKIASV2_0553_ESMFold_hypothetical_protein	AF-Q6NU46-F1-model_v4	AF-Q6NU46-F1-model_v4 Acetyl-CoA acetyltransferase A, mitochondrial	5.794E+00	0.034	21	1	77	366	55	115	420	81	0.210	0.145
LOKIASV2_0553_ESMFold_hypothetical_protein	AF-Q83FI9-F1-model_v4	AF-Q83FI9-F1-model_v4 Glutamyl-tRNA reductase	1.711E+00	0.034	21	6	162	366	167	375	447	242	0.429	0.468
LOKIASV2_0553_ESMFold_hypothetical_protein	AF-B9L811-F1-model_v4	AF-B9L811-F1-model_v4 Phosphomethylpyrimidine synthase	1.818E+00	0.034	21	24	156	366	75	164	461	135	0.363	0.195
LOKIASV2_0553_ESMFold_hypothetical_protein	AF-Q9I685-F1-model_v4	AF-Q9I685-F1-model_v4 Adenosylhomocysteinase	2.321E+00	0.034	21	5	207	366	202	372	469	226	0.555	0.365
LOKIASV2_0553_ESMFold_hypothetical_protein	AF-B8GWW5-F1-model_v4	AF-B8GWW5-F1-model_v4 Chromosomal replication initiator protein DnaA	9.882E-01	0.034	21	7	156	366	168	334	490	193	0.410	0.341
LOKIASV2_0553_ESMFold_hypothetical_protein	AF-P08891-F1-model_v4	AF-P08891-F1-model_v4 Phosphoglycerate kinase A	2.321E+00	0.034	21	2	135	366	281	468	505	199	0.366	0.372
LOKIASV2_0553_ESMFold_hypothetical_protein	AF-Q02278-F1-model_v4	AF-Q02278-F1-model_v4 Long-chain-fatty-acid--AMP ligase FadD28	1.261E+00	0.034	21	1	310	366	183	518	580	413	0.847	0.579
LOKIASV2_0553_ESMFold_hypothetical_protein	AF-P9WQ58-F1-model_v4	AF-P9WQ58-F1-model_v4 Long-chain-fatty-acid--AMP ligase FadD28	1.261E+00	0.034	21	1	292	366	183	490	580	383	0.798	0.531
LOKIASV2_0553_ESMFold_hypothetical_protein	AF-P75119-F1-model_v4	AF-P75119-F1-model_v4 Hypoxanthine-guanine phosphoribosyltransferase	6.957E+00	0.029	20	4	133	366	11	133	175	151	0.355	0.703
LOKIASV2_0553_ESMFold_hypothetical_protein	AF-Q9ZPY1-F1-model_v4	AF-Q9ZPY1-F1-model_v4 Pyridoxine/pyridoxamine 5'-phosphate oxidase 2	7.743E-01	0.029	20	150	347	366	10	168	198	225	0.541	0.803
LOKIASV2_0553_ESMFold_hypothetical_protein	AF-Q28PH0-F1-model_v4	AF-Q28PH0-F1-model_v4 Pyridoxine/pyridoxamine 5'-phosphate oxidase	9.297E-01	0.029	20	144	347	366	9	176	206	229	0.557	0.816
LOKIASV2_0553_ESMFold_hypothetical_protein	AF-B7JZR4-F1-model_v4	AF-B7JZR4-F1-model_v4 Pyridoxine/pyridoxamine 5'-phosphate oxidase	2.430E-01	0.029	20	143	347	366	19	183	212	235	0.560	0.778
LOKIASV2_0553_ESMFold_hypothetical_protein	AF-B2SF67-F1-model_v4	AF-B2SF67-F1-model_v4 Bifunctional protein FolD	4.539E+00	0.029	20	4	158	366	12	132	282	164	0.423	0.429
LOKIASV2_0553_ESMFold_hypothetical_protein	AF-Q2A535-F1-model_v4	AF-Q2A535-F1-model_v4 Bifunctional protein FolD	6.545E+00	0.029	20	4	158	366	12	132	282	163	0.423	0.429
LOKIASV2_0553_ESMFold_hypothetical_protein	AF-Q8NSM0-F1-model_v4	AF-Q8NSM0-F1-model_v4 Bifunctional protein FolD	4.825E+00	0.029	20	6	158	366	12	133	284	164	0.418	0.430
LOKIASV2_0553_ESMFold_hypothetical_protein	AF-B8GNT6-F1-model_v4	AF-B8GNT6-F1-model_v4 Bifunctional protein FolD	5.128E+00	0.029	20	4	158	366	10	134	285	168	0.423	0.439
LOKIASV2_0553_ESMFold_hypothetical_protein	AF-Q5E3Y1-F1-model_v4	AF-Q5E3Y1-F1-model_v4 Bifunctional protein FolD	4.539E+00	0.029	20	5	158	366	7	134	285	172	0.421	0.449
LOKIASV2_0553_ESMFold_hypothetical_protein	AF-A7MT09-F1-model_v4	AF-A7MT09-F1-model_v4 Bifunctional protein FolD	6.158E+00	0.029	20	5	158	366	7	134	286	176	0.421	0.448
LOKIASV2_0553_ESMFold_hypothetical_protein	AF-A5VV73-F1-model_v4	AF-A5VV73-F1-model_v4 Bifunctional protein FolD	4.825E+00	0.029	20	4	166	366	12	138	299	168	0.445	0.425
LOKIASV2_0553_ESMFold_hypothetical_protein	AF-Q1MLB6-F1-model_v4	AF-Q1MLB6-F1-model_v4 Bifunctional protein FolD	3.557E+00	0.029	20	1	163	366	3	135	299	175	0.445	0.445
LOKIASV2_0553_ESMFold_hypothetical_protein	AF-Q578R0-F1-model_v4	AF-Q578R0-F1-model_v4 Bifunctional protein FolD	5.794E+00	0.029	20	4	166	366	12	138	299	168	0.445	0.425
LOKIASV2_0553_ESMFold_hypothetical_protein	AF-Q9V225-F1-model_v4	AF-Q9V225-F1-model_v4 Putative GTPase PYRAB02490	4.271E+00	0.029	20	7	129	366	59	190	324	144	0.336	0.407
LOKIASV2_0553_ESMFold_hypothetical_protein	AF-C0RIK0-F1-model_v4	AF-C0RIK0-F1-model_v4 Nicotinate-nucleotide--dimethylbenzimidazole phosphoribosyltransferase	5.794E+00	0.029	20	4	120	366	47	176	339	140	0.320	0.383
LOKIASV2_0553_ESMFold_hypothetical_protein	AF-Q8YGQ9-F1-model_v4	AF-Q8YGQ9-F1-model_v4 Nicotinate-nucleotide--dimethylbenzimidazole phosphoribosyltransferase	7.859E+00	0.029	20	4	107	366	47	165	339	127	0.284	0.351
LOKIASV2_0553_ESMFold_hypothetical_protein	AF-A8FZR5-F1-model_v4	AF-A8FZR5-F1-model_v4 Nicotinate-nucleotide--dimethylbenzimidazole phosphoribosyltransferase	1.711E+00	0.029	20	4	107	366	33	170	342	147	0.284	0.404
LOKIASV2_0553_ESMFold_hypothetical_protein	AF-B8CJ37-F1-model_v4	AF-B8CJ37-F1-model_v4 Nicotinate-nucleotide--dimethylbenzimidazole phosphoribosyltransferase	2.962E+00	0.029	20	2	107	366	29	170	342	146	0.290	0.415
LOKIASV2_0553_ESMFold_hypothetical_protein	AF-Q9H903-F1-model_v4	AF-Q9H903-F1-model_v4 Probable bifunctional methylenetetrahydrofolate dehydrogenase/cyclohydrolase 2	5.128E+00	0.029	20	4	164	366	62	204	347	174	0.440	0.412
LOKIASV2_0553_ESMFold_hypothetical_protein	AF-A1RGP1-F1-model_v4	AF-A1RGP1-F1-model_v4 Nicotinate-nucleotide--dimethylbenzimidazole phosphoribosyltransferase	3.346E+00	0.029	20	4	107	366	39	176	350	145	0.284	0.394
LOKIASV2_0553_ESMFold_hypothetical_protein	AF-B3EIM1-F1-model_v4	AF-B3EIM1-F1-model_v4 Phosphoglycerate kinase	3.346E+00	0.029	20	2	130	366	172	353	397	196	0.352	0.458
LOKIASV2_0553_ESMFold_hypothetical_protein	AF-Q38Y20-F1-model_v4	AF-Q38Y20-F1-model_v4 Phosphoglycerate kinase	2.962E+00	0.029	20	9	130	366	187	361	404	187	0.333	0.433
LOKIASV2_0553_ESMFold_hypothetical_protein	AF-Q9HN50-F1-model_v4	AF-Q9HN50-F1-model_v4 Adenosylhomocysteinase	7.394E+00	0.029	20	6	152	366	196	315	427	167	0.402	0.281
LOKIASV2_0553_ESMFold_hypothetical_protein	AF-Q255S3-F1-model_v4	AF-Q255S3-F1-model_v4 Glycogen synthase	4.539E+00	0.029	20	6	139	366	276	413	475	154	0.366	0.291
LOKIASV2_0553_ESMFold_hypothetical_protein	AF-C1AH22-F1-model_v4	AF-C1AH22-F1-model_v4 Adenosylhomocysteinase	3.780E+00	0.029	20	5	206	366	256	411	495	227	0.552	0.315
LOKIASV2_0553_ESMFold_hypothetical_protein	AF-P9WGV3-F1-model_v4	AF-P9WGV3-F1-model_v4 Adenosylhomocysteinase	3.346E+00	0.029	20	5	208	366	256	413	495	229	0.557	0.319
LOKIASV2_0553_ESMFold_hypothetical_protein	AF-P9WGV2-F1-model_v4	AF-P9WGV2-F1-model_v4 Adenosylhomocysteinase	4.825E+00	0.029	20	5	208	366	256	413	495	226	0.557	0.319
LOKIASV2_0553_ESMFold_hypothetical_protein	AF-Q8RU95-F1-model_v4	AF-Q8RU95-F1-model_v4 4-coumarate--CoA ligase-like 6	2.321E+00	0.029	20	4	162	366	107	269	598	196	0.434	0.273
LOKIASV2_0553_ESMFold_hypothetical_protein	AF-D4B1G0-F1-model_v4	AF-D4B1G0-F1-model_v4 Disintegrin and metalloproteinase domain-containing protein B	2.054E+00	0.029	20	7	112	366	254	386	799	141	0.290	0.166
LOKIASV2_0553_ESMFold_hypothetical_protein	AF-A7MSY3-F1-model_v4	AF-A7MSY3-F1-model_v4 Shikimate kinase	6.957E+00	0.024	19	23	127	366	3	102	172	120	0.287	0.581
LOKIASV2_0553_ESMFold_hypothetical_protein	AF-Q3IJC5-F1-model_v4	AF-Q3IJC5-F1-model_v4 Shikimate kinase	4.018E+00	0.024	19	23	129	366	3	106	172	130	0.292	0.605
LOKIASV2_0553_ESMFold_hypothetical_protein	AF-Q5FH81-F1-model_v4	AF-Q5FH81-F1-model_v4 Pyridoxine/pyridoxamine 5'-phosphate oxidase	5.052E-01	0.024	19	150	347	366	7	165	194	225	0.541	0.820
LOKIASV2_0553_ESMFold_hypothetical_protein	AF-A1TWZ3-F1-model_v4	AF-A1TWZ3-F1-model_v4 Pyridoxine/pyridoxamine 5'-phosphate oxidase	3.724E-01	0.024	19	144	347	366	20	183	211	233	0.557	0.777
LOKIASV2_0553_ESMFold_hypothetical_protein	AF-B0SPV0-F1-model_v4	AF-B0SPV0-F1-model_v4 Pyridoxine/pyridoxamine 5'-phosphate oxidase	3.958E-01	0.024	19	150	361	366	26	190	212	240	0.579	0.778
LOKIASV2_0553_ESMFold_hypothetical_protein	AF-B8EAI0-F1-model_v4	AF-B8EAI0-F1-model_v4 Pyridoxine/pyridoxamine 5'-phosphate oxidase	1.116E+00	0.024	19	148	349	366	24	184	212	232	0.552	0.759
LOKIASV2_0553_ESMFold_hypothetical_protein	AF-Q0HW76-F1-model_v4	AF-Q0HW76-F1-model_v4 Pyridoxine/pyridoxamine 5'-phosphate oxidase	1.187E+00	0.024	19	148	349	366	24	184	212	232	0.552	0.759
LOKIASV2_0553_ESMFold_hypothetical_protein	AF-Q21A86-F1-model_v4	AF-Q21A86-F1-model_v4 Pyridoxine/pyridoxamine 5'-phosphate oxidase	8.747E-01	0.024	19	150	347	366	25	183	213	222	0.541	0.746
LOKIASV2_0553_ESMFold_hypothetical_protein	AF-A9NE96-F1-model_v4	AF-A9NE96-F1-model_v4 Bifunctional protein FolD	6.545E+00	0.024	19	6	156	366	8	125	277	160	0.413	0.426
LOKIASV2_0553_ESMFold_hypothetical_protein	AF-Q0BNF1-F1-model_v4	AF-Q0BNF1-F1-model_v4 Bifunctional protein FolD	6.545E+00	0.024	19	4	158	366	12	132	282	164	0.423	0.429
LOKIASV2_0553_ESMFold_hypothetical_protein	AF-A7NA91-F1-model_v4	AF-A7NA91-F1-model_v4 Bifunctional protein FolD	6.545E+00	0.024	19	4	158	366	12	132	282	164	0.423	0.429
LOKIASV2_0553_ESMFold_hypothetical_protein	AF-Q9CJR1-F1-model_v4	AF-Q9CJR1-F1-model_v4 Bifunctional protein FolD	6.957E+00	0.024	19	4	158	366	14	134	284	164	0.423	0.426
LOKIASV2_0553_ESMFold_hypothetical_protein	AF-A8M449-F1-model_v4	AF-A8M449-F1-model_v4 Bifunctional protein FolD 2	3.780E+00	0.024	19	4	164	366	17	135	286	171	0.440	0.416
LOKIASV2_0553_ESMFold_hypothetical_protein	AF-Q14NV1-F1-model_v4	AF-Q14NV1-F1-model_v4 Bifunctional protein FolD	5.794E+00	0.024	19	5	156	366	16	133	286	161	0.415	0.413
LOKIASV2_0553_ESMFold_hypothetical_protein	AF-Q46A53-F1-model_v4	AF-Q46A53-F1-model_v4 Bifunctional protein FolD	4.539E+00	0.024	19	4	152	366	22	139	287	162	0.407	0.411
LOKIASV2_0553_ESMFold_hypothetical_protein	AF-Q5L644-F1-model_v4	AF-Q5L644-F1-model_v4 Bifunctional protein FolD	5.794E+00	0.024	19	4	167	366	7	131	287	177	0.448	0.436
LOKIASV2_0553_ESMFold_hypothetical_protein	AF-Q93E15-F1-model_v4	AF-Q93E15-F1-model_v4 Bifunctional protein FolD	6.957E+00	0.024	19	2	163	366	10	135	299	165	0.443	0.421
LOKIASV2_0553_ESMFold_hypothetical_protein	AF-B2SAP4-F1-model_v4	AF-B2SAP4-F1-model_v4 Bifunctional protein FolD	5.794E+00	0.024	19	4	166	366	12	138	299	168	0.445	0.425
LOKIASV2_0553_ESMFold_hypothetical_protein	AF-Q8KN38-F1-model_v4	AF-Q8KN38-F1-model_v4 Bifunctional protein FolD	5.451E+00	0.024	19	4	169	366	13	155	316	188	0.454	0.453
LOKIASV2_0553_ESMFold_hypothetical_protein	AF-O30010-F1-model_v4	AF-O30010-F1-model_v4 3-dehydroquinate synthase	3.724E-01	0.024	19	24	365	366	2	293	323	413	0.934	0.904
LOKIASV2_0553_ESMFold_hypothetical_protein	AF-Q6D0W6-F1-model_v4	AF-Q6D0W6-F1-model_v4 CRISPR-associated protein Csy3	4.825E+00	0.024	19	141	197	366	117	184	337	71	0.156	0.202
LOKIASV2_0553_ESMFold_hypothetical_protein	AF-A0LF21-F1-model_v4	AF-A0LF21-F1-model_v4 Nicotinate-nucleotide--dimethylbenzimidazole phosphoribosyltransferase	5.794E+00	0.024	19	6	107	366	42	178	353	142	0.279	0.388
LOKIASV2_0553_ESMFold_hypothetical_protein	AF-Q5QYW1-F1-model_v4	AF-Q5QYW1-F1-model_v4 Lipid-A-disaccharide synthase	6.158E+00	0.024	19	4	129	366	167	293	379	149	0.344	0.335
LOKIASV2_0553_ESMFold_hypothetical_protein	AF-Q7Z6J8-F1-model_v4	AF-Q7Z6J8-F1-model_v4 E3 ubiquitin-protein ligase E3D	9.297E-01	0.024	19	164	276	366	1	102	389	124	0.309	0.262
LOKIASV2_0553_ESMFold_hypothetical_protein	AF-P62414-F1-model_v4	AF-P62414-F1-model_v4 Phosphoglycerate kinase	5.794E+00	0.024	19	1	130	366	169	350	396	192	0.355	0.460
LOKIASV2_0553_ESMFold_hypothetical_protein	AF-Q8L1Z8-F1-model_v4	AF-Q8L1Z8-F1-model_v4 Phosphoglycerate kinase	5.451E+00	0.024	19	8	130	366	176	354	397	187	0.336	0.451
LOKIASV2_0553_ESMFold_hypothetical_protein	AF-A4SH15-F1-model_v4	AF-A4SH15-F1-model_v4 Phosphoglycerate kinase	6.158E+00	0.024	19	2	130	366	172	355	397	195	0.352	0.463
LOKIASV2_0553_ESMFold_hypothetical_protein	AF-B3QLX7-F1-model_v4	AF-B3QLX7-F1-model_v4 Phosphoglycerate kinase	5.128E+00	0.024	19	2	130	366	172	355	397	200	0.352	0.463
LOKIASV2_0553_ESMFold_hypothetical_protein	AF-B6IST7-F1-model_v4	AF-B6IST7-F1-model_v4 Lipid-A-disaccharide synthase	3.346E+00	0.024	19	7	134	366	178	297	401	144	0.350	0.299
LOKIASV2_0553_ESMFold_hypothetical_protein	AF-Q9ZJP1-F1-model_v4	AF-Q9ZJP1-F1-model_v4 Phosphoglycerate kinase	7.394E+00	0.024	19	10	127	366	2	175	402	178	0.322	0.433
LOKIASV2_0553_ESMFold_hypothetical_protein	AF-Q93YN4-F1-model_v4	AF-Q93YN4-F1-model_v4 Mitochondrial fission protein ELM1	4.539E+00	0.024	19	1	127	366	235	363	427	142	0.347	0.302
LOKIASV2_0553_ESMFold_hypothetical_protein	AF-Q9V0X8-F1-model_v4	AF-Q9V0X8-F1-model_v4 Phosphomethylpyrimidine synthase	1.187E+00	0.024	19	24	166	366	61	180	429	169	0.391	0.280
LOKIASV2_0553_ESMFold_hypothetical_protein	AF-B3WDC0-F1-model_v4	AF-B3WDC0-F1-model_v4 Glucose-6-phosphate isomerase	2.962E+00	0.024	19	5	162	366	43	239	446	211	0.432	0.442
LOKIASV2_0553_ESMFold_hypothetical_protein	AF-A1WW18-F1-model_v4	AF-A1WW18-F1-model_v4 Glycogen synthase	8.354E+00	0.024	19	5	135	366	276	403	477	148	0.358	0.268
LOKIASV2_0553_ESMFold_hypothetical_protein	AF-P50312-F1-model_v4	AF-P50312-F1-model_v4 Phosphoglycerate kinase, glycosomal	4.539E+00	0.024	19	8	130	366	195	373	479	191	0.336	0.374
LOKIASV2_0553_ESMFold_hypothetical_protein	AF-P0CAU4-F1-model_v4	AF-P0CAU4-F1-model_v4 Chromosomal replication initiator protein DnaA	1.340E+00	0.024	19	7	156	366	168	334	490	193	0.410	0.341
LOKIASV2_0553_ESMFold_hypothetical_protein	AF-P41762-F1-model_v4	AF-P41762-F1-model_v4 Phosphoglycerate kinase, glycosomal	3.780E+00	0.024	19	2	130	366	281	463	509	194	0.352	0.360
LOKIASV2_0553_ESMFold_hypothetical_protein	AF-Q6LVF6-F1-model_v4	AF-Q6LVF6-F1-model_v4 Shikimate kinase	6.545E+00	0.020	18	23	127	366	6	105	175	126	0.287	0.571
LOKIASV2_0553_ESMFold_hypothetical_protein	AF-O14199-F1-model_v4	AF-O14199-F1-model_v4 UDP-N-acetylglucosamine transferase subunit alg14	2.054E+00	0.020	18	2	127	366	12	191	210	194	0.344	0.857
LOKIASV2_0553_ESMFold_hypothetical_protein	AF-Q12LW9-F1-model_v4	AF-Q12LW9-F1-model_v4 Pyridoxine/pyridoxamine 5'-phosphate oxidase	1.050E+00	0.020	18	147	349	366	23	184	212	234	0.555	0.764
LOKIASV2_0553_ESMFold_hypothetical_protein	AF-B0SGE9-F1-model_v4	AF-B0SGE9-F1-model_v4 Pyridoxine/pyridoxamine 5'-phosphate oxidase	3.958E-01	0.020	18	144	361	366	23	190	212	246	0.596	0.792
LOKIASV2_0553_ESMFold_hypothetical_protein	AF-A1S710-F1-model_v4	AF-A1S710-F1-model_v4 Pyridoxine/pyridoxamine 5'-phosphate oxidase	1.610E+00	0.020	18	150	349	366	26	184	212	216	0.546	0.750
LOKIASV2_0553_ESMFold_hypothetical_protein	AF-A4Y5Z1-F1-model_v4	AF-A4Y5Z1-F1-model_v4 Pyridoxine/pyridoxamine 5'-phosphate oxidase	1.711E+00	0.020	18	148	349	366	24	184	212	233	0.552	0.759
LOKIASV2_0553_ESMFold_hypothetical_protein	AF-Q89RY8-F1-model_v4	AF-Q89RY8-F1-model_v4 Pyridoxine/pyridoxamine 5'-phosphate oxidase	1.514E+00	0.020	18	150	347	366	25	183	213	221	0.541	0.746
LOKIASV2_0553_ESMFold_hypothetical_protein	AF-A7II77-F1-model_v4	AF-A7II77-F1-model_v4 Pyridoxine/pyridoxamine 5'-phosphate oxidase	1.340E+00	0.020	18	144	347	366	22	183	213	231	0.557	0.761
LOKIASV2_0553_ESMFold_hypothetical_protein	AF-Q9I4S5-F1-model_v4	AF-Q9I4S5-F1-model_v4 Pyridoxine/pyridoxamine 5'-phosphate oxidase	1.187E+00	0.020	18	143	361	366	21	193	215	241	0.598	0.805
LOKIASV2_0553_ESMFold_hypothetical_protein	AF-A4YQ21-F1-model_v4	AF-A4YQ21-F1-model_v4 Pyridoxine/pyridoxamine 5'-phosphate oxidase	6.853E-01	0.020	18	150	347	366	28	186	216	218	0.541	0.736
LOKIASV2_0553_ESMFold_hypothetical_protein	AF-A5G1W5-F1-model_v4	AF-A5G1W5-F1-model_v4 Bifunctional protein FolD	4.018E+00	0.020	18	6	152	366	11	127	279	159	0.402	0.419
LOKIASV2_0553_ESMFold_hypothetical_protein	AF-Q472L4-F1-model_v4	AF-Q472L4-F1-model_v4 Bifunctional protein FolD	7.394E+00	0.020	18	4	157	366	17	131	283	160	0.421	0.406
LOKIASV2_0553_ESMFold_hypothetical_protein	AF-A4QBY8-F1-model_v4	AF-A4QBY8-F1-model_v4 Bifunctional protein FolD	6.158E+00	0.020	18	4	158	366	17	133	284	162	0.423	0.412
LOKIASV2_0553_ESMFold_hypothetical_protein	AF-A9M068-F1-model_v4	AF-A9M068-F1-model_v4 Bifunctional protein FolD	7.394E+00	0.020	18	4	159	366	14	134	284	167	0.426	0.426
LOKIASV2_0553_ESMFold_hypothetical_protein	AF-Q15R43-F1-model_v4	AF-Q15R43-F1-model_v4 Bifunctional protein FolD	9.437E+00	0.020	18	5	160	366	7	134	285	171	0.426	0.449
LOKIASV2_0553_ESMFold_hypothetical_protein	AF-B8CRF9-F1-model_v4	AF-B8CRF9-F1-model_v4 Bifunctional protein FolD	6.158E+00	0.020	18	1	158	366	4	134	286	172	0.432	0.458
LOKIASV2_0553_ESMFold_hypothetical_protein	AF-A9MW26-F1-model_v4	AF-A9MW26-F1-model_v4 Bifunctional protein FolD	8.354E+00	0.020	18	5	158	366	7	134	288	174	0.421	0.444
LOKIASV2_0553_ESMFold_hypothetical_protein	AF-A4W7J0-F1-model_v4	AF-A4W7J0-F1-model_v4 Bifunctional protein FolD	9.437E+00	0.020	18	4	158	366	14	134	288	159	0.423	0.420
LOKIASV2_0553_ESMFold_hypothetical_protein	AF-A1K589-F1-model_v4	AF-A1K589-F1-model_v4 Bifunctional protein FolD	5.128E+00	0.020	18	4	166	366	17	136	291	171	0.445	0.412
LOKIASV2_0553_ESMFold_hypothetical_protein	AF-A3PM50-F1-model_v4	AF-A3PM50-F1-model_v4 Bifunctional protein FolD	8.354E+00	0.020	18	4	155	366	17	134	296	161	0.415	0.399
LOKIASV2_0553_ESMFold_hypothetical_protein	AF-A9MC67-F1-model_v4	AF-A9MC67-F1-model_v4 Bifunctional protein FolD	8.879E+00	0.020	18	4	166	366	12	138	299	169	0.445	0.425
LOKIASV2_0553_ESMFold_hypothetical_protein	AF-A9WZ75-F1-model_v4	AF-A9WZ75-F1-model_v4 Bifunctional protein FolD	8.879E+00	0.020	18	4	166	366	12	138	299	169	0.445	0.425
LOKIASV2_0553_ESMFold_hypothetical_protein	AF-Q30X38-F1-model_v4	AF-Q30X38-F1-model_v4 Aspartate carbamoyltransferase	5.451E+00	0.020	18	5	164	366	30	160	318	172	0.437	0.412
LOKIASV2_0553_ESMFold_hypothetical_protein	AF-Q7LKY2-F1-model_v4	AF-Q7LKY2-F1-model_v4 Adducin-related protein C1289.14	6.158E+00	0.020	18	148	226	366	79	141	324	80	0.216	0.194
LOKIASV2_0553_ESMFold_hypothetical_protein	AF-Q9FHE5-F1-model_v4	AF-Q9FHE5-F1-model_v4 Uncharacterized protein PHLOEM PROTEIN 2-LIKE A7	1.340E+00	0.020	18	25	264	366	2	298	332	325	0.656	0.895
LOKIASV2_0553_ESMFold_hypothetical_protein	AF-Q5P2R4-F1-model_v4	AF-Q5P2R4-F1-model_v4 Nicotinate-nucleotide--dimethylbenzimidazole phosphoribosyltransferase	7.394E+00	0.020	18	6	110	366	36	174	344	143	0.287	0.404
LOKIASV2_0553_ESMFold_hypothetical_protein	AF-Q0HRU1-F1-model_v4	AF-Q0HRU1-F1-model_v4 Nicotinate-nucleotide--dimethylbenzimidazole phosphoribosyltransferase	7.859E+00	0.020	18	6	107	366	41	176	350	144	0.279	0.389
LOKIASV2_0553_ESMFold_hypothetical_protein	AF-A4Y9P3-F1-model_v4	AF-A4Y9P3-F1-model_v4 Nicotinate-nucleotide--dimethylbenzimidazole phosphoribosyltransferase	5.128E+00	0.020	18	4	107	366	39	176	350	145	0.284	0.394
LOKIASV2_0553_ESMFold_hypothetical_protein	AF-Q9CNG4-F1-model_v4	AF-Q9CNG4-F1-model_v4 DNA polymerase IV	6.957E+00	0.020	18	144	190	366	254	307	355	54	0.128	0.152
LOKIASV2_0553_ESMFold_hypothetical_protein	AF-B6EJW7-F1-model_v4	AF-B6EJW7-F1-model_v4 Lipid-A-disaccharide synthase	7.394E+00	0.020	18	7	135	366	176	297	383	144	0.352	0.319
LOKIASV2_0553_ESMFold_hypothetical_protein	AF-A1CGN9-F1-model_v4	AF-A1CGN9-F1-model_v4 Methylthioribose-1-phosphate isomerase	7.394E+00	0.020	18	5	127	366	146	285	385	159	0.336	0.364
LOKIASV2_0553_ESMFold_hypothetical_protein	AF-Q8DXQ8-F1-model_v4	AF-Q8DXQ8-F1-model_v4 Sensor protein DltS	2.962E+00	0.020	18	147	226	366	39	117	395	98	0.219	0.200
LOKIASV2_0553_ESMFold_hypothetical_protein	AF-C0ZBR4-F1-model_v4	AF-C0ZBR4-F1-model_v4 Ornithine aminotransferase	7.859E+00	0.020	18	3	128	366	110	226	399	147	0.344	0.293
LOKIASV2_0553_ESMFold_hypothetical_protein	AF-Q8U0Q4-F1-model_v4	AF-Q8U0Q4-F1-model_v4 Phosphomethylpyrimidine synthase	2.622E+00	0.020	18	24	164	366	61	141	429	146	0.385	0.189
LOKIASV2_0553_ESMFold_hypothetical_protein	AF-A5FJK3-F1-model_v4	AF-A5FJK3-F1-model_v4 Adenosylhomocysteinase	5.794E+00	0.020	18	5	208	366	200	356	438	227	0.557	0.358
LOKIASV2_0553_ESMFold_hypothetical_protein	AF-Q9ZJM4-F1-model_v4	AF-Q9ZJM4-F1-model_v4 Bifunctional NAD(P)H-hydrate repair enzyme Nnr	5.128E+00	0.020	18	4	135	366	28	153	464	158	0.361	0.272
LOKIASV2_0553_ESMFold_hypothetical_protein	AF-O81825-F1-model_v4	AF-O81825-F1-model_v4 Probable disease resistance protein At4g27220	3.780E+00	0.020	18	1	164	366	113	292	919	211	0.448	0.196
LOKIASV2_0553_ESMFold_hypothetical_protein	AF-Q5R1P0-F1-model_v4	AF-Q5R1P0-F1-model_v4 Glutamate receptor ionotropic, NMDA 1	3.780E+00	0.020	18	1	162	366	1	159	943	187	0.443	0.169
LOKIASV2_0553_ESMFold_hypothetical_protein	AF-Q9M2Q4-F1-model_v4	AF-Q9M2Q4-F1-model_v4 RNA cytidine acetyltransferase 2	4.018E+00	0.020	18	5	167	366	258	443	1028	221	0.445	0.181
LOKIASV2_0553_ESMFold_hypothetical_protein	AF-Q2YBB2-F1-model_v4	AF-Q2YBB2-F1-model_v4 Shikimate kinase	6.158E+00	0.016	17	20	147	366	19	127	195	137	0.350	0.559
LOKIASV2_0553_ESMFold_hypothetical_protein	AF-Q0HJY0-F1-model_v4	AF-Q0HJY0-F1-model_v4 Pyridoxine/pyridoxamine 5'-phosphate oxidase	2.184E+00	0.016	17	148	349	366	24	184	212	232	0.552	0.759
LOKIASV2_0553_ESMFold_hypothetical_protein	AF-A1RKK6-F1-model_v4	AF-A1RKK6-F1-model_v4 Pyridoxine/pyridoxamine 5'-phosphate oxidase	2.054E+00	0.016	17	148	349	366	24	184	212	231	0.552	0.759
LOKIASV2_0553_ESMFold_hypothetical_protein	AF-Q1LK07-F1-model_v4	AF-Q1LK07-F1-model_v4 Pyridoxine/pyridoxamine 5'-phosphate oxidase	6.853E-01	0.016	17	143	361	366	20	189	212	243	0.598	0.802
LOKIASV2_0553_ESMFold_hypothetical_protein	AF-A6WM67-F1-model_v4	AF-A6WM67-F1-model_v4 Pyridoxine/pyridoxamine 5'-phosphate oxidase	1.933E+00	0.016	17	148	349	366	24	184	212	233	0.552	0.759
LOKIASV2_0553_ESMFold_hypothetical_protein	AF-A9KY72-F1-model_v4	AF-A9KY72-F1-model_v4 Pyridoxine/pyridoxamine 5'-phosphate oxidase	9.882E-01	0.016	17	150	347	366	26	184	212	231	0.541	0.750
LOKIASV2_0553_ESMFold_hypothetical_protein	AF-Q54YS6-F1-model_v4	AF-Q54YS6-F1-model_v4 Pyridoxine-5'-phosphate oxidase	9.882E-01	0.016	17	150	361	366	39	202	227	232	0.579	0.722
LOKIASV2_0553_ESMFold_hypothetical_protein	AF-Q9LXX3-F1-model_v4	AF-Q9LXX3-F1-model_v4 Probable F-box protein At3g56670	5.128E+00	0.016	17	147	204	366	57	115	233	60	0.158	0.253
LOKIASV2_0553_ESMFold_hypothetical_protein	AF-A5CVZ6-F1-model_v4	AF-A5CVZ6-F1-model_v4 Bifunctional protein FolD	7.394E+00	0.016	17	5	162	366	5	127	277	168	0.432	0.444
LOKIASV2_0553_ESMFold_hypothetical_protein	AF-Q6NIZ6-F1-model_v4	AF-Q6NIZ6-F1-model_v4 Bifunctional protein FolD	8.354E+00	0.016	17	4	158	366	17	133	281	163	0.423	0.416
LOKIASV2_0553_ESMFold_hypothetical_protein	AF-Q8EG21-F1-model_v4	AF-Q8EG21-F1-model_v4 Bifunctional protein FolD	8.354E+00	0.016	17	5	152	366	7	134	284	161	0.404	0.451
LOKIASV2_0553_ESMFold_hypothetical_protein	AF-A7I254-F1-model_v4	AF-A7I254-F1-model_v4 Bifunctional protein FolD	8.879E+00	0.016	17	4	164	366	11	133	284	167	0.440	0.433
LOKIASV2_0553_ESMFold_hypothetical_protein	AF-Q3IF52-F1-model_v4	AF-Q3IF52-F1-model_v4 Bifunctional protein FolD	6.545E+00	0.016	17	5	152	366	7	134	284	167	0.404	0.451
LOKIASV2_0553_ESMFold_hypothetical_protein	AF-Q97RI9-F1-model_v4	AF-Q97RI9-F1-model_v4 Bifunctional protein FolD	9.437E+00	0.016	17	4	162	366	13	132	285	163	0.434	0.421
LOKIASV2_0553_ESMFold_hypothetical_protein	AF-B6EIM4-F1-model_v4	AF-B6EIM4-F1-model_v4 Bifunctional protein FolD	8.879E+00	0.016	17	5	158	366	7	134	285	171	0.421	0.449
LOKIASV2_0553_ESMFold_hypothetical_protein	AF-Q6D2E6-F1-model_v4	AF-Q6D2E6-F1-model_v4 Bifunctional protein FolD	4.825E+00	0.016	17	5	158	366	7	134	287	170	0.421	0.446
LOKIASV2_0553_ESMFold_hypothetical_protein	AF-A1T5D0-F1-model_v4	AF-A1T5D0-F1-model_v4 Bifunctional protein FolD	8.879E+00	0.016	17	4	169	366	16	143	288	177	0.454	0.444
LOKIASV2_0553_ESMFold_hypothetical_protein	AF-Q7MZH1-F1-model_v4	AF-Q7MZH1-F1-model_v4 Bifunctional protein FolD	8.879E+00	0.016	17	5	158	366	7	134	291	173	0.421	0.440
LOKIASV2_0553_ESMFold_hypothetical_protein	AF-Q7VRB3-F1-model_v4	AF-Q7VRB3-F1-model_v4 Bifunctional protein FolD	8.354E+00	0.016	17	4	162	366	14	133	296	167	0.434	0.405
LOKIASV2_0553_ESMFold_hypothetical_protein	AF-A8LIR3-F1-model_v4	AF-A8LIR3-F1-model_v4 Bifunctional protein FolD	8.354E+00	0.016	17	4	165	366	17	136	299	168	0.443	0.401
LOKIASV2_0553_ESMFold_hypothetical_protein	AF-A9HEL1-F1-model_v4	AF-A9HEL1-F1-model_v4 Bifunctional protein FolD	8.879E+00	0.016	17	4	159	366	32	152	311	165	0.426	0.389
LOKIASV2_0553_ESMFold_hypothetical_protein	AF-A1V9L9-F1-model_v4	AF-A1V9L9-F1-model_v4 Nicotinate-nucleotide--dimethylbenzimidazole phosphoribosyltransferase	9.437E+00	0.016	17	4	107	366	41	180	357	145	0.284	0.392
LOKIASV2_0553_ESMFold_hypothetical_protein	AF-Q2NL31-F1-model_v4	AF-Q2NL31-F1-model_v4 Methylthioribose-1-phosphate isomerase	7.859E+00	0.016	17	5	127	366	142	278	358	158	0.336	0.383
LOKIASV2_0553_ESMFold_hypothetical_protein	AF-Q8E3C7-F1-model_v4	AF-Q8E3C7-F1-model_v4 Sensor protein DltS	3.557E+00	0.016	17	147	228	366	39	119	395	100	0.224	0.205
LOKIASV2_0553_ESMFold_hypothetical_protein	AF-Q6FYN4-F1-model_v4	AF-Q6FYN4-F1-model_v4 Phosphoglycerate kinase	6.957E+00	0.016	17	8	130	366	176	354	397	186	0.336	0.451
LOKIASV2_0553_ESMFold_hypothetical_protein	AF-A9IYR6-F1-model_v4	AF-A9IYR6-F1-model_v4 Phosphoglycerate kinase	6.545E+00	0.016	17	8	130	366	176	354	397	193	0.336	0.451
LOKIASV2_0553_ESMFold_hypothetical_protein	AF-Q5FL50-F1-model_v4	AF-Q5FL50-F1-model_v4 Phosphoglycerate kinase	7.394E+00	0.016	17	23	157	366	13	195	403	212	0.369	0.454
LOKIASV2_0553_ESMFold_hypothetical_protein	AF-Q5JD26-F1-model_v4	AF-Q5JD26-F1-model_v4 Phosphomethylpyrimidine synthase	2.184E+00	0.016	17	24	166	366	61	180	428	169	0.391	0.280
LOKIASV2_0553_ESMFold_hypothetical_protein	AF-B7KDN8-F1-model_v4	AF-B7KDN8-F1-model_v4 Phosphomethylpyrimidine synthase	3.346E+00	0.016	17	24	169	366	75	155	459	149	0.399	0.176
LOKIASV2_0553_ESMFold_hypothetical_protein	AF-D7EZN2-F1-model_v4	AF-D7EZN2-F1-model_v4 Pancreatic lipase-related protein 2	1.514E+00	0.016	17	20	343	366	83	470	471	448	0.885	0.824
LOKIASV2_0553_ESMFold_hypothetical_protein	AF-D1BAA5-F1-model_v4	AF-D1BAA5-F1-model_v4 Bifunctional NAD(P)H-hydrate repair enzyme Nnr	7.859E+00	0.016	17	4	129	366	30	159	512	156	0.344	0.254
LOKIASV2_0553_ESMFold_hypothetical_protein	AF-Q08CX5-F1-model_v4	AF-Q08CX5-F1-model_v4 TBC1 domain family member 24	1.818E+00	0.016	17	169	363	366	383	553	562	228	0.533	0.304
LOKIASV2_0553_ESMFold_hypothetical_protein	AF-Q8GX92-F1-model_v4	AF-Q8GX92-F1-model_v4 Cation/H(+) antiporter 6A	3.148E+00	0.016	17	9	103	366	643	757	818	127	0.260	0.141
LOKIASV2_0553_ESMFold_hypothetical_protein	AF-Q06549-F1-model_v4	AF-Q06549-F1-model_v4 Cytidine deaminase	7.859E+00	0.014	16	145	205	366	7	62	142	62	0.167	0.394
LOKIASV2_0553_ESMFold_hypothetical_protein	AF-Q6NAI9-F1-model_v4	AF-Q6NAI9-F1-model_v4 Pyridoxine/pyridoxamine 5'-phosphate oxidase	1.261E+00	0.014	16	150	347	366	24	182	212	220	0.541	0.750
LOKIASV2_0553_ESMFold_hypothetical_protein	AF-Q8ED71-F1-model_v4	AF-Q8ED71-F1-model_v4 Pyridoxine/pyridoxamine 5'-phosphate oxidase	2.787E+00	0.014	16	148	349	366	24	184	212	233	0.552	0.759
LOKIASV2_0553_ESMFold_hypothetical_protein	AF-A3D3G4-F1-model_v4	AF-A3D3G4-F1-model_v4 Pyridoxine/pyridoxamine 5'-phosphate oxidase	2.787E+00	0.014	16	148	349	366	24	184	212	232	0.552	0.759
LOKIASV2_0553_ESMFold_hypothetical_protein	AF-A5WEW5-F1-model_v4	AF-A5WEW5-F1-model_v4 Pyridoxine/pyridoxamine 5'-phosphate oxidase	1.261E+00	0.014	16	145	361	366	21	191	215	243	0.593	0.795
LOKIASV2_0553_ESMFold_hypothetical_protein	AF-Q50314-F1-model_v4	AF-Q50314-F1-model_v4 ParA family protein MPN_688	4.825E+00	0.014	16	5	167	366	16	219	270	224	0.445	0.756
LOKIASV2_0553_ESMFold_hypothetical_protein	AF-Q8FRU9-F1-model_v4	AF-Q8FRU9-F1-model_v4 Bifunctional protein FolD	7.394E+00	0.014	16	4	158	366	17	133	284	168	0.423	0.412
LOKIASV2_0553_ESMFold_hypothetical_protein	AF-Q63SL6-F1-model_v4	AF-Q63SL6-F1-model_v4 Bifunctional protein FolD	8.879E+00	0.014	16	4	159	366	9	133	285	165	0.426	0.439
LOKIASV2_0553_ESMFold_hypothetical_protein	AF-Q8DQD3-F1-model_v4	AF-Q8DQD3-F1-model_v4 Bifunctional protein FolD	9.437E+00	0.014	16	4	151	366	13	132	285	152	0.404	0.421
LOKIASV2_0553_ESMFold_hypothetical_protein	AF-Q1J118-F1-model_v4	AF-Q1J118-F1-model_v4 Bifunctional protein FolD 1	7.394E+00	0.014	16	4	162	366	13	134	288	167	0.434	0.424
LOKIASV2_0553_ESMFold_hypothetical_protein	AF-Q8R965-F1-model_v4	AF-Q8R965-F1-model_v4 Phosphoglycerate kinase	8.354E+00	0.014	16	1	129	366	170	348	394	190	0.352	0.454
LOKIASV2_0553_ESMFold_hypothetical_protein	AF-A9WKE4-F1-model_v4	AF-A9WKE4-F1-model_v4 Phosphoglycerate kinase	9.437E+00	0.014	16	1	130	366	172	356	400	203	0.355	0.463
LOKIASV2_0553_ESMFold_hypothetical_protein	AF-A7GWT1-F1-model_v4	AF-A7GWT1-F1-model_v4 Phosphoglycerate kinase	8.354E+00	0.014	16	1	130	366	174	355	400	200	0.355	0.455
LOKIASV2_0553_ESMFold_hypothetical_protein	AF-B9LM50-F1-model_v4	AF-B9LM50-F1-model_v4 Phosphoglycerate kinase	7.394E+00	0.014	16	4	130	366	176	356	400	201	0.347	0.452
LOKIASV2_0553_ESMFold_hypothetical_protein	AF-Q8ZWK6-F1-model_v4	AF-Q8ZWK6-F1-model_v4 Phosphoglycerate kinase	5.794E+00	0.014	16	2	130	366	182	359	408	189	0.352	0.436
LOKIASV2_0553_ESMFold_hypothetical_protein	AF-C5A6A9-F1-model_v4	AF-C5A6A9-F1-model_v4 Phosphomethylpyrimidine synthase	4.271E+00	0.014	16	24	164	366	61	141	426	146	0.385	0.190
LOKIASV2_0553_ESMFold_hypothetical_protein	AF-P60373-F1-model_v4	AF-P60373-F1-model_v4 Replication factor C large subunit	1.610E+00	0.014	16	1	166	366	47	209	430	199	0.454	0.379
LOKIASV2_0553_ESMFold_hypothetical_protein	AF-Q39RJ6-F1-model_v4	AF-Q39RJ6-F1-model_v4 Phosphomethylpyrimidine synthase	3.346E+00	0.014	16	15	164	366	49	144	436	161	0.410	0.220
LOKIASV2_0553_ESMFold_hypothetical_protein	AF-A6Q2K1-F1-model_v4	AF-A6Q2K1-F1-model_v4 Phosphomethylpyrimidine synthase	6.158E+00	0.014	16	24	156	366	75	164	444	137	0.363	0.203
LOKIASV2_0553_ESMFold_hypothetical_protein	AF-Q03A55-F1-model_v4	AF-Q03A55-F1-model_v4 Glucose-6-phosphate isomerase	6.158E+00	0.014	16	5	162	366	43	239	446	211	0.432	0.442
LOKIASV2_0553_ESMFold_hypothetical_protein	AF-Q6G0E0-F1-model_v4	AF-Q6G0E0-F1-model_v4 Pyridoxine/pyridoxamine 5'-phosphate oxidase	2.787E+00	0.011	15	150	349	366	18	176	207	225	0.546	0.768
LOKIASV2_0553_ESMFold_hypothetical_protein	AF-A5FWR6-F1-model_v4	AF-A5FWR6-F1-model_v4 Pyridoxine/pyridoxamine 5'-phosphate oxidase	4.018E+00	0.011	15	150	363	366	26	212	212	247	0.585	0.882
LOKIASV2_0553_ESMFold_hypothetical_protein	AF-A0KVP0-F1-model_v4	AF-A0KVP0-F1-model_v4 Pyridoxine/pyridoxamine 5'-phosphate oxidase	3.780E+00	0.011	15	148	349	366	24	184	212	233	0.552	0.759
LOKIASV2_0553_ESMFold_hypothetical_protein	AF-Q1QWA6-F1-model_v4	AF-Q1QWA6-F1-model_v4 Pyridoxine/pyridoxamine 5'-phosphate oxidase	2.467E+00	0.011	15	150	347	366	27	185	215	229	0.541	0.740
LOKIASV2_0553_ESMFold_hypothetical_protein	AF-Q3KGY4-F1-model_v4	AF-Q3KGY4-F1-model_v4 Pyridoxine/pyridoxamine 5'-phosphate oxidase	1.711E+00	0.011	15	150	349	366	27	212	215	237	0.546	0.865
LOKIASV2_0553_ESMFold_hypothetical_protein	AF-Q5WRN3-F1-model_v4	AF-Q5WRN3-F1-model_v4 Protein-lysine N-methyltransferase M142.8	8.879E+00	0.011	15	1	119	366	52	158	218	128	0.325	0.491
LOKIASV2_0553_ESMFold_hypothetical_protein	AF-Q0C3Z2-F1-model_v4	AF-Q0C3Z2-F1-model_v4 Pyridoxine/pyridoxamine 5'-phosphate oxidase	2.787E+00	0.011	15	145	347	366	27	190	219	234	0.555	0.749
LOKIASV2_0553_ESMFold_hypothetical_protein	AF-Q82GN9-F1-model_v4	AF-Q82GN9-F1-model_v4 Pyridoxine/pyridoxamine 5'-phosphate oxidase	2.787E+00	0.011	15	132	234	366	22	125	224	117	0.281	0.464
LOKIASV2_0553_ESMFold_hypothetical_protein	AF-Q883R9-F1-model_v4	AF-Q883R9-F1-model_v4 Phosphoserine phosphatase	6.957E+00	0.011	15	23	155	366	32	172	237	155	0.363	0.595
LOKIASV2_0553_ESMFold_hypothetical_protein	AF-B2J442-F1-model_v4	AF-B2J442-F1-model_v4 Bifunctional protein FolD	8.354E+00	0.011	15	5	169	366	10	147	292	188	0.451	0.473
LOKIASV2_0553_ESMFold_hypothetical_protein	AF-P27254-F1-model_v4	AF-P27254-F1-model_v4 GTPase ArgK	7.859E+00	0.011	15	6	169	366	65	230	331	194	0.448	0.502
LOKIASV2_0553_ESMFold_hypothetical_protein	AF-Q87S80-F1-model_v4	AF-Q87S80-F1-model_v4 Anhydro-N-acetylmuramic acid kinase	7.859E+00	0.011	15	91	158	366	278	345	370	75	0.186	0.184
LOKIASV2_0553_ESMFold_hypothetical_protein	AF-Q0AZ84-F1-model_v4	AF-Q0AZ84-F1-model_v4 Phosphomethylpyrimidine synthase	5.128E+00	0.011	15	15	162	366	50	151	424	154	0.404	0.241
LOKIASV2_0553_ESMFold_hypothetical_protein	AF-B1I672-F1-model_v4	AF-B1I672-F1-model_v4 Phosphomethylpyrimidine synthase	5.451E+00	0.011	15	15	153	366	47	135	432	146	0.380	0.206
LOKIASV2_0553_ESMFold_hypothetical_protein	AF-Q5QXN5-F1-model_v4	AF-Q5QXN5-F1-model_v4 3-ketoacyl-CoA thiolase	5.794E+00	0.011	15	3	166	366	38	153	436	172	0.448	0.266
LOKIASV2_0553_ESMFold_hypothetical_protein	AF-Q9S785-F1-model_v4	AF-Q9S785-F1-model_v4 Glycerol-3-phosphate dehydrogenase [NAD(+)] At3g07690, cytosolic	7.394E+00	0.011	15	2	128	366	11	189	456	192	0.347	0.393
LOKIASV2_0553_ESMFold_hypothetical_protein	AF-Q12096-F1-model_v4	AF-Q12096-F1-model_v4 Glucose N-acetyltransferase 1	7.394E+00	0.011	15	4	111	366	70	209	491	145	0.295	0.285
LOKIASV2_0553_ESMFold_hypothetical_protein	AF-Q54KM0-F1-model_v4	AF-Q54KM0-F1-model_v4 Gephyrin	2.467E+00	0.011	15	24	343	366	453	712	718	377	0.874	0.362
LOKIASV2_0553_ESMFold_hypothetical_protein	AF-Q6NVJ5-F1-model_v4	AF-Q6NVJ5-F1-model_v4 Disco-interacting protein 2 homolog B-A	7.859E+00	0.011	15	5	233	366	535	737	1577	262	0.626	0.129
LOKIASV2_0553_ESMFold_hypothetical_protein	AF-Q6F7E4-F1-model_v4	AF-Q6F7E4-F1-model_v4 Shikimate kinase	9.437E+00	0.010	14	16	129	366	4	111	180	134	0.311	0.600
LOKIASV2_0553_ESMFold_hypothetical_protein	AF-A1WXY4-F1-model_v4	AF-A1WXY4-F1-model_v4 Pyridoxine/pyridoxamine 5'-phosphate oxidase	2.467E+00	0.010	14	147	347	366	13	173	201	227	0.549	0.801
LOKIASV2_0553_ESMFold_hypothetical_protein	AF-Q2GCC6-F1-model_v4	AF-Q2GCC6-F1-model_v4 Pyridoxine/pyridoxamine 5'-phosphate oxidase	5.451E+00	0.010	14	150	343	366	16	202	203	240	0.530	0.921
LOKIASV2_0553_ESMFold_hypothetical_protein	AF-A1SEM4-F1-model_v4	AF-A1SEM4-F1-model_v4 Pyridoxine/pyridoxamine 5'-phosphate oxidase	2.622E+00	0.010	14	150	361	366	28	191	213	241	0.579	0.770
LOKIASV2_0553_ESMFold_hypothetical_protein	AF-C9Z4D1-F1-model_v4	AF-C9Z4D1-F1-model_v4 Proteasome subunit alpha	3.780E+00	0.010	14	149	220	366	9	65	248	77	0.197	0.230
LOKIASV2_0553_ESMFold_hypothetical_protein	AF-Q7NBG7-F1-model_v4	AF-Q7NBG7-F1-model_v4 Phosphoglycerate kinase	7.394E+00	0.010	14	1	127	366	184	369	413	198	0.347	0.450
LOKIASV2_0553_ESMFold_hypothetical_protein	AF-B9E2H5-F1-model_v4	AF-B9E2H5-F1-model_v4 Phosphomethylpyrimidine synthase	3.346E+00	0.010	14	15	162	366	50	151	437	157	0.404	0.233
LOKIASV2_0553_ESMFold_hypothetical_protein	AF-P24116-F1-model_v4	AF-P24116-F1-model_v4 Chromosomal replication initiator protein DnaA	7.394E+00	0.010	14	3	161	366	124	292	450	198	0.434	0.376
LOKIASV2_0553_ESMFold_hypothetical_protein	AF-Q0BVM8-F1-model_v4	AF-Q0BVM8-F1-model_v4 Pyridoxine/pyridoxamine 5'-phosphate oxidase	8.879E+00	0.009	13	144	347	366	19	185	213	224	0.557	0.784
LOKIASV2_0553_ESMFold_hypothetical_protein	AF-Q1IDT9-F1-model_v4	AF-Q1IDT9-F1-model_v4 Pyridoxine/pyridoxamine 5'-phosphate oxidase	4.018E+00	0.009	13	126	353	366	11	208	215	265	0.623	0.921
LOKIASV2_0553_ESMFold_hypothetical_protein	AF-Q8ZE19-F1-model_v4	AF-Q8ZE19-F1-model_v4 Pyridoxine/pyridoxamine 5'-phosphate oxidase	6.545E+00	0.009	13	150	347	366	31	189	217	223	0.541	0.733
LOKIASV2_0553_ESMFold_hypothetical_protein	AF-Q1C790-F1-model_v4	AF-Q1C790-F1-model_v4 Pyridoxine/pyridoxamine 5'-phosphate oxidase	7.394E+00	0.009	13	150	347	366	31	189	217	221	0.541	0.733
LOKIASV2_0553_ESMFold_hypothetical_protein	AF-Q7XS69-F1-model_v4	AF-Q7XS69-F1-model_v4 Two-component response regulator ORR29	8.879E+00	0.009	13	16	167	366	3	150	390	187	0.415	0.379
LOKIASV2_0553_ESMFold_hypothetical_protein	AF-B5YJ75-F1-model_v4	AF-B5YJ75-F1-model_v4 Phosphomethylpyrimidine synthase	7.859E+00	0.009	13	24	168	366	60	181	426	169	0.396	0.286
LOKIASV2_0553_ESMFold_hypothetical_protein	AF-A0A0K1TPY7-F1-model_v4	AF-A0A0K1TPY7-F1-model_v4 5-hydroxybenzimidazole synthase BzaA	7.394E+00	0.009	13	15	156	366	46	152	427	156	0.388	0.251
LOKIASV2_0553_ESMFold_hypothetical_protein	AF-A0A0K1TQ05-F1-model_v4	AF-A0A0K1TQ05-F1-model_v4 5-hydroxybenzimidazole synthase BzaB	6.158E+00	0.009	13	16	162	366	45	151	427	167	0.402	0.251
LOKIASV2_0553_ESMFold_hypothetical_protein	AF-P53129-F1-model_v4	AF-P53129-F1-model_v4 Vacuolar fusion protein MON1	6.545E+00	0.009	13	144	248	366	330	437	644	132	0.287	0.168
LOKIASV2_0553_ESMFold_hypothetical_protein	AF-B1GVX7-F1-model_v4	AF-B1GVX7-F1-model_v4 Reducing polyketide synthase BOA6	5.794E+00	0.009	13	9	236	366	1599	1894	2460	335	0.623	0.120
LOKIASV2_0553_ESMFold_hypothetical_protein	AF-Q5FPH2-F1-model_v4	AF-Q5FPH2-F1-model_v4 Pyridoxine/pyridoxamine 5'-phosphate oxidase	6.957E+00	0.008	12	145	347	366	8	172	200	227	0.555	0.825
LOKIASV2_0553_ESMFold_hypothetical_protein	AF-A8ZVP4-F1-model_v4	AF-A8ZVP4-F1-model_v4 Phosphomethylpyrimidine synthase	6.158E+00	0.008	12	24	163	366	60	172	426	171	0.383	0.265
LOKIASV2_0553_ESMFold_hypothetical_protein	AF-A5N937-F1-model_v4	AF-A5N937-F1-model_v4 Phosphomethylpyrimidine synthase	5.451E+00	0.008	12	15	168	366	50	142	437	163	0.421	0.213
LOKIASV2_0553_ESMFold_hypothetical_protein	AF-Q3EBI7-F1-model_v4	AF-Q3EBI7-F1-model_v4 F-box protein At2g40910	3.958E-01	0.008	12	126	343	366	46	364	449	362	0.596	0.710
LOKIASV2_0553_ESMFold_hypothetical_protein	AF-Q01757-F1-model_v4	AF-Q01757-F1-model_v4 N-(5-amino-5-carboxypentanoyl)-L-cysteinyl-D-valine synthase	4.539E+00	0.008	12	9	262	366	442	676	805	316	0.694	0.292
LOKIASV2_0553_ESMFold_hypothetical_protein	AF-A1A278-F1-model_v4	AF-A1A278-F1-model_v4 Mannan endo-1,4-beta-mannosidase	5.451E+00	0.007	11	25	295	366	271	675	1002	448	0.740	0.404
LOKIASV2_0553_ESMFold_hypothetical_protein	AF-Q4JAC4-F1-model_v4	AF-Q4JAC4-F1-model_v4 Probable thymidylate kinase	7.859E+00	0.000	10	4	136	366	16	143	194	161	0.363	0.660
LOKIASV2_0553_ESMFold_hypothetical_protein	AF-Q20939-F1-model_v4	AF-Q20939-F1-model_v4 Putative pyridoxamine 5'-phosphate oxidase	5.451E+00	0.000	10	129	347	366	21	198	226	248	0.598	0.788
LOKIASV2_0553_ESMFold_hypothetical_protein	AF-A6TW06-F1-model_v4	AF-A6TW06-F1-model_v4 Phosphoglucosamine mutase	9.437E+00	0.000	10	5	187	366	25	250	448	255	0.500	0.504
LOKIASV2_0553_ESMFold_hypothetical_protein	AF-Q6DDZ9-F1-model_v4	AF-Q6DDZ9-F1-model_v4 MTOR-associated protein MEAK7	8.879E+00	0.000	10	168	284	366	290	430	460	159	0.320	0.307
LOKIASV2_0553_ESMFold_hypothetical_protein	AF-I6X8D2-F1-model_v4	AF-I6X8D2-F1-model_v4 Polyketide synthase Pks13	8.879E+00	0.000	10	24	181	366	711	854	1733	179	0.432	0.083
LOKIASV2_0553_ESMFold_hypothetical_protein	AF-Q84FF7-F1-model_v4	AF-Q84FF7-F1-model_v4 Tol-Pal system protein TolB	9.437E+00	0.000	9	23	357	366	31	326	431	403	0.915	0.687
LOKIASV2_0553_ESMFold_hypothetical_protein	AF-P34487-F1-model_v4	AF-P34487-F1-model_v4 Uncharacterized protein F59B2.12	5.794E+00	0.000	9	163	341	366	112	202	918	179	0.489	0.099
