LOKIASV2_0659_ESMFold_hypothetical_protein	3dbh-assembly2.cif.gz_I	3dbh-assembly2.cif.gz_I Structural Dissection of a Gating Mechanism Preventing Misactivation of Ubiquitin by NEDD8's E1 (APPBP1-UBA3Arg190Ala-NEDD8Ala72Arg)	3.650E-04	1.000	124	1	104	104	6	86	86	104	1.000	0.942
LOKIASV2_0659_ESMFold_hypothetical_protein	4k7s-assembly1.cif.gz_A	4k7s-assembly1.cif.gz_A Crystal structure of Zn2-hUb (human ubiquitin) adduct from a solution 35 mM zinc acetate/1.3 mM hUb	9.598E-04	1.000	121	7	98	104	2	70	70	92	0.885	0.986
LOKIASV2_0659_ESMFold_hypothetical_protein	6fno-assembly2.cif.gz_D	6fno-assembly2.cif.gz_D Caldiarchaeum Subterraneum Ubiquitin:Rpn11-homolog complex, zinc soak	6.112E-04	1.000	119	3	104	104	9	89	89	103	0.981	0.910
LOKIASV2_0659_ESMFold_hypothetical_protein	2gbm-assembly4.cif.gz_D	2gbm-assembly4.cif.gz_D Crystal Structure of the 35-36 8 Glycine Insertion Mutant of Ubiquitin	3.208E-04	1.000	118	7	98	104	2	80	80	98	0.885	0.988
LOKIASV2_0659_ESMFold_hypothetical_protein	5m93-assembly1.cif.gz_A	5m93-assembly1.cif.gz_A Crystal structure of SdeA-modified ubiquitin.	1.413E-03	1.000	116	7	103	104	2	75	75	97	0.933	0.987
LOKIASV2_0659_ESMFold_hypothetical_protein	1yj1-assembly2.cif.gz_B	1yj1-assembly2.cif.gz_B X-ray Crystal Structure of a Chemically Synthesized [D-Gln35]Ubiquitin	1.413E-03	1.000	113	7	99	104	2	70	71	93	0.894	0.972
LOKIASV2_0659_ESMFold_hypothetical_protein	3h7p-assembly1.cif.gz_A	3h7p-assembly1.cif.gz_A Crystal structure of K63-linked di-ubiquitin	3.422E-04	1.000	112	7	100	104	2	74	75	96	0.904	0.973
LOKIASV2_0659_ESMFold_hypothetical_protein	7mrj-assembly1.cif.gz_A	7mrj-assembly1.cif.gz_A Crystal structure of a novel ubiquitin-like TINCR	2.524E-03	1.000	112	5	99	104	12	83	85	95	0.913	0.847
LOKIASV2_0659_ESMFold_hypothetical_protein	3h7s-assembly2.cif.gz_A	3h7s-assembly2.cif.gz_A Crystal structures of K63-linked di- and tri-ubiquitin reveal a highly extended chain architecture	6.112E-04	1.000	109	7	98	104	2	72	75	92	0.885	0.947
LOKIASV2_0659_ESMFold_hypothetical_protein	6fj7-assembly1.cif.gz_A	6fj7-assembly1.cif.gz_A Caldiarchaeum Subterraneum Ubiquitin	4.509E-03	1.000	103	5	104	104	2	80	80	103	0.962	0.988
LOKIASV2_0659_ESMFold_hypothetical_protein	7mrj-assembly1.cif.gz_B	7mrj-assembly1.cif.gz_B Crystal structure of a novel ubiquitin-like TINCR	5.835E-03	1.000	101	5	99	104	2	73	75	99	0.913	0.960
LOKIASV2_0659_ESMFold_hypothetical_protein	4a20-assembly1.cif.gz_A	4a20-assembly1.cif.gz_A Crystal structure of the Ubl domain of Mdy2 (Get5) at 1.78A	2.524E-03	1.000	101	4	99	104	3	77	80	97	0.923	0.938
LOKIASV2_0659_ESMFold_hypothetical_protein	7c7i-assembly1.cif.gz_C	7c7i-assembly1.cif.gz_C Crystal structure of SHANK3 SPN domain in complex with GTP-bound Rap1b(E30D,K31E)	1.325E-03	1.000	100	5	98	104	3	88	88	99	0.904	0.977
LOKIASV2_0659_ESMFold_hypothetical_protein	5tte-assembly1.cif.gz_F	5tte-assembly1.cif.gz_F Crystal Structure of an RBR E3 ubiquitin ligase in complex with an E2-Ub thioester intermediate mimic	1.950E-03	0.999	99	1	104	104	1	79	79	104	1.000	1.000
LOKIASV2_0659_ESMFold_hypothetical_protein	5jp1-assembly1.cif.gz_B	5jp1-assembly1.cif.gz_B Structure of Xanthomonas campestris effector protein XopD bound to tomato SUMO	1.112E-02	0.999	98	5	103	104	2	77	77	99	0.952	0.987
LOKIASV2_0659_ESMFold_hypothetical_protein	6isu-assembly1.cif.gz_C	6isu-assembly1.cif.gz_C Crystal structure of Lys27-linked di-ubiquitin in complex with its selective interacting protein UCHL3	3.063E-03	0.999	97	7	104	104	2	75	75	100	0.942	0.987
LOKIASV2_0659_ESMFold_hypothetical_protein	2knb-assembly1.cif.gz_A	2knb-assembly1.cif.gz_A Solution NMR structure of the parkin Ubl domain in complex with the endophilin-A1 SH3 domain	1.242E-03	0.999	96	7	97	104	2	71	76	91	0.875	0.921
LOKIASV2_0659_ESMFold_hypothetical_protein	6kyh-assembly3.cif.gz_C	6kyh-assembly3.cif.gz_C Crystal structure of Shank3 NTD-ANK A42K mutant in complex with HRas	1.413E-03	0.998	95	5	95	104	2	84	349	97	0.875	0.238
LOKIASV2_0659_ESMFold_hypothetical_protein	5oxi-assembly1.cif.gz_A	5oxi-assembly1.cif.gz_A C-terminally retracted ubiquitin L67S mutant	4.509E-03	0.998	93	7	97	104	2	73	75	91	0.875	0.960
LOKIASV2_0659_ESMFold_hypothetical_protein	3uip-assembly1.cif.gz_B	3uip-assembly1.cif.gz_B Complex between human RanGAP1-SUMO1, UBC9 and the IR1 domain from RanBP2 containing IR2 Motif II	4.509E-03	0.998	93	5	104	104	2	78	78	100	0.962	0.987
LOKIASV2_0659_ESMFold_hypothetical_protein	3uqb-assembly1.cif.gz_A	3uqb-assembly1.cif.gz_A Crystal structure of a SMT Fusion PEPTIDYL-PROLYL CIS-TRANS ISOMERASE with surface mutation D44G from Burkholderia pseudomallei complexed with FK506	5.130E-03	0.997	91	4	104	104	3	79	191	103	0.971	0.403
LOKIASV2_0659_ESMFold_hypothetical_protein	6oar-assembly4.cif.gz_H	6oar-assembly4.cif.gz_H Structure of the Kupe virus OTU bound to the C-terminal domain of sheep ISG15	6.224E-03	0.996	90	5	98	104	2	74	77	95	0.904	0.948
LOKIASV2_0659_ESMFold_hypothetical_protein	5hpk-assembly1.cif.gz_B	5hpk-assembly1.cif.gz_B System-wide modulation of HECT E3 ligases with selective ubiquitin variant probes: NEDD4L and UbV NL.1	2.219E-03	0.996	90	6	98	104	2	73	78	94	0.894	0.923
LOKIASV2_0659_ESMFold_hypothetical_protein	7c7i-assembly1.cif.gz_D	7c7i-assembly1.cif.gz_D Crystal structure of SHANK3 SPN domain in complex with GTP-bound Rap1b(E30D,K31E)	4.509E-03	0.996	90	1	95	104	1	85	89	99	0.913	0.955
LOKIASV2_0659_ESMFold_hypothetical_protein	7eb9-assembly1.cif.gz_A	7eb9-assembly1.cif.gz_A The structure of the A20-binding inhibitor of NF-kB 1 in complex with tetra-ubiquitin	3.964E-03	0.996	90	1	104	104	148	228	299	106	1.000	0.271
LOKIASV2_0659_ESMFold_hypothetical_protein	6gf1-assembly1.cif.gz_A	6gf1-assembly1.cif.gz_A The structure of the ubiquitin-like modifier FAT10 reveals a novel targeting mechanism for degradation by the 26S proteasome	4.509E-03	0.996	89	6	99	104	2	74	78	96	0.904	0.936
LOKIASV2_0659_ESMFold_hypothetical_protein	7zjv-assembly1.cif.gz_B	7zjv-assembly1.cif.gz_B Structure of human USPL1 in covalent complex with DeltaN-SUMO2/3-PA probe	8.591E-03	0.995	88	6	103	104	2	76	76	99	0.942	0.987
LOKIASV2_0659_ESMFold_hypothetical_protein	7v8e-assembly2.cif.gz_D	7v8e-assembly2.cif.gz_D Crystal structure of IpaH1.4 LRR domain bound to HOIL-1L UBL domain.	5.471E-03	0.993	86	3	97	104	1	77	77	98	0.913	1.000
LOKIASV2_0659_ESMFold_hypothetical_protein	2n4f-assembly1.cif.gz_A	2n4f-assembly1.cif.gz_A EC-NMR Structure of Arabidopsis thaliana At2g32350 Determined by Combining Evolutionary Couplings (EC) and Sparse NMR Data. Northeast Structural Genomics Consortium target AR3433A	1.349E-02	0.993	86	1	99	104	1	76	84	100	0.952	0.905
LOKIASV2_0659_ESMFold_hypothetical_protein	5wq4-assembly2.cif.gz_A	5wq4-assembly2.cif.gz_A Crystal structure of OPTN and linear diubiquitin complex	4.228E-03	0.993	86	6	97	104	68	138	141	92	0.885	0.504
LOKIASV2_0659_ESMFold_hypothetical_protein	3a4s-assembly3.cif.gz_C	3a4s-assembly3.cif.gz_C The crystal structure of the SLD2:Ubc9 complex	1.349E-02	0.992	85	4	96	104	1	73	74	93	0.894	0.986
LOKIASV2_0659_ESMFold_hypothetical_protein	3rd2-assembly1.cif.gz_A	3rd2-assembly1.cif.gz_A NIP45 SUMO-like Domain 2	9.773E-03	0.992	85	1	96	104	6	81	82	96	0.923	0.927
LOKIASV2_0659_ESMFold_hypothetical_protein	1wy8-assembly1.cif.gz_A	1wy8-assembly1.cif.gz_A Solution Structure of the N-terminal Ubiquitin-like Domain in Human Np95/ICBP90-like Ring Finger Protein (NIRF)	6.224E-03	0.992	85	1	104	104	3	87	89	104	1.000	0.955
LOKIASV2_0659_ESMFold_hypothetical_protein	7bi6-assembly1.cif.gz_A	7bi6-assembly1.cif.gz_A PI3KC2a core in complex with ATP	5.471E-03	0.992	85	2	99	104	41	130	829	111	0.942	0.109
LOKIASV2_0659_ESMFold_hypothetical_protein	3b1l-assembly1.cif.gz_X	3b1l-assembly1.cif.gz_X Crystal Structure of parkin ubiquitin-like domain R33Q mutant	5.130E-03	0.991	84	7	97	104	2	71	76	91	0.875	0.921
LOKIASV2_0659_ESMFold_hypothetical_protein	8seb-assembly1.cif.gz_B	8seb-assembly1.cif.gz_B Cryo-EM structure of a single loaded human UBA7-UBE2L6-ISG15 adenylate complex	4.228E-03	0.991	84	2	98	104	3	78	82	97	0.933	0.927
LOKIASV2_0659_ESMFold_hypothetical_protein	5x0w-assembly1.cif.gz_B	5x0w-assembly1.cif.gz_B Molecular mechanism for the binding between Sharpin and HOIP	6.638E-03	0.991	84	5	97	104	4	79	82	96	0.894	0.927
LOKIASV2_0659_ESMFold_hypothetical_protein	7s6p-assembly6.cif.gz_F	7s6p-assembly6.cif.gz_F The crystal structure of human ISG15	4.228E-03	0.991	84	3	98	104	74	148	148	96	0.923	0.507
LOKIASV2_0659_ESMFold_hypothetical_protein	7r70-assembly1.cif.gz_A	7r70-assembly1.cif.gz_A Crystal Structure of the UbArk2C fusion protein	4.228E-03	0.991	84	6	97	104	2	72	150	92	0.885	0.473
LOKIASV2_0659_ESMFold_hypothetical_protein	8j07-assembly1.cif.gz_c2	8j07-assembly1.cif.gz_c2 96nm repeat of human respiratory doublet microtubule and associated axonemal complexes	1.042E-02	0.991	84	6	99	104	2	75	631	94	0.904	0.117
LOKIASV2_0659_ESMFold_hypothetical_protein	6c16-assembly2.cif.gz_D	6c16-assembly2.cif.gz_D Ubiquitin variant (UbV.Fbl10.1) bound to a human Skp1-Fbl11 fragment complex.	4.228E-03	0.990	83	5	98	104	2	79	80	99	0.904	0.975
LOKIASV2_0659_ESMFold_hypothetical_protein	2daf-assembly1.cif.gz_A	2daf-assembly1.cif.gz_A Solution Structure of the Novel Identified Ubiquitin-like Domain in the Human Hypothetical Protein FLJ35834	8.591E-03	0.990	83	1	99	104	11	89	118	100	0.952	0.669
LOKIASV2_0659_ESMFold_hypothetical_protein	2faz-assembly1.cif.gz_A	2faz-assembly1.cif.gz_A Ubiquitin-Like Domain of Human Nuclear Zinc Finger Protein NP95	3.326E-02	0.988	82	6	102	104	2	77	77	97	0.933	0.987
LOKIASV2_0659_ESMFold_hypothetical_protein	7p99-assembly1.cif.gz_C	7p99-assembly1.cif.gz_C Structure of human USPL1 in complex with SUMO2	6.224E-03	0.986	81	6	98	104	2	73	79	94	0.894	0.911
LOKIASV2_0659_ESMFold_hypothetical_protein	5g4x-assembly1.cif.gz_A	5g4x-assembly1.cif.gz_A The crystal structure of the SHANK3 N-terminus	7.080E-03	0.986	81	4	95	104	6	89	346	98	0.885	0.243
LOKIASV2_0659_ESMFold_hypothetical_protein	5jne-assembly2.cif.gz_E	5jne-assembly2.cif.gz_E E2-SUMO-Siz1 E3-SUMO-PCNA complex	3.964E-03	0.986	81	1	98	104	273	348	348	98	0.942	0.218
LOKIASV2_0659_ESMFold_hypothetical_protein	3q3m-assembly1.cif.gz_C	3q3m-assembly1.cif.gz_C Toluene 4 monooxygenase HD Complex with Inhibitor 4-Bromobenzoate	5.130E-03	0.984	80	5	98	104	2	82	82	103	0.904	0.988
LOKIASV2_0659_ESMFold_hypothetical_protein	5ncz-assembly1.cif.gz_A	5ncz-assembly1.cif.gz_A mPI3Kd IN COMPLEX WITH inh1	1.042E-02	0.981	79	3	99	104	66	153	827	110	0.933	0.106
LOKIASV2_0659_ESMFold_hypothetical_protein	2jxx-assembly1.cif.gz_A	2jxx-assembly1.cif.gz_A NMR solution structure of Ubiquitin-like domain of NFATC2IP. Northeast Structural Genomics Consortium target HR5627	2.570E-02	0.978	78	2	96	104	3	77	78	95	0.913	0.962
LOKIASV2_0659_ESMFold_hypothetical_protein	7bi4-assembly1.cif.gz_A	7bi4-assembly1.cif.gz_A PI3KC2a core apo	1.862E-02	0.978	78	2	99	104	40	129	822	110	0.942	0.109
LOKIASV2_0659_ESMFold_hypothetical_protein	8am0-assembly1.cif.gz_A	8am0-assembly1.cif.gz_A Crystal structure of human T1061E PI3Kalpha in complex with its regulatory subunit and the inhibitor GDC-0077 (Inavolisib)	4.591E-02	0.978	78	1	102	104	184	291	1031	118	0.981	0.105
LOKIASV2_0659_ESMFold_hypothetical_protein	5sxb-assembly1.cif.gz_A	5sxb-assembly1.cif.gz_A Crystal Structure of PI3Kalpha in complex with fragment 23	2.570E-02	0.978	78	4	103	104	39	128	1058	107	0.962	0.085
LOKIASV2_0659_ESMFold_hypothetical_protein	8c07-assembly1.cif.gz_I	8c07-assembly1.cif.gz_I Structure of HECT E3 UBR5 forming K48 linked Ubiquitin chains	8.591E-03	0.971	76	7	98	104	2	72	72	93	0.885	0.986
LOKIASV2_0659_ESMFold_hypothetical_protein	4efo-assembly2.cif.gz_B	4efo-assembly2.cif.gz_B Crystal structure of the ubiquitin-like domain of human TBK1	1.186E-02	0.971	76	4	95	104	4	80	82	94	0.885	0.939
LOKIASV2_0659_ESMFold_hypothetical_protein	5jne-assembly1.cif.gz_A	5jne-assembly1.cif.gz_A E2-SUMO-Siz1 E3-SUMO-PCNA complex	7.080E-03	0.971	76	1	98	104	276	351	351	98	0.942	0.217
LOKIASV2_0659_ESMFold_hypothetical_protein	4bfr-assembly1.cif.gz_A	4bfr-assembly1.cif.gz_A Discovery and Optimization of Pyrimidone Indoline Amide PI3Kbeta Inhibitors for the Treatment of Phosphatase and TENsin homologue (PTEN)-Deficient Cancers	6.224E-03	0.971	76	1	99	104	70	157	855	114	0.952	0.103
LOKIASV2_0659_ESMFold_hypothetical_protein	2wxk-assembly1.cif.gz_A	2wxk-assembly1.cif.gz_A The crystal structure of the murine class IA PI 3-kinase p110delta in complex with INK666.	2.570E-02	0.967	75	5	99	104	68	156	835	108	0.913	0.107
LOKIASV2_0659_ESMFold_hypothetical_protein	2faz-assembly2.cif.gz_B	2faz-assembly2.cif.gz_B Ubiquitin-Like Domain of Human Nuclear Zinc Finger Protein NP95	3.548E-02	0.961	74	6	95	104	3	73	74	90	0.865	0.959
LOKIASV2_0659_ESMFold_hypothetical_protein	2c5l-assembly2.cif.gz_D	2c5l-assembly2.cif.gz_D Structure of PLC epsilon Ras association domain with hRas	2.741E-02	0.961	74	4	100	104	2	79	81	102	0.933	0.963
LOKIASV2_0659_ESMFold_hypothetical_protein	2n7e-assembly1.cif.gz_A	2n7e-assembly1.cif.gz_A Solution structure of the UBL domain of yeast Ddi1	2.259E-02	0.961	74	1	102	104	2	86	86	105	0.981	0.988
LOKIASV2_0659_ESMFold_hypothetical_protein	5ul1-assembly1.cif.gz_A	5ul1-assembly1.cif.gz_A The co-structure of 3-amino-6-(4-((1-(dimethylamino)propan-2-yl)sulfonyl)phenyl)-N-phenylpyrazine-2-carboxamide and a rationally designed PI3K-alpha mutant that mimics ATR	6.338E-02	0.961	74	1	99	104	14	102	1000	105	0.952	0.089
LOKIASV2_0659_ESMFold_hypothetical_protein	4efo-assembly1.cif.gz_A	4efo-assembly1.cif.gz_A Crystal structure of the ubiquitin-like domain of human TBK1	1.265E-02	0.956	73	4	94	104	10	85	89	93	0.875	0.854
LOKIASV2_0659_ESMFold_hypothetical_protein	5klx-assembly3.cif.gz_C	5klx-assembly3.cif.gz_C Crystal Structure of SMT Fusion Peptidyl-Prolyl Cis-Trans Isomerase from Burkholderia Pseudomallei Complexed with SF110	1.265E-02	0.956	73	6	95	104	2	69	183	90	0.865	0.372
LOKIASV2_0659_ESMFold_hypothetical_protein	6hfm-assembly1.cif.gz_A	6hfm-assembly1.cif.gz_A Hsp90 co-chaperone Cns1 C-domain from Saccharomyces cerevisiae	3.326E-02	0.949	72	5	100	104	46	144	165	106	0.923	0.600
LOKIASV2_0659_ESMFold_hypothetical_protein	7r2b-assembly1.cif.gz_A	7r2b-assembly1.cif.gz_A PI3Kdelta in complex with an inhibitor	2.741E-02	0.949	72	3	99	104	67	154	794	109	0.933	0.111
LOKIASV2_0659_ESMFold_hypothetical_protein	5t2l-assembly1.cif.gz_A	5t2l-assembly1.cif.gz_A mPI3Kd IN COMPLEX WITH 7l	3.119E-02	0.941	71	3	99	104	66	153	830	110	0.933	0.106
LOKIASV2_0659_ESMFold_hypothetical_protein	6zaa-assembly1.cif.gz_A	6zaa-assembly1.cif.gz_A PI3K Delta in complex with methoxy(methylsulfamoyl)pyridinylN(methylpiperidinyl)dihydrobenzoxazinecarboxamide	3.326E-02	0.941	71	5	99	104	74	163	859	108	0.913	0.105
LOKIASV2_0659_ESMFold_hypothetical_protein	6zad-assembly1.cif.gz_A	6zad-assembly1.cif.gz_A PI3K Delta in complex with methoxymethyloxathiatetraazatetracyclodocosahexaenedione	3.119E-02	0.941	71	5	99	104	74	163	864	109	0.913	0.104
LOKIASV2_0659_ESMFold_hypothetical_protein	5tla-assembly7.cif.gz_G	5tla-assembly7.cif.gz_G Crystal structure of mouse ISG15	3.784E-02	0.933	70	5	95	104	72	141	143	92	0.875	0.490
LOKIASV2_0659_ESMFold_hypothetical_protein	4ggq-assembly3.cif.gz_B	4ggq-assembly3.cif.gz_B Crystal structure of a SMT fusion Peptidyl-prolyl cis-trans isomerase from Burkholderia pseudomallei complexed with CJ40	1.042E-02	0.933	70	5	103	104	2	81	185	104	0.952	0.432
LOKIASV2_0659_ESMFold_hypothetical_protein	6u4k-assembly1.cif.gz_A	6u4k-assembly1.cif.gz_A Human talin2 residues 1-403	1.986E-02	0.933	70	5	99	104	3	85	391	100	0.913	0.212
LOKIASV2_0659_ESMFold_hypothetical_protein	7r26-assembly1.cif.gz_A	7r26-assembly1.cif.gz_A PI3K delta in complex with SD5	2.924E-02	0.933	70	3	99	104	66	154	811	110	0.933	0.110
LOKIASV2_0659_ESMFold_hypothetical_protein	5t2i-assembly1.cif.gz_A	5t2i-assembly1.cif.gz_A mPI3Kd IN COMPLEX WITH 7k	3.784E-02	0.933	70	3	100	104	66	154	820	111	0.942	0.109
LOKIASV2_0659_ESMFold_hypothetical_protein	6hi2-assembly1.cif.gz_A	6hi2-assembly1.cif.gz_A PI3 Kinase Delta in complex with 3{6[(1S,6R)3oxabicyclo[4.1.0]heptan6yl]pyridin2yl}phenol	3.784E-02	0.933	70	3	99	104	72	163	860	109	0.933	0.107
LOKIASV2_0659_ESMFold_hypothetical_protein	5y3b-assembly1.cif.gz_F	5y3b-assembly1.cif.gz_F Crystal structure of mouse Ccd1 DIX domain	1.862E-02	0.923	69	1	96	104	1	82	84	108	0.923	0.976
LOKIASV2_0659_ESMFold_hypothetical_protein	6vo7-assembly1.cif.gz_A	6vo7-assembly1.cif.gz_A Crystal structure of PI3K-alpha Ras Binding Domain (RBD)	8.591E-03	0.923	69	1	97	104	29	129	140	116	0.933	0.721
LOKIASV2_0659_ESMFold_hypothetical_protein	4eut-assembly1.cif.gz_A	4eut-assembly1.cif.gz_A Structure of BX-795 Complexed with Unphosphorylated Human TBK1 Kinase-ULD Domain	1.637E-02	0.923	69	4	94	104	306	381	384	93	0.875	0.198
LOKIASV2_0659_ESMFold_hypothetical_protein	7z75-assembly1.cif.gz_A	7z75-assembly1.cif.gz_A PI3KC2a core in complex with PITCOIN3	4.305E-02	0.923	69	5	99	104	43	129	827	108	0.913	0.105
LOKIASV2_0659_ESMFold_hypothetical_protein	5swp-assembly1.cif.gz_A	5swp-assembly1.cif.gz_A Crystal Structure of PI3Kalpha in complex with fragments 6 and 24	9.952E-02	0.923	69	4	102	104	41	129	1060	105	0.952	0.084
LOKIASV2_0659_ESMFold_hypothetical_protein	1wjn-assembly1.cif.gz_A	1wjn-assembly1.cif.gz_A Solution structure of the C-terminal ubiquitin-like domain of mouse tubulin-specific chaperone e	1.746E-02	0.912	68	1	103	104	5	97	97	113	0.990	0.959
LOKIASV2_0659_ESMFold_hypothetical_protein	4w9f-assembly2.cif.gz_D	4w9f-assembly2.cif.gz_D pVHL:EloB:EloC in complex with (2S,4R)-1-(3,3-dimethylbutanoyl)-4-hydroxy-N-(4-(4-methylthiazol-5-yl)benzyl)pyrrolidine-2-carboxamide (ligand 5)	5.942E-02	0.912	68	5	95	104	2	77	98	92	0.875	0.776
LOKIASV2_0659_ESMFold_hypothetical_protein	5yc2-assembly2.cif.gz_C	5yc2-assembly2.cif.gz_C Crystal structure of inner membrane protein Bqt4 in complex with telomeric protein Rap1	2.741E-02	0.912	68	8	98	104	2	70	200	91	0.875	0.345
LOKIASV2_0659_ESMFold_hypothetical_protein	7bi9-assembly1.cif.gz_A	7bi9-assembly1.cif.gz_A PI3KC2a core in complex with PIK90	4.897E-02	0.912	68	2	99	104	40	129	821	111	0.942	0.110
LOKIASV2_0659_ESMFold_hypothetical_protein	6q6y-assembly1.cif.gz_A	6q6y-assembly1.cif.gz_A PI3K delta in complex with N(2chloro5phenylpyridin3yl)benzenesulfonamide	4.897E-02	0.912	68	3	99	104	71	162	862	109	0.933	0.107
LOKIASV2_0659_ESMFold_hypothetical_protein	7tz7-assembly1.cif.gz_A	7tz7-assembly1.cif.gz_A PI3K alpha in complex with an inhibitor	8.748E-02	0.912	68	1	99	104	14	102	988	105	0.952	0.090
LOKIASV2_0659_ESMFold_hypothetical_protein	8aj8-assembly4.cif.gz_G	8aj8-assembly4.cif.gz_G Structure of p110 gamma bound to the p84 regulatory subunit	2.924E-02	0.912	68	5	104	104	6	109	995	115	0.962	0.105
LOKIASV2_0659_ESMFold_hypothetical_protein	8tdu-assembly1.cif.gz_A	8tdu-assembly1.cif.gz_A STX-478, a Mutant-Selective, Allosteric Inhibitor bound to PI3Kalpha	1.986E-02	0.912	68	1	102	104	184	291	1021	125	0.981	0.106
LOKIASV2_0659_ESMFold_hypothetical_protein	5k1a-assembly1.cif.gz_B	5k1a-assembly1.cif.gz_B Crystal structure of the UAF1-USP12 complex in C2 space group	1.535E-02	0.900	67	1	98	104	508	595	595	102	0.942	0.148
LOKIASV2_0659_ESMFold_hypothetical_protein	5o83-assembly1.cif.gz_A	5o83-assembly1.cif.gz_A Discovery of CDZ173 (leniolisib), Representing a Structurally Novel Class of PI3K Delta-Selective Inhibitors	5.223E-02	0.900	67	3	99	104	66	152	794	108	0.933	0.110
LOKIASV2_0659_ESMFold_hypothetical_protein	5t7f-assembly2.cif.gz_B	5t7f-assembly2.cif.gz_B PI3Kdelta in complex with the inhibitor GS-643624	5.942E-02	0.900	67	3	99	104	65	152	816	110	0.933	0.108
LOKIASV2_0659_ESMFold_hypothetical_protein	6q74-assembly1.cif.gz_A	6q74-assembly1.cif.gz_A PI3K delta in complex with 1benzylN[5(3,6dihydro2Hpyran4yl)2methoxypyridin3yl]2methyl1Himidazole4sulfonamide	6.338E-02	0.900	67	3	99	104	72	163	854	110	0.933	0.108
LOKIASV2_0659_ESMFold_hypothetical_protein	8sbj-assembly1.cif.gz_A	8sbj-assembly1.cif.gz_A Co-structure Phosphatidylinositol 4,5-bisphosphate 3-kinase catalytic subunit alpha isoform complexed with brain penetrant inhibitors	9.952E-02	0.900	67	1	99	104	14	102	986	105	0.952	0.090
LOKIASV2_0659_ESMFold_hypothetical_protein	5k1a-assembly3.cif.gz_F	5k1a-assembly3.cif.gz_F Crystal structure of the UAF1-USP12 complex in C2 space group	3.784E-02	0.887	66	1	98	104	511	600	600	100	0.942	0.150
LOKIASV2_0659_ESMFold_hypothetical_protein	5is5-assembly1.cif.gz_A	5is5-assembly1.cif.gz_A Discovery and Pharmacological Characterization of Novel Quinazoline-based PI3K delta-selective Inhibitors	3.548E-02	0.887	66	3	99	104	67	150	785	110	0.933	0.107
LOKIASV2_0659_ESMFold_hypothetical_protein	7pos-assembly1.cif.gz_A	7pos-assembly1.cif.gz_A PI3 kinase delta in complex with 5-(3,6-dihydro-2H-pyran-4-yl)-2-methoxy-N-(5-{3-[4-(propan-2-yl)piperazin-1-yl]prop-1-yn-1-yl}pyridin-3-yl)pyridine-3-sulfonamide	6.338E-02	0.887	66	3	99	104	70	161	858	110	0.933	0.107
LOKIASV2_0659_ESMFold_hypothetical_protein	8ts9-assembly1.cif.gz_A	8ts9-assembly1.cif.gz_A Human PI3K p85alpha/p110alpha H1047R bound to compound 1	4.897E-02	0.887	66	1	97	104	180	284	1004	116	0.933	0.105
LOKIASV2_0659_ESMFold_hypothetical_protein	7pg5-assembly1.cif.gz_A	7pg5-assembly1.cif.gz_A Crystal Structure of PI3Kalpha	9.330E-02	0.887	66	1	99	104	13	101	1028	106	0.952	0.087
LOKIASV2_0659_ESMFold_hypothetical_protein	5i6u-assembly1.cif.gz_A	5i6u-assembly1.cif.gz_A The crystal structure of PI3Kdelta with compound 32	8.748E-02	0.872	65	3	99	104	66	153	816	107	0.933	0.108
LOKIASV2_0659_ESMFold_hypothetical_protein	8bcy-assembly1.cif.gz_A	8bcy-assembly1.cif.gz_A HUMAN PI3KDELTA IN COMPLEX WITH COMPOUND 13	7.690E-02	0.872	65	4	100	104	2	88	922	104	0.933	0.094
LOKIASV2_0659_ESMFold_hypothetical_protein	6pyr-assembly1.cif.gz_A	6pyr-assembly1.cif.gz_A Human PI3Kdelta in complex with Compound 2-10 ((3S)-3-benzyl-3-methyl-5-[5-(2-methylpyrimidin-5-yl)pyrazolo[1,5-a]pyrimidin-3-yl]-1,3-dihydro-2H-indol-2-one)	5.571E-02	0.872	65	2	100	104	158	248	933	112	0.952	0.098
LOKIASV2_0659_ESMFold_hypothetical_protein	8tdu-assembly2.cif.gz_C	8tdu-assembly2.cif.gz_C STX-478, a Mutant-Selective, Allosteric Inhibitor bound to PI3Kalpha	2.924E-02	0.872	65	1	102	104	184	291	1000	125	0.981	0.108
LOKIASV2_0659_ESMFold_hypothetical_protein	2lgy-assembly1.cif.gz_A	2lgy-assembly1.cif.gz_A Ubiquitin-like domain from HOIL-1	5.571E-02	0.855	64	1	100	104	3	84	90	103	0.962	0.911
LOKIASV2_0659_ESMFold_hypothetical_protein	1v6e-assembly1.cif.gz_A	1v6e-assembly1.cif.gz_A Solution Structure of a N-terminal Ubiquitin-like Domain in Mouse Tubulin-specific Chaperone B	1.535E-02	0.855	64	6	104	104	8	95	95	108	0.952	0.926
LOKIASV2_0659_ESMFold_hypothetical_protein	3vaw-assembly1.cif.gz_A	3vaw-assembly1.cif.gz_A Crystal structure of a smt fusion peptidyl-prolyl cis-trans isomerase with surface mutation v3i from burkholderia pseudomallei complexed with fk506	3.326E-02	0.855	64	4	94	104	2	64	185	91	0.875	0.341
LOKIASV2_0659_ESMFold_hypothetical_protein	5xpy-assembly1.cif.gz_A	5xpy-assembly1.cif.gz_A Structural basis of kindlin-mediated integrin recognition and activation	3.548E-02	0.855	64	1	97	104	2	83	454	105	0.933	0.181
LOKIASV2_0659_ESMFold_hypothetical_protein	5t7f-assembly1.cif.gz_A	5t7f-assembly1.cif.gz_A PI3Kdelta in complex with the inhibitor GS-643624	8.202E-02	0.855	64	3	99	104	65	152	819	110	0.933	0.107
LOKIASV2_0659_ESMFold_hypothetical_protein	5ae8-assembly1.cif.gz_A	5ae8-assembly1.cif.gz_A Crystal structure of mouse PI3 kinase delta in complex with GSK2269557	8.748E-02	0.855	64	3	99	104	69	160	856	110	0.933	0.107
LOKIASV2_0659_ESMFold_hypothetical_protein	4ovu-assembly1.cif.gz_A	4ovu-assembly1.cif.gz_A Crystal Structure of p110alpha in complex with niSH2 of p85alpha	1.862E-02	0.855	64	5	102	104	203	304	1044	119	0.942	0.098
LOKIASV2_0659_ESMFold_hypothetical_protein	3po0-assembly1.cif.gz_A	3po0-assembly1.cif.gz_A Crystal structure of SAMP1 from Haloferax volcanii	3.548E-02	0.837	63	5	104	104	2	89	89	107	0.962	0.989
LOKIASV2_0659_ESMFold_hypothetical_protein	4kv2-assembly1.cif.gz_B	4kv2-assembly1.cif.gz_B Ubiquitin-like domain of the mycobacterium tuberculosis type VII secretion system protein ECCD1	9.952E-02	0.837	63	5	98	104	3	89	90	102	0.904	0.967
LOKIASV2_0659_ESMFold_hypothetical_protein	4n9f-assembly5.cif.gz_W	4n9f-assembly5.cif.gz_W Crystal structure of the Vif-CBFbeta-CUL5-ElOB-ElOC pentameric complex	8.202E-02	0.837	63	5	95	104	2	77	91	94	0.875	0.835
LOKIASV2_0659_ESMFold_hypothetical_protein	8ebn-assembly1.cif.gz_E-2	8ebn-assembly1.cif.gz_E-2 Structure of KLHDC2-EloB/C tetrameric assembly	9.330E-02	0.837	63	5	97	104	2	79	94	95	0.894	0.830
LOKIASV2_0659_ESMFold_hypothetical_protein	8ewv-assembly5.cif.gz_Q	8ewv-assembly5.cif.gz_Q DNA-encoded library (DEL)-enabled discovery of proximity inducing small molecules	6.759E-02	0.837	63	5	102	104	2	84	102	100	0.942	0.814
LOKIASV2_0659_ESMFold_hypothetical_protein	4m8n-assembly1.cif.gz_D	4m8n-assembly1.cif.gz_D Crystal Structure of PlexinC1/Rap1B Complex	1.746E-02	0.837	63	5	99	104	217	315	560	113	0.913	0.177
LOKIASV2_0659_ESMFold_hypothetical_protein	5t8i-assembly1.cif.gz_A	5t8i-assembly1.cif.gz_A PI3Kdelta in complex with the inhibitor GS-9901	8.202E-02	0.837	63	4	99	104	67	153	808	109	0.923	0.108
LOKIASV2_0659_ESMFold_hypothetical_protein	5ae9-assembly1.cif.gz_A	5ae9-assembly1.cif.gz_A Crystal structure of mouse PI3 kinase delta in complex with GSK2292767	9.330E-02	0.837	63	3	99	104	71	162	858	110	0.933	0.107
LOKIASV2_0659_ESMFold_hypothetical_protein	6hi1-assembly1.cif.gz_A	6hi1-assembly1.cif.gz_A PI3 Kinase Delta in complex with 3[6(morpholin4yl)pyridin2yl]phenol	9.330E-02	0.837	63	3	99	104	71	162	863	110	0.933	0.107
LOKIASV2_0659_ESMFold_hypothetical_protein	4n9f-assembly8.cif.gz_s	4n9f-assembly8.cif.gz_s Crystal structure of the Vif-CBFbeta-CUL5-ElOB-ElOC pentameric complex	7.210E-02	0.817	62	5	95	104	4	77	95	91	0.875	0.779
LOKIASV2_0659_ESMFold_hypothetical_protein	4v0i-assembly1.cif.gz_A	4v0i-assembly1.cif.gz_A Water Network Determines Selectivity for a Series of Pyrimidone Indoline Amide PI3KBeta Inhibitors over PI3K-Delta	4.305E-02	0.817	62	1	99	104	65	151	759	113	0.952	0.115
LOKIASV2_0659_ESMFold_hypothetical_protein	5t2m-assembly1.cif.gz_A	5t2m-assembly1.cif.gz_A mPI3Kd IN COMPLEX WITH 7m	9.952E-02	0.817	62	3	100	104	66	154	820	111	0.942	0.109
LOKIASV2_0659_ESMFold_hypothetical_protein	2wxl-assembly1.cif.gz_A	2wxl-assembly1.cif.gz_A The crystal structure of the murine class IA PI 3-kinase p110delta in complex with ZSTK474.	8.202E-02	0.817	62	3	99	104	66	153	823	111	0.933	0.107
LOKIASV2_0659_ESMFold_hypothetical_protein	6ftn-assembly1.cif.gz_A	6ftn-assembly1.cif.gz_A mPI3Kd IN COMPLEX WITH AZ2	8.748E-02	0.817	62	3	99	104	66	153	827	110	0.933	0.106
LOKIASV2_0659_ESMFold_hypothetical_protein	7ois-assembly1.cif.gz_AAA	7ois-assembly1.cif.gz_AAA mPI3Kd in complex with compound 7	9.952E-02	0.817	62	3	99	104	66	153	827	110	0.933	0.106
LOKIASV2_0659_ESMFold_hypothetical_protein	6hi9-assembly1.cif.gz_A	6hi9-assembly1.cif.gz_A PI3 Kinase Delta in complex with 3[6(oxan4yl)pyridin2yl]phenol	9.952E-02	0.817	62	3	99	104	72	163	858	110	0.933	0.107
LOKIASV2_0659_ESMFold_hypothetical_protein	7jis-assembly1.cif.gz_A	7jis-assembly1.cif.gz_A HUMAN PI3KDELTA IN COMPLEX WITH COMPOUND 2F	8.748E-02	0.817	62	2	100	104	158	248	925	112	0.952	0.098
LOKIASV2_0659_ESMFold_hypothetical_protein	6pyu-assembly1.cif.gz_A	6pyu-assembly1.cif.gz_A Human PI3Kdelta in complex with Compound 4-2 ((3S)-1'-(cyclopropanecarbonyl)-5-(quinoxalin-6-yl)spiro[indole-3,2'-pyrrolidin]-2(1H)-one)	1.132E-01	0.817	62	4	103	104	2	91	930	107	0.962	0.097
LOKIASV2_0659_ESMFold_hypothetical_protein	4wip-assembly1.cif.gz_C	4wip-assembly1.cif.gz_C DIX domain of human Dvl2	1.746E-02	0.795	61	5	100	104	2	81	81	103	0.923	0.988
LOKIASV2_0659_ESMFold_hypothetical_protein	2ns5-assembly1.cif.gz_A	2ns5-assembly1.cif.gz_A The conserved N-terminal domain of Par-3 adopts a novel PB1-like structure required for Par-3 oligomerization and apical membrane localization	6.338E-02	0.795	61	5	98	104	2	84	85	103	0.904	0.976
LOKIASV2_0659_ESMFold_hypothetical_protein	3pz7-assembly1.cif.gz_A	3pz7-assembly1.cif.gz_A Crystal structure of Ccd1-DIX domain	1.186E-02	0.795	61	1	96	104	3	84	86	103	0.923	0.953
LOKIASV2_0659_ESMFold_hypothetical_protein	2jz3-assembly1.cif.gz_B	2jz3-assembly1.cif.gz_B SOCS box elonginBC ternary complex	6.338E-02	0.795	61	5	95	104	2	77	118	92	0.875	0.644
LOKIASV2_0659_ESMFold_hypothetical_protein	7lq1-assembly1.cif.gz_A	7lq1-assembly1.cif.gz_A HUMAN PI3KDELTA IN COMPLEX WITH COMPOUND 28	1.288E-01	0.795	61	4	103	104	2	91	950	107	0.962	0.095
LOKIASV2_0659_ESMFold_hypothetical_protein	7lm2-assembly1.cif.gz_A	7lm2-assembly1.cif.gz_A HUMAN PI3KDELTA IN COMPLEX WITH COMPOUND 3C	1.465E-01	0.772	60	2	103	104	5	96	935	109	0.981	0.098
LOKIASV2_0659_ESMFold_hypothetical_protein	8tgd-assembly1.cif.gz_A	8tgd-assembly1.cif.gz_A STX-478, a Mutant-Selective, Allosteric Inhibitor bound to H1047R PI3Kalpha	5.942E-02	0.772	60	1	102	104	184	291	1027	123	0.981	0.105
LOKIASV2_0659_ESMFold_hypothetical_protein	1l7y-assembly1.cif.gz_A	1l7y-assembly1.cif.gz_A Solution NMR Structure of C. elegans Protein ZK652.3. NORTHEAST STRUCTURAL GENOMICS CONSORTIUM TARGET WR41.	7.210E-02	0.747	59	1	99	104	9	88	94	101	0.952	0.851
LOKIASV2_0659_ESMFold_hypothetical_protein	6zac-assembly1.cif.gz_A	6zac-assembly1.cif.gz_A PI3K Delta in complex with [(dimethylamino)methyldihydrobenzoxazin2methoxypyridinyl]methanesulfonamide	1.374E-01	0.747	59	3	99	104	72	163	862	111	0.933	0.107
LOKIASV2_0659_ESMFold_hypothetical_protein	5bo4-assembly6.cif.gz_Q	5bo4-assembly6.cif.gz_Q Structure of SOCS2:Elongin C:Elongin B from DMSO-treated crystals	9.952E-02	0.720	58	3	93	104	1	74	101	93	0.875	0.733
LOKIASV2_0659_ESMFold_hypothetical_protein	3pv1-assembly1.cif.gz_A	3pv1-assembly1.cif.gz_A Crystal structure of the USP15 DUSP-UBL domains	1.563E-01	0.720	58	1	97	104	121	203	215	111	0.933	0.386
LOKIASV2_0659_ESMFold_hypothetical_protein	5k1a-assembly4.cif.gz_H	5k1a-assembly4.cif.gz_H Crystal structure of the UAF1-USP12 complex in C2 space group	8.748E-02	0.720	58	1	98	104	513	594	594	101	0.942	0.138
LOKIASV2_0659_ESMFold_hypothetical_protein	5i4u-assembly1.cif.gz_A	5i4u-assembly1.cif.gz_A The crystal structure of PI3Kdelta with compound 34	1.061E-01	0.720	58	3	97	104	66	153	815	106	0.913	0.108
LOKIASV2_0659_ESMFold_hypothetical_protein	5ngb-assembly1.cif.gz_A	5ngb-assembly1.cif.gz_A X-Ray Diffraction Crystal Structure of the murine PI3K p110delta in complex with a pan inhibitor	1.288E-01	0.720	58	3	99	104	66	153	816	111	0.933	0.108
LOKIASV2_0659_ESMFold_hypothetical_protein	7z74-assembly1.cif.gz_A	7z74-assembly1.cif.gz_A PI3KC2a core in complex with PITCOIN2	1.667E-01	0.720	58	5	99	104	41	127	822	106	0.913	0.106
LOKIASV2_0659_ESMFold_hypothetical_protein	4bfr-assembly2.cif.gz_B	4bfr-assembly2.cif.gz_B Discovery and Optimization of Pyrimidone Indoline Amide PI3Kbeta Inhibitors for the Treatment of Phosphatase and TENsin homologue (PTEN)-Deficient Cancers	6.338E-02	0.720	58	1	99	104	69	155	836	114	0.952	0.104
LOKIASV2_0659_ESMFold_hypothetical_protein	6qk9-assembly5.cif.gz_I	6qk9-assembly5.cif.gz_I A dimeric ubiquitin formed by a single amino acid substitution	1.667E-01	0.692	57	13	98	104	9	72	73	86	0.827	0.877
LOKIASV2_0659_ESMFold_hypothetical_protein	5y3c-assembly1.cif.gz_A	5y3c-assembly1.cif.gz_A Crystal structure of zebrafish Ccd1 DIX domain	2.410E-02	0.692	57	1	96	104	1	82	83	106	0.923	0.988
LOKIASV2_0659_ESMFold_hypothetical_protein	4i6p-assembly2.cif.gz_A	4i6p-assembly2.cif.gz_A Crystal structure of Par3-NTD domain	1.132E-01	0.692	57	2	98	104	1	80	84	106	0.933	0.952
LOKIASV2_0659_ESMFold_hypothetical_protein	8qw7-assembly1.cif.gz_D	8qw7-assembly1.cif.gz_D Crystal Structure of compound 4 in complex with KRAS G12V C118S GDP and pVHL:ElonginC:ElonginB	1.465E-01	0.692	57	5	95	104	4	77	102	91	0.875	0.725
LOKIASV2_0659_ESMFold_hypothetical_protein	7jtk-assembly1.cif.gz_k	7jtk-assembly1.cif.gz_k Radial spoke 1 isolated from Chlamydomonas reinhardtii	9.952E-02	0.692	57	2	97	104	115	209	213	113	0.923	0.446
LOKIASV2_0659_ESMFold_hypothetical_protein	5k1a-assembly2.cif.gz_D	5k1a-assembly2.cif.gz_D Crystal structure of the UAF1-USP12 complex in C2 space group	4.897E-02	0.692	57	1	98	104	513	597	597	101	0.942	0.142
LOKIASV2_0659_ESMFold_hypothetical_protein	1he8-assembly1.cif.gz_A	1he8-assembly1.cif.gz_A Ras G12V - PI 3-kinase gamma complex	1.288E-01	0.692	57	1	97	104	72	166	749	112	0.933	0.127
LOKIASV2_0659_ESMFold_hypothetical_protein	7por-assembly1.cif.gz_A	7por-assembly1.cif.gz_A PI3 kinase delta in complex with N-[2-(2-fluoro-4-{[4-(propan-2-yl)piperazin-1-yl]methyl}phenyl)pyridin-4-yl]-2-methoxy-5-(morpholin-4-yl)pyridine-3-sulfonamide	8.748E-02	0.692	57	3	97	104	71	162	859	108	0.913	0.107
LOKIASV2_0659_ESMFold_hypothetical_protein	3hhm-assembly1.cif.gz_A	3hhm-assembly1.cif.gz_A Crystal structure of p110alpha H1047R mutant in complex with niSH2 of p85alpha and the drug wortmannin	6.759E-02	0.692	57	4	98	104	195	295	1032	116	0.913	0.098
LOKIASV2_0659_ESMFold_hypothetical_protein	2dzm-assembly1.cif.gz_A	2dzm-assembly1.cif.gz_A Solution Structure of the Ubiquitin-like Domain in Human FAS-associated factor 1 (hFAF1)	1.465E-01	0.663	56	1	101	104	5	82	100	105	0.971	0.780
LOKIASV2_0659_ESMFold_hypothetical_protein	5t27-assembly1.cif.gz_A	5t27-assembly1.cif.gz_A mPI3Kd IN COMPLEX WITH 5d	2.157E-01	0.663	56	3	100	104	66	154	819	111	0.942	0.109
LOKIASV2_0659_ESMFold_hypothetical_protein	6gy0-assembly1.cif.gz_A	6gy0-assembly1.cif.gz_A mPI3Kd IN COMPLEX WITH AZ3	2.157E-01	0.663	56	3	99	104	66	153	822	110	0.933	0.107
LOKIASV2_0659_ESMFold_hypothetical_protein	2rd0-assembly1.cif.gz_A	2rd0-assembly1.cif.gz_A Structure of a human p110alpha/p85alpha complex	1.667E-01	0.663	56	4	99	104	194	295	997	118	0.923	0.102
LOKIASV2_0659_ESMFold_hypothetical_protein	1ibx-assembly1.cif.gz_B	1ibx-assembly1.cif.gz_B NMR STRUCTURE OF DFF40 AND DFF45 N-TERMINAL DOMAIN COMPLEX	2.454E-01	0.632	55	4	100	104	6	79	89	100	0.933	0.831
LOKIASV2_0659_ESMFold_hypothetical_protein	6rsn-assembly1.cif.gz_A	6rsn-assembly1.cif.gz_A SOSEKI polymerising domain (SOK4 D85A mutant)	3.119E-02	0.632	55	5	98	104	4	90	92	106	0.904	0.946
LOKIASV2_0659_ESMFold_hypothetical_protein	1we6-assembly1.cif.gz_A	1we6-assembly1.cif.gz_A Solution structure of Ubiquitin-like domain in splicing factor AAL91182	1.374E-01	0.632	55	3	103	104	25	107	111	104	0.971	0.748
LOKIASV2_0659_ESMFold_hypothetical_protein	2ma9-assembly1.cif.gz_B	2ma9-assembly1.cif.gz_B HIV-1 Vif SOCS-box and Elongin BC solution structure	2.301E-01	0.632	55	5	103	104	2	85	118	101	0.952	0.712
LOKIASV2_0659_ESMFold_hypothetical_protein	8c6j-assembly1.cif.gz_CF	8c6j-assembly1.cif.gz_CF Human spliceosomal PM5 C* complex	8.748E-02	0.632	55	3	97	104	92	170	185	99	0.913	0.427
LOKIASV2_0659_ESMFold_hypothetical_protein	6hft-assembly1.cif.gz_A	6hft-assembly1.cif.gz_A Hsp90 co-chaperone Cns1 from Saccharomyces cerevisiae (delta69)	2.454E-01	0.632	55	5	100	104	193	291	312	109	0.923	0.317
LOKIASV2_0659_ESMFold_hypothetical_protein	5dxt-assembly1.cif.gz_A	5dxt-assembly1.cif.gz_A p110alpha with GDC-0326	7.690E-02	0.632	55	1	99	104	79	164	879	113	0.952	0.098
LOKIASV2_0659_ESMFold_hypothetical_protein	8tsc-assembly1.cif.gz_A	8tsc-assembly1.cif.gz_A Human PI3K p85alpha/p110alpha H1047R bound to compound 3	5.571E-02	0.632	55	5	102	104	187	288	1008	117	0.942	0.101
LOKIASV2_0659_ESMFold_hypothetical_protein	6iw3-assembly1.cif.gz_A	6iw3-assembly1.cif.gz_A High resolution structure of Dvl2-DIX Y27W/C80S mutant	4.305E-02	0.601	54	5	96	104	2	79	81	99	0.885	0.963
LOKIASV2_0659_ESMFold_hypothetical_protein	3pz8-assembly5.cif.gz_E	3pz8-assembly5.cif.gz_E Crystal structure of Dvl1-DIX(Y17D) mutant	9.952E-02	0.601	54	5	100	104	2	83	83	103	0.923	0.988
LOKIASV2_0659_ESMFold_hypothetical_protein	2c7h-assembly1.cif.gz_A	2c7h-assembly1.cif.gz_A Solution NMR structure of the DWNN domain from human RBBP6	1.132E-01	0.601	54	1	104	104	2	84	86	111	1.000	0.965
LOKIASV2_0659_ESMFold_hypothetical_protein	8exo-assembly1.cif.gz_A	8exo-assembly1.cif.gz_A Crystal structure of PI3K-alpha in complex with compound 19	8.202E-02	0.601	54	1	102	104	79	173	900	121	0.981	0.106
LOKIASV2_0659_ESMFold_hypothetical_protein	7jiu-assembly1.cif.gz_A	7jiu-assembly1.cif.gz_A HUMAN PI3KDELTA IN COMPLEX WITH COMPOUND 2F	9.330E-02	0.601	54	1	102	104	79	169	900	117	0.981	0.101
LOKIASV2_0659_ESMFold_hypothetical_protein	5ukj-assembly1.cif.gz_A	5ukj-assembly1.cif.gz_A The co-structure of N,N-dimethyl-4-[(6R)-6-methyl-5-(1H-pyrrolo[2,3- b]pyridin-4-yl)-4,5,6,7-tetrahydropyrazolo[1,5- a]pyrazin-3-yl]benzenesulfonamide and a rationally designed PI3K-alpha mutant that mimics ATR	1.132E-01	0.601	54	2	97	104	185	280	1009	114	0.923	0.095
LOKIASV2_0659_ESMFold_hypothetical_protein	7b7j-assembly1.cif.gz_A	7b7j-assembly1.cif.gz_A EccD5 ubiqutin like domain from Mycobacterium xenopi	2.022E-01	0.569	53	4	98	104	2	88	91	100	0.913	0.956
LOKIASV2_0659_ESMFold_hypothetical_protein	3h8h-assembly1.cif.gz_A	3h8h-assembly1.cif.gz_A Structure of the C-terminal domain of human RNF2/RING1B;	1.896E-01	0.569	53	5	98	104	2	92	92	113	0.904	0.989
LOKIASV2_0659_ESMFold_hypothetical_protein	2kmc-assembly1.cif.gz_A	2kmc-assembly1.cif.gz_A Solution Structure of the N-terminal domain of kindlin-1	1.061E-01	0.569	53	1	94	104	13	97	102	101	0.904	0.833
LOKIASV2_0659_ESMFold_hypothetical_protein	4a3p-assembly1.cif.gz_A	4a3p-assembly1.cif.gz_A Structure of USP15 DUSP-UBL deletion mutant	6.759E-02	0.569	53	5	100	104	122	205	210	108	0.923	0.400
LOKIASV2_0659_ESMFold_hypothetical_protein	4i6p-assembly3.cif.gz_B	4i6p-assembly3.cif.gz_B Crystal structure of Par3-NTD domain	9.952E-02	0.537	52	9	96	104	3	81	82	97	0.846	0.963
LOKIASV2_0659_ESMFold_hypothetical_protein	7shl-assembly1.cif.gz_B	7shl-assembly1.cif.gz_B Structure of Xenopus laevis CRL2Lrr1 (State 2)	2.022E-01	0.537	52	3	100	104	1	81	97	100	0.942	0.835
LOKIASV2_0659_ESMFold_hypothetical_protein	7yo8-assembly1.cif.gz_A-2	7yo8-assembly1.cif.gz_A-2 Crystal structure of fission yeast Hfl1 LIR fused to human GABARAPL2	1.061E-01	0.537	52	2	102	104	46	137	140	110	0.971	0.657
LOKIASV2_0659_ESMFold_hypothetical_protein	1c9f-assembly1.cif.gz_A	1c9f-assembly1.cif.gz_A NMR STRUCTURE OF THE CAD DOMAIN OF CASPASE-ACTIVATED DNASE	2.791E-01	0.505	51	1	100	104	4	77	87	103	0.962	0.851
LOKIASV2_0659_ESMFold_hypothetical_protein	8cx2-assembly1.cif.gz_I	8cx2-assembly1.cif.gz_I Cryo-EM structure of human APOBEC3G/HIV-1 Vif/CBFbeta/ELOB/ELOC dimeric complex in State 2	3.387E-01	0.505	51	7	99	104	3	78	87	99	0.894	0.874
LOKIASV2_0659_ESMFold_hypothetical_protein	6xrl-assembly1.cif.gz_A	6xrl-assembly1.cif.gz_A Crystal structure of human PI3K-gamma in complex with inhibitor IPI-549	1.207E-01	0.505	51	1	97	104	72	152	835	109	0.933	0.097
LOKIASV2_0659_ESMFold_hypothetical_protein	4jgh-assembly2.cif.gz_B	4jgh-assembly2.cif.gz_B Structure of the SOCS2-Elongin BC complex bound to an N-terminal fragment of Cullin5	2.022E-01	0.473	50	5	95	104	4	77	104	91	0.875	0.712
LOKIASV2_0659_ESMFold_hypothetical_protein	4ce4-assembly1.cif.gz_c	4ce4-assembly1.cif.gz_c 39S large subunit of the porcine mitochondrial ribosome	2.157E-01	0.473	50	3	99	104	28	93	292	97	0.933	0.226
LOKIASV2_0659_ESMFold_hypothetical_protein	2y3a-assembly1.cif.gz_A	2y3a-assembly1.cif.gz_A Crystal structure of p110beta in complex with icSH2 of p85beta and the drug GDC-0941	1.667E-01	0.473	50	1	99	104	174	260	976	114	0.952	0.089
LOKIASV2_0659_ESMFold_hypothetical_protein	5fi4-assembly1.cif.gz_A	5fi4-assembly1.cif.gz_A Discovery of imidazo[1,2-a]-pyridine inhibitors of pan-PI3 kinases that are efficacious in a mouse xenograft model	1.563E-01	0.473	50	1	99	104	184	284	1009	119	0.952	0.100
LOKIASV2_0659_ESMFold_hypothetical_protein	8cx2-assembly1.cif.gz_D	8cx2-assembly1.cif.gz_D Cryo-EM structure of human APOBEC3G/HIV-1 Vif/CBFbeta/ELOB/ELOC dimeric complex in State 2	5.673E-01	0.442	49	7	99	104	3	78	88	98	0.894	0.864
LOKIASV2_0659_ESMFold_hypothetical_protein	1rax-assembly1.cif.gz_A	1rax-assembly1.cif.gz_A RA-DOMAIN OF RAL GUANOSINE-NUCLEOTIDE DISSOCIATION STIMULATOR	2.617E-01	0.442	49	1	97	104	2	89	93	106	0.933	0.946
LOKIASV2_0659_ESMFold_hypothetical_protein	1yn3-assembly2.cif.gz_B	1yn3-assembly2.cif.gz_B Crystal Structures of EAP Domains from Staphylococcus aureus Reveal an Unexpected Homology to Bacterial Superantigens	1.061E-01	0.411	48	5	98	104	3	98	98	107	0.904	0.980
LOKIASV2_0659_ESMFold_hypothetical_protein	5k1b-assembly1.cif.gz_B	5k1b-assembly1.cif.gz_B Crystal structure of the UAF1/USP12 complex in F222 space group	2.791E-01	0.411	48	1	76	104	507	565	579	76	0.731	0.102
LOKIASV2_0659_ESMFold_hypothetical_protein	8a9j-assembly1.cif.gz_E	8a9j-assembly1.cif.gz_E Cryo-EM structure of USP1-UAF1 bound to FANCI and mono-ubiquitinated FANCD2 without ML323 (consensus reconstruction)	2.617E-01	0.411	48	1	98	104	509	586	586	101	0.942	0.133
LOKIASV2_0659_ESMFold_hypothetical_protein	7ay1-assembly1.cif.gz_E	7ay1-assembly1.cif.gz_E Cryo-EM structure of USP1-UAF1 bound to mono-ubiquitinated FANCD2, and FANCI	1.374E-01	0.411	48	1	98	104	515	596	596	101	0.942	0.138
LOKIASV2_0659_ESMFold_hypothetical_protein	1t0y-assembly1.cif.gz_A	1t0y-assembly1.cif.gz_A Solution Structure of a Ubiquitin-Like Domain from Tubulin-binding Cofactor B	1.288E-01	0.382	47	4	101	104	3	87	90	110	0.942	0.944
LOKIASV2_0659_ESMFold_hypothetical_protein	6p59-assembly2.cif.gz_D	6p59-assembly2.cif.gz_D Crystal structure of SIVrcm Vif-CBFbeta-ELOB-ELOC complex	1.563E-01	0.382	47	5	95	104	4	77	98	98	0.875	0.755
LOKIASV2_0659_ESMFold_hypothetical_protein	5c6d-assembly2.cif.gz_B	5c6d-assembly2.cif.gz_B Crystal structure of USP7 in complex with UHRF1	1.061E-01	0.382	47	1	104	104	1	111	313	131	1.000	0.355
LOKIASV2_0659_ESMFold_hypothetical_protein	3apc-assembly1.cif.gz_A	3apc-assembly1.cif.gz_A Crystal structure of human PI3K-gamma in complex with CH5132799	1.563E-01	0.382	47	1	99	104	72	154	839	112	0.952	0.099
LOKIASV2_0659_ESMFold_hypothetical_protein	5vsz-assembly1.cif.gz_A	5vsz-assembly1.cif.gz_A Structure of the Ubl domain of Sacsin mutant L78M	3.853E-01	0.353	46	23	79	104	18	62	70	57	0.548	0.643
LOKIASV2_0659_ESMFold_hypothetical_protein	7cjb-assembly4.cif.gz_N	7cjb-assembly4.cif.gz_N VHL recognizes hydroxyproline in RIPK1	5.318E-01	0.353	46	3	95	104	1	76	104	95	0.894	0.731
LOKIASV2_0659_ESMFold_hypothetical_protein	3l08-assembly1.cif.gz_A	3l08-assembly1.cif.gz_A Structure of Pi3K gamma with a potent inhibitor: GSK2126458	1.667E-01	0.353	46	1	99	104	72	149	828	113	0.952	0.094
LOKIASV2_0659_ESMFold_hypothetical_protein	6aud-assembly1.cif.gz_A	6aud-assembly1.cif.gz_A PI3K-gamma K802T in complex with Cpd 8 10-((1-(tert-butyl)piperidin-4-yl)sulfinyl)-2-(1-isopropyl-1H-1,2,4-triazol-5-yl)-5,6-dihydrobenzo[f]imidazo[1,2-d][1,4]oxazepine	1.288E-01	0.353	46	1	97	104	73	154	840	112	0.933	0.098
LOKIASV2_0659_ESMFold_hypothetical_protein	3t8m-assembly1.cif.gz_A	3t8m-assembly1.cif.gz_A Rational Design of PI3K-alpha Inhibitors that Exhibit Selectivity Over the PI3K-beta Isoform	2.977E-01	0.353	46	1	99	104	73	154	841	112	0.952	0.098
LOKIASV2_0659_ESMFold_hypothetical_protein	7k6o-assembly1.cif.gz_A	7k6o-assembly1.cif.gz_A Crystal structure of PI3Kalpha inhibitor 10-5429	1.374E-01	0.353	46	1	99	104	77	166	852	115	0.952	0.106
LOKIASV2_0659_ESMFold_hypothetical_protein	2kjr-assembly1.cif.gz_A	2kjr-assembly1.cif.gz_A Solution NMR structure of the N-terminal Ubiquitin-like Domain from Tubulin-binding Cofactor B, CG11242, from Drosophila melanogaster. Northeast Structural Genomics Consortium Target FR629A (residues 8-92)	1.896E-01	0.326	45	1	98	104	12	95	95	108	0.942	0.884
LOKIASV2_0659_ESMFold_hypothetical_protein	4tq0-assembly1.cif.gz_A	4tq0-assembly1.cif.gz_A Crystal structure of human ATG5-ATG16N69	6.883E-01	0.326	45	5	102	104	12	92	244	101	0.942	0.332
LOKIASV2_0659_ESMFold_hypothetical_protein	8dd8-assembly1.cif.gz_A	8dd8-assembly1.cif.gz_A PI 3-kinase alpha with nanobody 3-142, crosslinked with DSG	4.675E-01	0.326	45	1	102	104	180	287	1011	122	0.981	0.107
LOKIASV2_0659_ESMFold_hypothetical_protein	6vtm-assembly3.cif.gz_E	6vtm-assembly3.cif.gz_E Human Cathepsin-G Inhibited by S. aureus EapH1	1.896E-01	0.301	44	5	98	104	3	96	96	103	0.904	0.979
LOKIASV2_0659_ESMFold_hypothetical_protein	1wfy-assembly1.cif.gz_A	1wfy-assembly1.cif.gz_A Solution structure of the Ras-binding domain of mouse RGS14	6.050E-01	0.301	44	1	104	104	12	92	104	108	1.000	0.779
LOKIASV2_0659_ESMFold_hypothetical_protein	6t3c-assembly1.cif.gz_A	6t3c-assembly1.cif.gz_A Crystal structure of PI3Kgamma in complex with DNA-PK inhibitor AZD7648	2.977E-01	0.301	44	1	99	104	71	149	819	112	0.952	0.096
LOKIASV2_0659_ESMFold_hypothetical_protein	5vsx-assembly1.cif.gz_A	5vsx-assembly1.cif.gz_A Structure of the Ubl domain of Sacsin	6.050E-01	0.277	43	23	99	104	19	73	74	77	0.740	0.743
LOKIASV2_0659_ESMFold_hypothetical_protein	4b6w-assembly1.cif.gz_A	4b6w-assembly1.cif.gz_A Architecture of Trypanosoma brucei Tubulin-Binding cofactor B	4.110E-01	0.277	43	5	97	104	2	82	86	102	0.894	0.942
LOKIASV2_0659_ESMFold_hypothetical_protein	1f2r-assembly1.cif.gz_C	1f2r-assembly1.cif.gz_C NMR STRUCTURE OF THE HETERODIMERIC COMPLEX BETWEEN CAD DOMAINS OF CAD AND ICAD	6.883E-01	0.277	43	4	101	104	7	78	87	101	0.942	0.828
LOKIASV2_0659_ESMFold_hypothetical_protein	8jar-assembly1.cif.gz_G	8jar-assembly1.cif.gz_G Structure of CRL2APPBP2 bound with RxxGPAA degron (dimer)	1.013E+00	0.277	43	6	100	104	2	81	96	95	0.913	0.833
LOKIASV2_0659_ESMFold_hypothetical_protein	6sgx-assembly1.cif.gz_B	6sgx-assembly1.cif.gz_B Structure of protomer 1 of the ESX-3 core complex	2.454E-01	0.277	43	5	104	104	2	82	426	104	0.962	0.190
LOKIASV2_0659_ESMFold_hypothetical_protein	6sgz-assembly1.cif.gz_E	6sgz-assembly1.cif.gz_E Structure of protomer 2 of the ESX-3 core complex	1.778E-01	0.277	43	5	104	104	4	84	435	103	0.962	0.186
LOKIASV2_0659_ESMFold_hypothetical_protein	5j7t-assembly1.cif.gz_A	5j7t-assembly1.cif.gz_A Molecular Understanding of USP7 Substrate Recognition and C-Terminal Activation	4.986E-01	0.277	43	3	98	104	581	671	671	107	0.923	0.136
LOKIASV2_0659_ESMFold_hypothetical_protein	4fhk-assembly1.cif.gz_A	4fhk-assembly1.cif.gz_A Crystal Structure of PI3K-gamma in Complex with Imidazopyridazine 19e	3.176E-01	0.277	43	1	99	104	71	149	819	112	0.952	0.096
LOKIASV2_0659_ESMFold_hypothetical_protein	4ovv-assembly1.cif.gz_A	4ovv-assembly1.cif.gz_A Crystal Structure of PI3Kalpha in complex with diC4-PIP2	1.896E-01	0.277	43	5	102	104	205	306	1042	120	0.942	0.098
LOKIASV2_0659_ESMFold_hypothetical_protein	4q2j-assembly1.cif.gz_B	4q2j-assembly1.cif.gz_B A novel structure-based mechanism for DNA-binding of SATB1	3.613E-01	0.254	42	1	98	104	2	94	94	110	0.942	0.989
LOKIASV2_0659_ESMFold_hypothetical_protein	3kh0-assembly2.cif.gz_A	3kh0-assembly2.cif.gz_A Crystal structure of the Ras-association (RA) domain of RALGDS	5.673E-01	0.254	42	1	99	104	9	98	102	106	0.952	0.882
LOKIASV2_0659_ESMFold_hypothetical_protein	5lxh-assembly3.cif.gz_C	5lxh-assembly3.cif.gz_C GABARAP-L1 ATG4B LIR Complex	3.387E-01	0.254	42	2	102	104	25	113	114	111	0.971	0.781
LOKIASV2_0659_ESMFold_hypothetical_protein	7aa8-assembly1.cif.gz_C	7aa8-assembly1.cif.gz_C Structure of SCOC LIR bound to GABARAP	3.176E-01	0.254	42	4	98	104	48	133	133	108	0.913	0.647
LOKIASV2_0659_ESMFold_hypothetical_protein	5gg4-assembly1.cif.gz_A	5gg4-assembly1.cif.gz_A Crystal structure of USP7 with RNF169 peptide	2.301E-01	0.254	42	4	96	104	224	311	313	106	0.894	0.281
LOKIASV2_0659_ESMFold_hypothetical_protein	4ezl-assembly1.cif.gz_A	4ezl-assembly1.cif.gz_A Potent and Selective Inhibitors of PI3K-delta: Obtaining Isoform Selectivity from the Affinity Pocket and Tryptophan Shelf	4.110E-01	0.254	42	2	97	104	74	152	834	108	0.923	0.095
LOKIASV2_0659_ESMFold_hypothetical_protein	5ip4-assembly2.cif.gz_D	5ip4-assembly2.cif.gz_D X-RAY STRUCTURE OF THE C-TERMINAL DOMAIN OF HUMAN DOUBLECORTIN	3.387E-01	0.233	41	4	94	104	5	79	80	96	0.875	0.938
LOKIASV2_0659_ESMFold_hypothetical_protein	2d5g-assembly1.cif.gz_A	2d5g-assembly1.cif.gz_A Structure of ubiquitin fold protein R767E mutant	3.176E-01	0.233	41	4	98	104	2	82	83	110	0.913	0.976
LOKIASV2_0659_ESMFold_hypothetical_protein	1yn4-assembly1.cif.gz_A	1yn4-assembly1.cif.gz_A Crystal Structures of EAP Domains from Staphylococcus aureus Reveal an Unexpected Homology to Bacterial Superantigens	3.853E-01	0.233	41	4	98	104	3	99	99	105	0.913	0.980
LOKIASV2_0659_ESMFold_hypothetical_protein	4rgt-assembly1.cif.gz_B	4rgt-assembly1.cif.gz_B 2.0 Angstrom Crystal Structure of Superantigen-like Protein from Staphylococcus aureus in Complex with 3-N-Acetylneuraminyl-N-acetyllactosamine.	1.374E-01	0.233	41	1	99	104	87	190	191	116	0.952	0.545
LOKIASV2_0659_ESMFold_hypothetical_protein	7jwz-assembly1.cif.gz_A	7jwz-assembly1.cif.gz_A IPI-549 bound to the PI3Kg catalytic subunit p110 gamma	3.853E-01	0.233	41	1	99	104	72	150	832	112	0.952	0.095
LOKIASV2_0659_ESMFold_hypothetical_protein	4dk5-assembly1.cif.gz_A	4dk5-assembly1.cif.gz_A Crystal structure of human PI3K-gamma in complex with a pyridyl-triazine inhibitor	3.853E-01	0.233	41	1	99	104	72	148	834	112	0.952	0.092
LOKIASV2_0659_ESMFold_hypothetical_protein	8gud-assembly1.cif.gz_A	8gud-assembly1.cif.gz_A Cryo-EM structure of cancer-specific PI3Kalpha mutant E545K in complex with BYL-719	1.081E+00	0.233	41	1	99	104	79	161	835	116	0.952	0.099
LOKIASV2_0659_ESMFold_hypothetical_protein	6i1d-assembly1.cif.gz_B	6i1d-assembly1.cif.gz_B Structure of the Ysh1-Mpe1 nuclease complex from S.cerevisiae	4.110E-01	0.214	40	7	103	104	3	81	88	105	0.933	0.898
LOKIASV2_0659_ESMFold_hypothetical_protein	1wxv-assembly1.cif.gz_A	1wxv-assembly1.cif.gz_A Solution structure of the ubiquitin domain of BCL-2 binding athanogene-1	7.341E-01	0.214	40	1	104	104	3	90	92	110	1.000	0.957
LOKIASV2_0659_ESMFold_hypothetical_protein	3zw3-assembly1.cif.gz_A	3zw3-assembly1.cif.gz_A Fragment based discovery of a novel and selective PI3 Kinase inhibitor	2.454E-01	0.214	40	1	96	104	72	151	831	108	0.923	0.096
LOKIASV2_0659_ESMFold_hypothetical_protein	1jwb-assembly1.cif.gz_D-2	1jwb-assembly1.cif.gz_D-2 Structure of the Covalent Acyl-Adenylate Form of the MoeB-MoaD Protein Complex	1.810E+00	0.196	39	7	104	104	2	80	80	102	0.942	0.988
LOKIASV2_0659_ESMFold_hypothetical_protein	1wsp-assembly1.cif.gz_A	1wsp-assembly1.cif.gz_A Crystal structure of axin dix domain	4.110E-01	0.196	39	4	98	104	2	82	83	110	0.913	0.976
LOKIASV2_0659_ESMFold_hypothetical_protein	8qw7-assembly2.cif.gz_H	8qw7-assembly2.cif.gz_H Crystal Structure of compound 4 in complex with KRAS G12V C118S GDP and pVHL:ElonginC:ElonginB	8.351E-01	0.196	39	5	95	104	4	77	103	91	0.875	0.718
LOKIASV2_0659_ESMFold_hypothetical_protein	4rgt-assembly1.cif.gz_A	4rgt-assembly1.cif.gz_A 2.0 Angstrom Crystal Structure of Superantigen-like Protein from Staphylococcus aureus in Complex with 3-N-Acetylneuraminyl-N-acetyllactosamine.	1.896E-01	0.196	39	5	97	104	94	188	191	111	0.894	0.497
LOKIASV2_0659_ESMFold_hypothetical_protein	4mel-assembly1.cif.gz_A	4mel-assembly1.cif.gz_A Crystal Structure of the human USP11 DUSP-UBL domains	6.453E-01	0.196	39	5	100	104	122	205	213	107	0.923	0.394
LOKIASV2_0659_ESMFold_hypothetical_protein	6xrm-assembly1.cif.gz_A	6xrm-assembly1.cif.gz_A Crystal structure of human PI3K-gamma in complex with Compound 4	8.907E-01	0.196	39	1	99	104	72	152	828	113	0.952	0.098
LOKIASV2_0659_ESMFold_hypothetical_protein	2g4s-assembly1.cif.gz_A	2g4s-assembly1.cif.gz_A Anomalous substructure of NBR1PB1	6.050E-01	0.179	38	4	98	104	2	84	86	111	0.913	0.965
LOKIASV2_0659_ESMFold_hypothetical_protein	8gdh-assembly1.cif.gz_A	8gdh-assembly1.cif.gz_A Solution structure of the Neutrophil Serine Protease Inhibitor, EapH1	2.977E-01	0.179	38	1	98	104	13	114	114	117	0.942	0.895
LOKIASV2_0659_ESMFold_hypothetical_protein	6vtm-assembly4.cif.gz_H	6vtm-assembly4.cif.gz_H Human Cathepsin-G Inhibited by S. aureus EapH1	3.176E-01	0.164	37	5	98	104	3	96	96	104	0.904	0.979
LOKIASV2_0659_ESMFold_hypothetical_protein	6ucd-assembly1.cif.gz_A	6ucd-assembly1.cif.gz_A The crystal structure of Staphylococcus aureus super antigen-like protein SSL10	4.986E-01	0.164	37	4	97	104	78	174	174	112	0.904	0.557
LOKIASV2_0659_ESMFold_hypothetical_protein	5gg4-assembly1.cif.gz_B	5gg4-assembly1.cif.gz_B Crystal structure of USP7 with RNF169 peptide	3.387E-01	0.164	37	4	103	104	2	107	317	125	0.962	0.334
LOKIASV2_0659_ESMFold_hypothetical_protein	2bbc-assembly1.cif.gz_A	2bbc-assembly1.cif.gz_A Structure of Cobalamin-complexed Bovine Transcobalamin in trigonal crystal form	3.613E-01	0.164	37	5	99	104	318	413	414	118	0.913	0.232
LOKIASV2_0659_ESMFold_hypothetical_protein	3zvv-assembly1.cif.gz_A	3zvv-assembly1.cif.gz_A Fragment Bound to PI3Kinase gamma	4.110E-01	0.164	37	1	96	104	72	151	829	108	0.923	0.097
LOKIASV2_0659_ESMFold_hypothetical_protein	8d7k-assembly4.cif.gz_K	8d7k-assembly4.cif.gz_K Bifunctional Inhibition of Neutrophil Elastase and Cathepsin G by Eap2 from S. aureus	4.110E-01	0.150	36	5	96	104	3	96	97	103	0.885	0.969
LOKIASV2_0659_ESMFold_hypothetical_protein	3o13-assembly1.cif.gz_A	3o13-assembly1.cif.gz_A Crystal structure of a superantigen-like protein (SAV0433) from Staphylococcus aureus MU50 at 2.05 A resolution	4.986E-01	0.150	36	4	97	104	95	187	187	105	0.904	0.497
LOKIASV2_0659_ESMFold_hypothetical_protein	3ppa-assembly1.cif.gz_A	3ppa-assembly1.cif.gz_A Structure of the Dusp-Ubl domains of Usp15	4.383E-01	0.150	36	1	97	104	116	199	209	108	0.933	0.402
LOKIASV2_0659_ESMFold_hypothetical_protein	7qbd-assembly2.cif.gz_B	7qbd-assembly2.cif.gz_B TC:CD320 in complex with nanobody TC-Nb26	4.986E-01	0.150	36	1	99	104	298	399	400	127	0.952	0.255
LOKIASV2_0659_ESMFold_hypothetical_protein	8dd4-assembly1.cif.gz_A	8dd4-assembly1.cif.gz_A PI 3-kinase alpha with nanobody 3-142	1.591E+00	0.150	36	1	102	104	167	256	981	116	0.981	0.092
LOKIASV2_0659_ESMFold_hypothetical_protein	8g25-assembly2.cif.gz_D	8g25-assembly2.cif.gz_D Crystal Structure of Cathepsin-G and Neutrophil Elastase Inhibited by S. aureus EapH2 at pH 7.5	6.453E-01	0.138	35	4	99	104	5	102	103	104	0.923	0.951
LOKIASV2_0659_ESMFold_hypothetical_protein	7qbg-assembly2.cif.gz_C	7qbg-assembly2.cif.gz_C TC:CD320 in complex with nanobody TC-Nb4	5.942E-02	0.138	35	1	99	104	286	387	388	122	0.952	0.263
LOKIASV2_0659_ESMFold_hypothetical_protein	7xpy-assembly1.cif.gz_A	7xpy-assembly1.cif.gz_A Crystal structure of USP7 in complex with its inhibitor	2.301E-01	0.138	35	5	97	104	435	523	528	102	0.894	0.169
LOKIASV2_0659_ESMFold_hypothetical_protein	2bb5-assembly2.cif.gz_B	2bb5-assembly2.cif.gz_B Structure of Human Transcobalamin in complex with Cobalamin	1.896E-01	0.126	34	5	99	104	313	408	409	116	0.913	0.235
LOKIASV2_0659_ESMFold_hypothetical_protein	4z97-assembly1.cif.gz_A	4z97-assembly1.cif.gz_A Crystal structure of USP7 in complex with DNMT1(K1115Q)	1.399E+00	0.116	33	1	97	104	126	216	521	109	0.933	0.175
LOKIASV2_0659_ESMFold_hypothetical_protein	7ywy-assembly1.cif.gz_a	7ywy-assembly1.cif.gz_a Structure of the GroEL chaperonin in complex with the CnoX chaperedoxin	7.973E+00	0.106	32	30	58	104	19	45	88	29	0.279	0.307
LOKIASV2_0659_ESMFold_hypothetical_protein	4nzl-assembly1.cif.gz_B	4nzl-assembly1.cif.gz_B Extracellular proteins of Staphylococcus aureus inhibit the neutrophil serine proteases	1.153E+00	0.106	32	5	98	104	3	96	96	105	0.904	0.979
LOKIASV2_0659_ESMFold_hypothetical_protein	2v3p-assembly1.cif.gz_A	2v3p-assembly1.cif.gz_A Crystallographic analysis of beta-axial ligand substitutions in cobalamin bound to transcobalamin	2.617E-01	0.106	32	5	99	104	309	404	405	117	0.913	0.237
LOKIASV2_0659_ESMFold_hypothetical_protein	5bo4-assembly5.cif.gz_N	5bo4-assembly5.cif.gz_N Structure of SOCS2:Elongin C:Elongin B from DMSO-treated crystals	1.810E+00	0.098	31	8	94	104	4	63	72	94	0.837	0.833
LOKIASV2_0659_ESMFold_hypothetical_protein	6u52-assembly1.cif.gz_B	6u52-assembly1.cif.gz_B Anti-Sudan ebolavirus Nucleoprotein Single Domain Antibody Sudan B (SB) Complexed with Sudan ebolavirus Nucleoprotein C-terminal Domain 634-738	3.233E+00	0.098	31	34	77	104	4	46	88	47	0.423	0.489
LOKIASV2_0659_ESMFold_hypothetical_protein	8d7i-assembly6.cif.gz_Q	8d7i-assembly6.cif.gz_Q Bifunctional Inhibition of Neutrophil Elastase and Cathepsin G by Eap1 from S. aureus	8.351E-01	0.098	31	5	98	104	4	99	99	107	0.904	0.970
LOKIASV2_0659_ESMFold_hypothetical_protein	6izg-assembly1.cif.gz_A	6izg-assembly1.cif.gz_A Solution structure of Ufm1 protein from Trypanosoma brucei	3.032E+00	0.090	30	2	104	104	11	95	95	111	0.990	0.895
LOKIASV2_0659_ESMFold_hypothetical_protein	1aw7-assembly4.cif.gz_D	1aw7-assembly4.cif.gz_D Q136A MUTANT OF TOXIC SHOCK SYNDROME TOXIN-1 FROM S. AUREUS	8.351E-01	0.090	30	5	98	104	99	194	194	109	0.904	0.495
LOKIASV2_0659_ESMFold_hypothetical_protein	5ejr-assembly1.cif.gz_A	5ejr-assembly1.cif.gz_A Structure of Dictyostelium Discoideum Myosin VII MyTH4-FERM MF2 domain	2.059E+00	0.090	30	7	95	104	211	294	503	101	0.856	0.167
LOKIASV2_0659_ESMFold_hypothetical_protein	4z96-assembly1.cif.gz_A	4z96-assembly1.cif.gz_A Crystal structure of DNMT1 in complex with USP7	1.153E+00	0.090	30	4	101	104	9	112	523	125	0.942	0.199
LOKIASV2_0659_ESMFold_hypothetical_protein	6l5k-assembly1.cif.gz_B	6l5k-assembly1.cif.gz_B ARF5 Aux/IAA17 Complex	1.311E+00	0.082	29	5	96	104	2	79	81	102	0.885	0.963
LOKIASV2_0659_ESMFold_hypothetical_protein	8gdg-assembly1.cif.gz_A	8gdg-assembly1.cif.gz_A Solution structure of the Neutrophil Serine Protease Inhibitor, EapH2	1.013E+00	0.082	29	1	99	104	14	116	117	117	0.952	0.880
LOKIASV2_0659_ESMFold_hypothetical_protein	6hfo-assembly1.cif.gz_A	6hfo-assembly1.cif.gz_A Human Hsp90 co-chaperone TTC4 C-domain	3.923E+00	0.082	29	5	103	104	42	139	154	113	0.952	0.636
LOKIASV2_0659_ESMFold_hypothetical_protein	4hou-assembly2.cif.gz_B	4hou-assembly2.cif.gz_B Crystal Structure of N-terminal Human IFIT1	7.475E+00	0.082	29	25	58	104	177	209	242	35	0.327	0.136
LOKIASV2_0659_ESMFold_hypothetical_protein	6wdo-assembly1.cif.gz_O	6wdo-assembly1.cif.gz_O Cryo-EM structure of mitochondrial calcium uniporter holocomplex in high Ca2+	2.665E+00	0.082	29	19	94	104	23	88	255	79	0.731	0.259
LOKIASV2_0659_ESMFold_hypothetical_protein	6u52-assembly1.cif.gz_D	6u52-assembly1.cif.gz_D Anti-Sudan ebolavirus Nucleoprotein Single Domain Antibody Sudan B (SB) Complexed with Sudan ebolavirus Nucleoprotein C-terminal Domain 634-738	4.760E+00	0.076	28	34	77	104	6	48	96	47	0.423	0.448
LOKIASV2_0659_ESMFold_hypothetical_protein	5ffi-assembly4.cif.gz_C	5ffi-assembly4.cif.gz_C [2Fe:2S] ferredoxin FeSII from Azotobacter vinelandii	2.343E+00	0.076	28	7	96	104	2	112	116	131	0.865	0.957
LOKIASV2_0659_ESMFold_hypothetical_protein	2kj5-assembly1.cif.gz_A	2kj5-assembly1.cif.gz_A Solution NMR structure of a domain from a putative phage integrase protein Nmul_A0064 from Nitrosospira multiformis, Northeast Structural Genomics Consortium Target NmR46C	6.571E+00	0.076	28	23	53	104	46	75	116	31	0.298	0.259
LOKIASV2_0659_ESMFold_hypothetical_protein	3c0u-assembly3.cif.gz_B	3c0u-assembly3.cif.gz_B Crystal structure of E.coli yaeQ protein	2.059E+00	0.076	28	5	44	104	10	52	180	43	0.385	0.239
LOKIASV2_0659_ESMFold_hypothetical_protein	7qbg-assembly1.cif.gz_A	7qbg-assembly1.cif.gz_A TC:CD320 in complex with nanobody TC-Nb4	6.050E-01	0.076	28	4	99	104	284	380	381	117	0.923	0.255
LOKIASV2_0659_ESMFold_hypothetical_protein	7qbe-assembly1.cif.gz_A	7qbe-assembly1.cif.gz_A TC:CD320 in complex with nanobody TC-Nb11	4.986E-01	0.076	28	2	99	104	293	393	394	120	0.942	0.256
LOKIASV2_0659_ESMFold_hypothetical_protein	4zrq-assembly2.cif.gz_B	4zrq-assembly2.cif.gz_B E88 deletion mutant of CD320 in complex with TC2	3.853E-01	0.076	28	1	99	104	297	398	399	120	0.952	0.256
LOKIASV2_0659_ESMFold_hypothetical_protein	2mek-assembly1.cif.gz_A	2mek-assembly1.cif.gz_A N-terminal domain of Bilbo1 from Trypanosoma brucei	1.591E+00	0.069	27	5	97	104	4	88	110	112	0.894	0.773
LOKIASV2_0659_ESMFold_hypothetical_protein	7zhg-assembly1.cif.gz_G	7zhg-assembly1.cif.gz_G High-resolution cryo-EM structure of Pyrococcus abyssi 30S ribosomal subunit bound to mRNA and initiator tRNA anticodon stem-loop	7.341E-01	0.069	27	5	98	104	2	123	124	143	0.904	0.984
LOKIASV2_0659_ESMFold_hypothetical_protein	3r2t-assembly1.cif.gz_B-2	3r2t-assembly1.cif.gz_B-2 2.2 Angstrom Resolution Crystal Structure of Superantigen-like Protein from Staphylococcus aureus subsp. aureus NCTC 8325.	6.883E-01	0.069	27	4	98	104	97	194	194	114	0.913	0.505
LOKIASV2_0659_ESMFold_hypothetical_protein	6d6r-assembly1.cif.gz_M	6d6r-assembly1.cif.gz_M Human nuclear exosome-MTR4 RNA complex - composite map after focused reconstruction	1.399E+00	0.069	27	1	61	104	216	275	709	61	0.587	0.085
LOKIASV2_0659_ESMFold_hypothetical_protein	5g55-assembly1.cif.gz_A	5g55-assembly1.cif.gz_A 3-Quinoline Carboxamides inhibitors of Pi3K	3.449E+00	0.069	27	2	99	104	73	151	847	111	0.942	0.093
LOKIASV2_0659_ESMFold_hypothetical_protein	4mjs-assembly5.cif.gz_J	4mjs-assembly5.cif.gz_J crystal structure of a PB1 complex	3.032E+00	0.063	26	5	98	104	3	87	87	101	0.904	0.977
LOKIASV2_0659_ESMFold_hypothetical_protein	6u51-assembly1.cif.gz_B	6u51-assembly1.cif.gz_B Anti-Sudan ebolavirus Nucleoprotein Single Domain Antibody Sudan B (SB) Complexed with Sudan ebolavirus Nucleoprotein C-terminal Domain 610-738	5.776E+00	0.063	26	34	77	104	4	46	92	47	0.423	0.467
LOKIASV2_0659_ESMFold_hypothetical_protein	1oey-assembly2.cif.gz_K	1oey-assembly2.cif.gz_K Heterodimer of p40phox and p67phox PB1 domains from human NADPH oxidase	2.499E+00	0.063	26	4	101	104	3	95	104	115	0.942	0.894
LOKIASV2_0659_ESMFold_hypothetical_protein	6yav-assembly2.cif.gz_B	6yav-assembly2.cif.gz_B Structure of FeSII (Shethna) protein from Azotobacter vinelandii	1.931E+00	0.063	26	7	96	104	2	113	119	130	0.865	0.941
LOKIASV2_0659_ESMFold_hypothetical_protein	1m4v-assembly2.cif.gz_B	1m4v-assembly2.cif.gz_B Crystal structure of SET3, a superantigen-like protein from Staphylococcus aureus	8.907E-01	0.063	26	5	98	104	103	197	197	108	0.904	0.482
LOKIASV2_0659_ESMFold_hypothetical_protein	1qxt-assembly1.cif.gz_A	1qxt-assembly1.cif.gz_A Crystal structure of precyclized intermediate for the green fluorescent protein R96A variant (A)	5.318E-01	0.063	26	5	104	104	10	131	226	131	0.962	0.540
LOKIASV2_0659_ESMFold_hypothetical_protein	5ejs-assembly1.cif.gz_B	5ejs-assembly1.cif.gz_B Structure of Dictyostelium Discoideum Myosin VII MyTH4-FERM MF2 domain, mutant 1	4.760E+00	0.063	26	7	95	104	190	273	485	101	0.856	0.173
LOKIASV2_0659_ESMFold_hypothetical_protein	7qdz-assembly1.cif.gz_A	7qdz-assembly1.cif.gz_A 80S-bound human SKI complex in the closed state	1.810E+00	0.063	26	5	58	104	427	483	1169	57	0.519	0.049
LOKIASV2_0659_ESMFold_hypothetical_protein	8dvp-assembly1.cif.gz_A	8dvp-assembly1.cif.gz_A Glycosylase MutY variant N146S in complex with DNA containing d(8-oxo-G) paired with substrate purine	9.501E-01	0.057	25	5	104	104	233	316	350	114	0.962	0.240
LOKIASV2_0659_ESMFold_hypothetical_protein	7qe0-assembly1.cif.gz_A	7qe0-assembly1.cif.gz_A 80S-bound human SKI complex in the open state	2.059E+00	0.057	25	5	58	104	207	263	949	57	0.519	0.060
LOKIASV2_0659_ESMFold_hypothetical_protein	3kls-assembly1.cif.gz_X	3kls-assembly1.cif.gz_X Structure of complement C5 in complex with SSL7	8.351E-01	0.051	24	5	96	104	94	190	191	116	0.885	0.508
LOKIASV2_0659_ESMFold_hypothetical_protein	6uhl-assembly2.cif.gz_B	6uhl-assembly2.cif.gz_B Crystal Structure of C148 mGFP-scDNA-1	6.453E-01	0.051	24	4	99	104	9	123	222	127	0.923	0.518
LOKIASV2_0659_ESMFold_hypothetical_protein	8ekm-assembly1.cif.gz_E	8ekm-assembly1.cif.gz_E Clostridioides difficile binary toxin translocase CDTb double mutant - D623A D734A	2.842E+00	0.051	24	3	99	104	265	370	370	134	0.933	0.286
LOKIASV2_0659_ESMFold_hypothetical_protein	7uhy-assembly1.cif.gz_C-2	7uhy-assembly1.cif.gz_C-2 Human GATOR2 complex	6.161E+00	0.051	24	13	56	104	347	407	578	61	0.423	0.106
LOKIASV2_0659_ESMFold_hypothetical_protein	5ffi-assembly4.cif.gz_D-2	5ffi-assembly4.cif.gz_D-2 [2Fe:2S] ferredoxin FeSII from Azotobacter vinelandii	2.499E+00	0.045	23	7	96	104	2	111	117	134	0.865	0.940
LOKIASV2_0659_ESMFold_hypothetical_protein	2qej-assembly1.cif.gz_C	2qej-assembly1.cif.gz_C Crystal structure of a Staphylococcus aureus protein (SSL7) in complex with Fc of human IgA1	3.678E+00	0.045	23	2	99	104	86	190	191	114	0.942	0.550
LOKIASV2_0659_ESMFold_hypothetical_protein	1m4v-assembly1.cif.gz_A	1m4v-assembly1.cif.gz_A Crystal structure of SET3, a superantigen-like protein from Staphylococcus aureus	1.311E+00	0.045	23	5	98	104	102	196	196	108	0.904	0.485
LOKIASV2_0659_ESMFold_hypothetical_protein	5u75-assembly1.cif.gz_A	5u75-assembly1.cif.gz_A The structure of Staphylococcal Enterotoxin-like X (SElX), a Unique Superantigen	1.013E+00	0.040	22	5	96	104	44	138	144	107	0.885	0.660
LOKIASV2_0659_ESMFold_hypothetical_protein	4dxm-assembly1.cif.gz_B	4dxm-assembly1.cif.gz_B Crystal Structure of an ancestral GFP-like protein	1.230E+00	0.040	22	1	104	104	3	124	220	140	1.000	0.555
LOKIASV2_0659_ESMFold_hypothetical_protein	6uho-assembly2.cif.gz_B	6uho-assembly2.cif.gz_B Crystal Structure of C148 mGFP-cDNA-2	1.230E+00	0.040	22	5	104	104	11	129	225	131	0.962	0.529
LOKIASV2_0659_ESMFold_hypothetical_protein	3w1c-assembly1.cif.gz_A	3w1c-assembly1.cif.gz_A Structure of a pressure sensitive YFP variant YFP-G1	8.351E-01	0.040	22	4	99	104	12	126	228	129	0.923	0.504
LOKIASV2_0659_ESMFold_hypothetical_protein	7bvb-assembly1.cif.gz_A	7bvb-assembly1.cif.gz_A Crystal structure of UDP-N-acetylmuramic Acid L-alanine ligase (MurC) from Mycobacterium bovis in complex with UDP-N-acetylglucosamine	4.185E+00	0.040	22	17	67	104	277	333	475	58	0.490	0.120
LOKIASV2_0659_ESMFold_hypothetical_protein	1zxh-assembly1.cif.gz_A	1zxh-assembly1.cif.gz_A G311 mutant protein	3.032E+00	0.034	21	5	45	104	2	38	56	41	0.394	0.661
LOKIASV2_0659_ESMFold_hypothetical_protein	1mi0-assembly1.cif.gz_A	1mi0-assembly1.cif.gz_A Crystal Structure of the redesigned protein G variant NuG2	3.449E+00	0.034	21	1	45	104	3	42	61	45	0.433	0.656
LOKIASV2_0659_ESMFold_hypothetical_protein	6tmf-assembly1.cif.gz_H	6tmf-assembly1.cif.gz_H Structure of an archaeal ABCE1-bound ribosomal post-splitting complex	4.760E+00	0.034	21	4	98	104	2	124	125	137	0.913	0.984
LOKIASV2_0659_ESMFold_hypothetical_protein	4w6m-assembly2.cif.gz_D	4w6m-assembly2.cif.gz_D Crystal Structure of Full-Length Split GFP Mutant D117C Disulfide Dimer, P 63 Space Group	1.492E+00	0.034	21	1	99	104	1	104	182	122	0.952	0.571
LOKIASV2_0659_ESMFold_hypothetical_protein	6fll-assembly1.cif.gz_A	6fll-assembly1.cif.gz_A SPECTROSCOPIC AND STRUCTURAL STUDY OF QW, A EGFP MUTANT SHOWING PHOTOSWITCHING PROPERTIES	1.230E+00	0.034	21	4	99	104	10	124	223	127	0.923	0.516
LOKIASV2_0659_ESMFold_hypothetical_protein	5oxb-assembly1.cif.gz_A	5oxb-assembly1.cif.gz_A Structure of blue-light irradiated Cerulean	1.153E+00	0.034	21	4	99	104	10	124	224	127	0.923	0.513
LOKIASV2_0659_ESMFold_hypothetical_protein	2qz0-assembly1.cif.gz_A	2qz0-assembly1.cif.gz_A Mature Q183E variant of Green Fluorescent Protein Chromophore	1.399E+00	0.034	21	4	99	104	10	124	224	127	0.923	0.513
LOKIASV2_0659_ESMFold_hypothetical_protein	1yhg-assembly2.cif.gz_B	1yhg-assembly2.cif.gz_B Uncyclized precursor structure of S65G Y66S V68G GFP variant	1.230E+00	0.034	21	5	99	104	8	124	224	131	0.913	0.522
LOKIASV2_0659_ESMFold_hypothetical_protein	5mad-assembly3.cif.gz_F	5mad-assembly3.cif.gz_F GFP-binding DARPin 3G61	1.153E+00	0.034	21	4	99	104	9	123	225	127	0.923	0.511
LOKIASV2_0659_ESMFold_hypothetical_protein	3w1d-assembly1.cif.gz_A	3w1d-assembly1.cif.gz_A Structure of a pressure sensitive YFP variant YFP-G3	1.230E+00	0.034	21	4	99	104	12	126	226	129	0.923	0.509
LOKIASV2_0659_ESMFold_hypothetical_protein	5dqm-assembly1.cif.gz_A	5dqm-assembly1.cif.gz_A Green/cyan WasCFP at pH 2.0	1.013E+00	0.034	21	4	99	104	11	125	227	132	0.923	0.507
LOKIASV2_0659_ESMFold_hypothetical_protein	8dw4-assembly1.cif.gz_A	8dw4-assembly1.cif.gz_A Glycosylase MutY variant N146S in complex with DNA containing d(8-oxo-G) paired with an abasic site product (AP) generated by the enzyme in crystals by removal of calcium	2.196E+00	0.034	21	5	104	104	233	314	348	114	0.962	0.236
LOKIASV2_0659_ESMFold_hypothetical_protein	8dvy-assembly1.cif.gz_A	8dvy-assembly1.cif.gz_A DNA glycosylase MutY variant N146S in complex with DNA containing d(8-oxo-G) paired with an enzyme-generated abasic site product (AP) and crystalized with calcium acetate	4.760E+00	0.034	21	1	104	104	227	317	351	120	1.000	0.259
LOKIASV2_0659_ESMFold_hypothetical_protein	2igg-assembly1.cif.gz_A	2igg-assembly1.cif.gz_A DETERMINATION OF THE SOLUTION STRUCTURES OF DOMAINS II AND III OF PROTEIN G FROM STREPTOCOCCUS BY 1H NMR	3.923E+00	0.029	20	4	45	104	6	43	64	42	0.404	0.594
LOKIASV2_0659_ESMFold_hypothetical_protein	7syc-assembly1.cif.gz_A	7syc-assembly1.cif.gz_A Crystal Structure of Nucleoside triphosphate pyrophosphohydrolase from Klebsiella pneumoniae subsp. pneumoniae	4.463E+00	0.029	20	5	97	104	6	80	122	103	0.894	0.615
LOKIASV2_0659_ESMFold_hypothetical_protein	1yzt-assembly2.cif.gz_B	1yzt-assembly2.cif.gz_B GppNHp-Bound Rab21 GTPase at 2.05 A Resolution	9.674E+00	0.029	20	79	97	104	41	59	154	19	0.183	0.123
LOKIASV2_0659_ESMFold_hypothetical_protein	1z08-assembly1.cif.gz_A	1z08-assembly1.cif.gz_A GppNHp-Bound Rab21 Q53G mutant GTPase	8.504E+00	0.029	20	79	100	104	41	62	160	22	0.212	0.138
LOKIASV2_0659_ESMFold_hypothetical_protein	2cls-assembly2.cif.gz_B	2cls-assembly2.cif.gz_B The crystal structure of the human RND1 GTPase in the active GTP bound state	9.674E+00	0.029	20	62	101	104	37	62	178	40	0.385	0.146
LOKIASV2_0659_ESMFold_hypothetical_protein	4dxp-assembly1.cif.gz_A	4dxp-assembly1.cif.gz_A Crystal Structure of a reconstructed Kaede-type Red Fluorescent Protein, LEA X121	2.059E+00	0.029	20	1	104	104	3	124	215	144	1.000	0.567
LOKIASV2_0659_ESMFold_hypothetical_protein	1q73-assembly1.cif.gz_A	1q73-assembly1.cif.gz_A S65T Q80R Y145C T203C Green Fluorescent Protein (GFP) pH 8.5	1.399E+00	0.029	20	4	99	104	11	125	226	130	0.923	0.509
LOKIASV2_0659_ESMFold_hypothetical_protein	1yhh-assembly1.cif.gz_A	1yhh-assembly1.cif.gz_A Uncyclized precursor structure of S65A Y66S G67A GFP variant	1.697E+00	0.029	20	4	99	104	11	128	229	129	0.923	0.515
LOKIASV2_0659_ESMFold_hypothetical_protein	8bxp-assembly1.cif.gz_A	8bxp-assembly1.cif.gz_A SfGFP C148 F206 mutant	1.492E+00	0.029	20	4	99	104	13	127	231	131	0.923	0.498
LOKIASV2_0659_ESMFold_hypothetical_protein	5hzt-assembly1.cif.gz_A	5hzt-assembly1.cif.gz_A Crystal structure of Dronpa-Cu2+	2.665E+00	0.024	19	1	104	104	3	111	192	135	1.000	0.568
LOKIASV2_0659_ESMFold_hypothetical_protein	4dxn-assembly1.cif.gz_A	4dxn-assembly1.cif.gz_A Crystal Structure of a reconstructed Kaede-type Red Fluorescent Protein, Least Evolved Ancestor (LEA)	2.665E+00	0.024	19	1	104	104	2	123	213	144	1.000	0.573
LOKIASV2_0659_ESMFold_hypothetical_protein	8hib-assembly1.cif.gz_V-2	8hib-assembly1.cif.gz_V-2 The crystal structure of Pygo2-LDB1-SSBP2 triple complex	9.501E-01	0.024	19	3	98	104	35	138	216	136	0.923	0.481
LOKIASV2_0659_ESMFold_hypothetical_protein	4w6f-assembly1.cif.gz_B	4w6f-assembly1.cif.gz_B Crystal Structure of Full-Length Split GFP Mutant K26C Disulfide Dimer, P 32 2 1 Space Group, Form 2	1.697E+00	0.024	19	4	99	104	9	123	218	127	0.923	0.528
LOKIASV2_0659_ESMFold_hypothetical_protein	2hjo-assembly1.cif.gz_A	2hjo-assembly1.cif.gz_A Crystal structure of V224H design intermediate for GFP metal ion reporter	1.697E+00	0.024	19	4	99	104	9	123	223	130	0.923	0.516
LOKIASV2_0659_ESMFold_hypothetical_protein	7a7l-assembly1.cif.gz_A	7a7l-assembly1.cif.gz_A rsEGFP in the green-off state	1.931E+00	0.024	19	4	99	104	15	129	230	127	0.923	0.500
LOKIASV2_0659_ESMFold_hypothetical_protein	2o2b-assembly1.cif.gz_A	2o2b-assembly1.cif.gz_A Spectroscopic and Structural Study of the Heterotropic Linkage between Halide and Proton Ion Binding to Gfp Proteins: E2(GFP)-I Complex	2.196E+00	0.024	19	4	99	104	18	132	233	126	0.923	0.494
LOKIASV2_0659_ESMFold_hypothetical_protein	7amu-assembly1.cif.gz_A	7amu-assembly1.cif.gz_A Crystal structure of rsEGFP2 T204A in its fluorescent on-state	1.810E+00	0.024	19	4	99	104	18	132	234	131	0.923	0.491
LOKIASV2_0659_ESMFold_hypothetical_protein	5isy-assembly1.cif.gz_C	5isy-assembly1.cif.gz_C Crystal structure of Nudix family protein with NAD	4.463E+00	0.024	19	5	98	104	128	207	249	112	0.904	0.321
LOKIASV2_0659_ESMFold_hypothetical_protein	7bwn-assembly3.cif.gz_C	7bwn-assembly3.cif.gz_C Crystal Structure of a Designed Protein Heterocatenane	2.842E+00	0.024	19	4	99	104	12	129	280	127	0.923	0.421
LOKIASV2_0659_ESMFold_hypothetical_protein	8dwe-assembly2.cif.gz_D	8dwe-assembly2.cif.gz_D Adenine glycosylase MutY variant E43Q in complex with DNA containing d(8-oxo-G) paired with substrate purine	3.233E+00	0.024	19	5	98	104	236	317	352	111	0.904	0.233
LOKIASV2_0659_ESMFold_hypothetical_protein	7pv8-assembly1.cif.gz_A	7pv8-assembly1.cif.gz_A InlB392_T332E: T332E variant of Listeria monocytogenes InlB (internalin B) residues 36-392	2.842E+00	0.024	19	3	98	104	285	352	357	108	0.923	0.190
LOKIASV2_0659_ESMFold_hypothetical_protein	7z52-assembly1.cif.gz_B	7z52-assembly1.cif.gz_B Human NEXT dimer - focused reconstruction of the single MTR4	5.776E+00	0.024	19	1	61	104	216	275	706	61	0.587	0.085
LOKIASV2_0659_ESMFold_hypothetical_protein	5hhd-assembly2.cif.gz_G	5hhd-assembly2.cif.gz_G Crystal Structure of Chemically Synthesized Heterochiral {RFX037 plus VEGF-A} Protein Complex in space group P21	8.504E+00	0.020	18	5	39	104	6	40	63	35	0.337	0.556
LOKIASV2_0659_ESMFold_hypothetical_protein	5z81-assembly1.cif.gz_C	5z81-assembly1.cif.gz_C Trimeric structure of Vibrio cholerae Heat Shock Protein 15 at 2.3 Angstrom resolution	9.070E+00	0.020	18	27	89	104	2	57	99	64	0.606	0.566
LOKIASV2_0659_ESMFold_hypothetical_protein	5ffi-assembly5.cif.gz_E	5ffi-assembly5.cif.gz_E [2Fe:2S] ferredoxin FeSII from Azotobacter vinelandii	6.161E+00	0.020	18	7	98	104	2	102	102	117	0.885	0.990
LOKIASV2_0659_ESMFold_hypothetical_protein	3gwy-assembly1.cif.gz_A	3gwy-assembly1.cif.gz_A Crystal structure of putative CTP pyrophosphohydrolase from Bacteroides fragilis	6.161E+00	0.020	18	1	100	104	1	85	121	114	0.962	0.702
LOKIASV2_0659_ESMFold_hypothetical_protein	8dp9-assembly2.cif.gz_B	8dp9-assembly2.cif.gz_B Crystal structure of the monomeric AvrM14-B Nudix hydrolase effector from Melampsora lini	7.973E+00	0.020	18	1	103	104	3	94	132	115	0.990	0.697
LOKIASV2_0659_ESMFold_hypothetical_protein	8dp9-assembly1.cif.gz_A	8dp9-assembly1.cif.gz_A Crystal structure of the monomeric AvrM14-B Nudix hydrolase effector from Melampsora lini	7.973E+00	0.020	18	1	103	104	2	95	133	117	0.990	0.707
LOKIASV2_0659_ESMFold_hypothetical_protein	3adf-assembly3.cif.gz_B	3adf-assembly3.cif.gz_B Crystal structure of a monomeric green fluorescent protein, Azami-Green (mAG)	5.077E+00	0.020	18	5	104	104	7	122	209	136	0.962	0.555
LOKIASV2_0659_ESMFold_hypothetical_protein	4ppl-assembly1.cif.gz_A	4ppl-assembly1.cif.gz_A Crystal structure of eCGP123 H193Q variant at pH 7.5	3.233E+00	0.020	18	4	104	104	6	124	213	140	0.971	0.559
LOKIASV2_0659_ESMFold_hypothetical_protein	4w6i-assembly1.cif.gz_A	4w6i-assembly1.cif.gz_A Crystal Structure of Full-Length Split GFP Mutant D190C Disulfide Dimer, P 21 21 21 Space Group	3.233E+00	0.020	18	5	104	104	7	125	219	131	0.962	0.543
LOKIASV2_0659_ESMFold_hypothetical_protein	5du0-assembly2.cif.gz_B	5du0-assembly2.cif.gz_B Crystal structure of rsFolder in the non-fluorescent off-state	3.678E+00	0.020	18	4	99	104	11	123	225	125	0.923	0.502
LOKIASV2_0659_ESMFold_hypothetical_protein	7pd0-assembly2.cif.gz_B	7pd0-assembly2.cif.gz_B Functional and structural characterization of redox sensitive superfolder green fluorescent protein and variants	2.842E+00	0.020	18	5	104	104	13	131	227	135	0.962	0.524
LOKIASV2_0659_ESMFold_hypothetical_protein	1yhi-assembly1.cif.gz_A	1yhi-assembly1.cif.gz_A Uncyclized precursor structure of S65A Y66S R96A GFP variant	2.196E+00	0.020	18	4	99	104	11	128	227	127	0.923	0.520
LOKIASV2_0659_ESMFold_hypothetical_protein	5mfc-assembly2.cif.gz_D	5mfc-assembly2.cif.gz_D Designed armadillo repeat protein YIIIM5AII in complex with (KR)4-GFP	2.842E+00	0.020	18	4	99	104	23	137	237	127	0.923	0.485
LOKIASV2_0659_ESMFold_hypothetical_protein	6wvg-assembly2.cif.gz_B	6wvg-assembly2.cif.gz_B human CD53	2.499E+00	0.020	18	4	99	104	12	126	440	127	0.923	0.261
LOKIASV2_0659_ESMFold_hypothetical_protein	5ooq-assembly1.cif.gz_A	5ooq-assembly1.cif.gz_A Structure of the Mtr4 Nop53 Complex	5.416E+00	0.020	18	1	61	104	234	290	952	61	0.587	0.060
LOKIASV2_0659_ESMFold_hypothetical_protein	2z8l-assembly1.cif.gz_A	2z8l-assembly1.cif.gz_A Crystal Structure of the Staphylococcal superantigen-like protein SSL5 at pH 4.6 complexed with sialyl Lewis X	2.059E+00	0.016	17	5	98	104	98	192	192	118	0.904	0.495
LOKIASV2_0659_ESMFold_hypothetical_protein	4r6b-assembly1.cif.gz_B	4r6b-assembly1.cif.gz_B Rational Design of Enhanced Photoresistance in a Photoswitchable Fluorescent Protein	6.161E+00	0.016	17	5	104	104	10	125	219	140	0.962	0.530
LOKIASV2_0659_ESMFold_hypothetical_protein	2emo-assembly1.cif.gz_A-2	2emo-assembly1.cif.gz_A-2 GREEN FLUORESCENT PROTEIN FROM AEQUOREA VICTORIA, MUTANT	5.776E+00	0.016	17	5	104	104	10	126	221	145	0.962	0.529
LOKIASV2_0659_ESMFold_hypothetical_protein	1b9c-assembly1.cif.gz_B	1b9c-assembly1.cif.gz_B Green Fluorescent Protein Mutant F99S, M153T and V163A	3.449E+00	0.016	17	5	104	104	10	128	224	137	0.962	0.531
LOKIASV2_0659_ESMFold_hypothetical_protein	7ugr-assembly1.cif.gz_A	7ugr-assembly1.cif.gz_A Crystal structure of hyperfolder YFP	4.760E+00	0.016	17	4	99	104	10	124	226	127	0.923	0.509
LOKIASV2_0659_ESMFold_hypothetical_protein	5jzl-assembly2.cif.gz_B	5jzl-assembly2.cif.gz_B The Structure of Monomeric Ultra Stable Green Fluorescent Protein	3.233E+00	0.016	17	4	99	104	12	126	230	132	0.923	0.500
LOKIASV2_0659_ESMFold_hypothetical_protein	4z4m-assembly1.cif.gz_B	4z4m-assembly1.cif.gz_B Crystal structure of GFP-TAX1BP1 UBZ2 domain fusion protein	2.343E+00	0.016	17	5	104	104	13	131	253	136	0.962	0.470
LOKIASV2_0659_ESMFold_hypothetical_protein	5xvn-assembly1.cif.gz_A	5xvn-assembly1.cif.gz_A E. far Cas1-Cas2/prespacer binary complex	9.674E+00	0.016	17	30	77	104	214	264	285	52	0.462	0.179
LOKIASV2_0659_ESMFold_hypothetical_protein	5j3n-assembly1.cif.gz_A	5j3n-assembly1.cif.gz_A C-terminal domain of EcoR124I HsdR subunit fused with the pH-sensitive GFP variant ratiometric pHluorin	3.032E+00	0.016	17	4	99	104	13	127	385	138	0.923	0.299
LOKIASV2_0659_ESMFold_hypothetical_protein	6per-assembly1.cif.gz_A	6per-assembly1.cif.gz_A Crystal Structure of Ligand-Free iSeroSnFR	5.077E+00	0.016	17	4	99	104	175	289	506	123	0.923	0.227
LOKIASV2_0659_ESMFold_hypothetical_protein	4w6p-assembly2.cif.gz_D	4w6p-assembly2.cif.gz_D Crystal Structure of Full-Length Split GFP Mutant D102C Disulfide Dimer, P 21 21 21 Space Group	5.416E+00	0.014	16	5	104	104	10	120	202	127	0.962	0.550
LOKIASV2_0659_ESMFold_hypothetical_protein	8gyf-assembly1.cif.gz_A	8gyf-assembly1.cif.gz_A Crystal structure of a bright green fluorescent protein (StayGold) with single mutation (K192Y) in jellyfish Cytaeis uchidae from Biortus	4.463E+00	0.014	16	5	104	104	6	120	213	132	0.962	0.540
LOKIASV2_0659_ESMFold_hypothetical_protein	7km4-assembly1.cif.gz_A	7km4-assembly1.cif.gz_A Crystal Structure of Oxidized Version of Redox-Sensitive Superfolder Green Fluorescent Protein	4.185E+00	0.014	16	4	99	104	8	122	218	128	0.923	0.528
LOKIASV2_0659_ESMFold_hypothetical_protein	3evp-assembly1.cif.gz_A	3evp-assembly1.cif.gz_A crystal structure of circular-permutated EGFP	6.161E+00	0.014	16	4	99	104	94	208	223	124	0.923	0.516
LOKIASV2_0659_ESMFold_hypothetical_protein	8a83-assembly1.cif.gz_A	8a83-assembly1.cif.gz_A rsEGFP2 with a chlorinated chromophore in the fluorescent ON-state in a crystal dehydrated after illumination	3.923E+00	0.014	16	4	99	104	9	123	224	130	0.923	0.513
LOKIASV2_0659_ESMFold_hypothetical_protein	2ye1-assembly1.cif.gz_A	2ye1-assembly1.cif.gz_A X-ray structure of the cyan fluorescent proteinmTurquoise-GL (K206A mutant)	3.923E+00	0.014	16	4	99	104	10	124	225	138	0.923	0.511
LOKIASV2_0659_ESMFold_hypothetical_protein	5nhn-assembly1.cif.gz_B	5nhn-assembly1.cif.gz_B Super-Folder Green Fluorescent Protein Artificiall dimer linked via 148 position	3.923E+00	0.014	16	4	99	104	11	125	227	127	0.923	0.507
LOKIASV2_0659_ESMFold_hypothetical_protein	6quj-assembly1.cif.gz_B	6quj-assembly1.cif.gz_B GHK tagged GFP variant	3.923E+00	0.014	16	4	99	104	13	127	228	131	0.923	0.504
LOKIASV2_0659_ESMFold_hypothetical_protein	7a8a-assembly1.cif.gz_A	7a8a-assembly1.cif.gz_A rsGreen0.7-K206A-F145Q partially in the green-off state	4.760E+00	0.014	16	4	99	104	12	126	231	133	0.923	0.498
LOKIASV2_0659_ESMFold_hypothetical_protein	2fwq-assembly1.cif.gz_A	2fwq-assembly1.cif.gz_A Reduced enolate chromophore intermediate for Y66H GFP variant	5.077E+00	0.014	16	4	99	104	10	124	232	127	0.923	0.496
LOKIASV2_0659_ESMFold_hypothetical_protein	7a8m-assembly1.cif.gz_A	7a8m-assembly1.cif.gz_A rsGreen0.7-K206A-N205G in the green-on state	4.185E+00	0.014	16	4	99	104	11	125	233	127	0.923	0.494
LOKIASV2_0659_ESMFold_hypothetical_protein	7o7u-assembly1.cif.gz_A	7o7u-assembly1.cif.gz_A Crystal structure of rsEGFP2 in the non-fluorescent off-state determined by serial femtosecond crystallography at room temperature	4.463E+00	0.014	16	4	99	104	20	134	237	131	0.923	0.485
LOKIASV2_0659_ESMFold_hypothetical_protein	7o7v-assembly1.cif.gz_A	7o7v-assembly1.cif.gz_A Crystal structure of rsEGFP2 mutant V151A in the fluorescent on-state determined by serial femtosecond crystallography at room temperature	3.923E+00	0.014	16	4	99	104	19	133	242	131	0.923	0.475
LOKIASV2_0659_ESMFold_hypothetical_protein	1gl4-assembly1.cif.gz_A	1gl4-assembly1.cif.gz_A Nidogen-1 G2/Perlecan IG3 Complex	1.697E+00	0.014	16	5	97	104	49	164	273	127	0.894	0.425
LOKIASV2_0659_ESMFold_hypothetical_protein	7pv9-assembly3.cif.gz_C	7pv9-assembly3.cif.gz_C Listeria monocytogene InlB (internalin B) residues 36-392 (internalin domain and B-repeat)	6.571E+00	0.014	16	3	98	104	285	333	337	98	0.923	0.145
LOKIASV2_0659_ESMFold_hypothetical_protein	5wwv-assembly3.cif.gz_F	5wwv-assembly3.cif.gz_F Crystal structure of porcine kidney D-amino acid oxidase mutant (I230A/R283G)	5.776E+00	0.014	16	42	96	104	254	309	338	61	0.529	0.166
LOKIASV2_0659_ESMFold_hypothetical_protein	7pv9-assembly2.cif.gz_B	7pv9-assembly2.cif.gz_B Listeria monocytogene InlB (internalin B) residues 36-392 (internalin domain and B-repeat)	9.070E+00	0.014	16	3	98	104	285	352	356	108	0.923	0.191
LOKIASV2_0659_ESMFold_hypothetical_protein	6hr1-assembly1.cif.gz_A	6hr1-assembly1.cif.gz_A Crystal structure of the YFPnano fusion protein	3.923E+00	0.014	16	4	99	104	48	162	406	130	0.923	0.283
LOKIASV2_0659_ESMFold_hypothetical_protein	5ltq-assembly4.cif.gz_M	5ltq-assembly4.cif.gz_M Structure of the Yellow Fluorescent Protein lanYFP from Branchiostoma lanceolatum at pH 7.5	5.077E+00	0.011	15	4	98	104	2	111	207	124	0.913	0.531
LOKIASV2_0659_ESMFold_hypothetical_protein	8j3j-assembly1.cif.gz_B	8j3j-assembly1.cif.gz_B Crystal structure of a bright green fluorescent protein (StayGold) with double mutations (Q140S, Y187F) in jellyfish Cytaeis uchidae from Biortus	6.161E+00	0.011	15	5	104	104	7	121	214	132	0.962	0.537
LOKIASV2_0659_ESMFold_hypothetical_protein	4jfg-assembly2.cif.gz_D	4jfg-assembly2.cif.gz_D Crystal structure of sfGFP-66-HqAla	6.161E+00	0.011	15	5	99	104	9	120	217	124	0.913	0.516
LOKIASV2_0659_ESMFold_hypothetical_protein	4jfg-assembly4.cif.gz_F	4jfg-assembly4.cif.gz_F Crystal structure of sfGFP-66-HqAla	6.161E+00	0.011	15	5	104	104	9	127	217	134	0.962	0.548
LOKIASV2_0659_ESMFold_hypothetical_protein	3gj1-assembly3.cif.gz_C	3gj1-assembly3.cif.gz_C Non photoactivated state of PA-GFP	3.923E+00	0.011	15	4	99	104	10	124	222	133	0.923	0.518
LOKIASV2_0659_ESMFold_hypothetical_protein	2awm-assembly1.cif.gz_A	2awm-assembly1.cif.gz_A GFP R96A chromophore maturation recovery mutant R96A Q183R	6.161E+00	0.011	15	5	99	104	11	124	224	126	0.913	0.509
LOKIASV2_0659_ESMFold_hypothetical_protein	7yv5-assembly1.cif.gz_A	7yv5-assembly1.cif.gz_A genetically encoded pH sensor Lime at pH6	8.504E+00	0.011	15	5	99	104	13	124	224	126	0.913	0.500
LOKIASV2_0659_ESMFold_hypothetical_protein	3cd1-assembly1.cif.gz_A	3cd1-assembly1.cif.gz_A Development of a family of redox-sensitive green fluorescent protein indicators for use in relatively oxidizing subcellular environments	5.416E+00	0.011	15	4	99	104	10	124	225	136	0.923	0.511
LOKIASV2_0659_ESMFold_hypothetical_protein	5j2o-assembly1.cif.gz_A	5j2o-assembly1.cif.gz_A Crystal structure of the cyan fluorescence protein Cerulean S175G mutant	5.077E+00	0.011	15	4	99	104	10	124	225	127	0.923	0.511
LOKIASV2_0659_ESMFold_hypothetical_protein	4lqu-assembly1.cif.gz_A	4lqu-assembly1.cif.gz_A 1.60A resolution crystal structure of a superfolder green fluorescent protein (W57G) mutant	4.760E+00	0.011	15	4	99	104	12	126	225	127	0.923	0.511
LOKIASV2_0659_ESMFold_hypothetical_protein	6fww-assembly1.cif.gz_A	6fww-assembly1.cif.gz_A GFP/KKK. A redesigned GFP with improved solubility	5.077E+00	0.011	15	4	99	104	11	125	226	127	0.923	0.509
LOKIASV2_0659_ESMFold_hypothetical_protein	7ugs-assembly1.cif.gz_A	7ugs-assembly1.cif.gz_A Crystal structure of monomeric hyperfolder YFP (K206V mutant)	7.008E+00	0.011	15	4	99	104	10	124	226	127	0.923	0.509
LOKIASV2_0659_ESMFold_hypothetical_protein	7a8l-assembly1.cif.gz_A	7a8l-assembly1.cif.gz_A rsGreen0.7-K206A-N205C in the green-on state	5.077E+00	0.011	15	4	99	104	11	125	233	127	0.923	0.494
LOKIASV2_0659_ESMFold_hypothetical_protein	1h4u-assembly1.cif.gz_A	1h4u-assembly1.cif.gz_A Domain G2 of mouse nidogen-1	1.810E+00	0.011	15	5	97	104	33	148	245	131	0.894	0.473
LOKIASV2_0659_ESMFold_hypothetical_protein	2gb5-assembly1.cif.gz_B	2gb5-assembly1.cif.gz_B Crystal structure of NADH pyrophosphatase (EC 3.6.1.22) (1790429) from Escherichia coli K12 at 2.30 A resolution	7.008E+00	0.011	15	5	98	104	135	214	261	113	0.904	0.307
LOKIASV2_0659_ESMFold_hypothetical_protein	6lnp-assembly2.cif.gz_D	6lnp-assembly2.cif.gz_D Crystal structure of citrate Biosensor	5.077E+00	0.011	15	4	99	104	16	130	362	138	0.923	0.318
LOKIASV2_0659_ESMFold_hypothetical_protein	8ovo-assembly1.cif.gz_B	8ovo-assembly1.cif.gz_B X-ray structure of the SF-iGluSnFR-S72A in complex with L-aspartate	7.475E+00	0.011	15	4	99	104	345	459	501	124	0.923	0.230
LOKIASV2_0659_ESMFold_hypothetical_protein	7s7v-assembly2.cif.gz_B	7s7v-assembly2.cif.gz_B Crystal structure of iNicSnFR3a Fluorescent Nicotine Sensor	9.070E+00	0.011	15	4	99	104	176	290	508	126	0.923	0.226
LOKIASV2_0659_ESMFold_hypothetical_protein	3osq-assembly1.cif.gz_A	3osq-assembly1.cif.gz_A Maltose-bound maltose sensor engineered by insertion of circularly permuted green fluorescent protein into E. coli maltose binding protein at position 175	6.571E+00	0.011	15	4	99	104	279	393	607	126	0.923	0.189
LOKIASV2_0659_ESMFold_hypothetical_protein	5ni3-assembly1.cif.gz_A	5ni3-assembly1.cif.gz_A sfGFP 204-204 mutant dimer	6.571E+00	0.010	14	4	99	104	10	124	224	127	0.923	0.513
LOKIASV2_0659_ESMFold_hypothetical_protein	5wj3-assembly2.cif.gz_B	5wj3-assembly2.cif.gz_B Crystal structure of green fluorescent protein Clover mutant S147C/Q204C	7.008E+00	0.010	14	4	99	104	11	125	225	127	0.923	0.511
LOKIASV2_0659_ESMFold_hypothetical_protein	7a7n-assembly1.cif.gz_A	7a7n-assembly1.cif.gz_A rsGreen0.7b in the green-off state	7.475E+00	0.010	14	4	99	104	11	125	227	127	0.923	0.507
LOKIASV2_0659_ESMFold_hypothetical_protein	5hzo-assembly2.cif.gz_B	5hzo-assembly2.cif.gz_B GFP mutant S205G	5.416E+00	0.010	14	4	99	104	12	126	229	133	0.923	0.502
LOKIASV2_0659_ESMFold_hypothetical_protein	4lqt-assembly1.cif.gz_A	4lqt-assembly1.cif.gz_A 1.10A resolution crystal structure of a superfolder green fluorescent protein (W57A) mutant	6.571E+00	0.010	14	5	104	104	13	131	229	131	0.962	0.520
LOKIASV2_0659_ESMFold_hypothetical_protein	7a82-assembly1.cif.gz_A	7a82-assembly1.cif.gz_A rsGreen0.7-K206A-F145A partially in the green-off state	6.571E+00	0.010	14	4	99	104	11	125	230	127	0.923	0.500
LOKIASV2_0659_ESMFold_hypothetical_protein	7pcz-assembly2.cif.gz_B	7pcz-assembly2.cif.gz_B Functional and structural characterization of redox sensitive superfolder green fluorescent protein and variants	9.070E+00	0.010	14	5	104	104	13	131	235	131	0.962	0.506
LOKIASV2_0659_ESMFold_hypothetical_protein	6wve-assembly1.cif.gz_A	6wve-assembly1.cif.gz_A Chicken SPCS1	6.161E+00	0.010	14	4	99	104	9	123	296	136	0.923	0.389
LOKIASV2_0659_ESMFold_hypothetical_protein	6scx-assembly2.cif.gz_C-2	6scx-assembly2.cif.gz_C-2 Crystal structure of the catalytic domain of human NUDT12 in complex with 7-methyl-guanosine-5'-triphosphate	9.674E+00	0.010	14	5	100	104	190	273	323	116	0.923	0.260
LOKIASV2_0659_ESMFold_hypothetical_protein	6wv4-assembly1.cif.gz_A	6wv4-assembly1.cif.gz_A Human VKOR C43S with warfarin	6.161E+00	0.010	14	5	99	104	12	124	363	136	0.913	0.311
LOKIASV2_0659_ESMFold_hypothetical_protein	7st4-assembly1.cif.gz_A	7st4-assembly1.cif.gz_A Calcium-saturated jGCaMP8.410.80	9.674E+00	0.010	14	4	99	104	114	228	385	124	0.923	0.299
LOKIASV2_0659_ESMFold_hypothetical_protein	5fgu-assembly1.cif.gz_A	5fgu-assembly1.cif.gz_A Structure of Sda1 nuclease apoprotein as an EGFP fixed-arm fusion	6.161E+00	0.010	14	4	99	104	10	124	494	136	0.923	0.233
LOKIASV2_0659_ESMFold_hypothetical_protein	7z7q-assembly3.cif.gz_C	7z7q-assembly3.cif.gz_C Structure of the T207D single-point mutant of the fluorescent protein NeonCyan1 at pH 6.5	9.674E+00	0.009	13	4	104	104	3	121	211	132	0.971	0.564
LOKIASV2_0659_ESMFold_hypothetical_protein	7yao-assembly1.cif.gz_B	7yao-assembly1.cif.gz_B Crystal structure of a bright green fluorescent protein (oxStayGold) in jellyfish Cytaeis uchidae from Biortus	8.504E+00	0.009	13	5	104	104	6	120	213	140	0.962	0.540
LOKIASV2_0659_ESMFold_hypothetical_protein	8j2j-assembly1.cif.gz_B-2	8j2j-assembly1.cif.gz_B-2 Crystal structure of a bright green fluorescent protein (StayGold) with single mutation (Y187F) in jellyfish Cytaeis uchidae from Biortus	8.504E+00	0.009	13	5	104	104	7	121	214	137	0.962	0.537
LOKIASV2_0659_ESMFold_hypothetical_protein	7a85-assembly1.cif.gz_A	7a85-assembly1.cif.gz_A rsGreen0.7-K206A-F145L in the green-on state	9.070E+00	0.009	13	4	99	104	9	123	223	127	0.923	0.516
LOKIASV2_0659_ESMFold_hypothetical_protein	6s68-assembly1.cif.gz_A-2	6s68-assembly1.cif.gz_A-2 Structure of the Fluorescent Protein AausFP2 from Aequorea cf. australis at pH 7.6	6.571E+00	0.009	13	5	104	104	7	123	223	140	0.962	0.525
LOKIASV2_0659_ESMFold_hypothetical_protein	5yr3-assembly1.cif.gz_A	5yr3-assembly1.cif.gz_A Structure of sfYFP66BPA	9.674E+00	0.009	13	4	99	104	9	123	224	127	0.923	0.513
LOKIASV2_0659_ESMFold_hypothetical_protein	7a7s-assembly1.cif.gz_A	7a7s-assembly1.cif.gz_A rsGreenF in the green-on state	8.504E+00	0.009	13	4	99	104	10	124	226	136	0.923	0.509
LOKIASV2_0659_ESMFold_hypothetical_protein	7amf-assembly2.cif.gz_B	7amf-assembly2.cif.gz_B Crystal structure of rsFolder2 in its non-fluorescent off-state	7.973E+00	0.009	13	4	99	104	13	127	229	139	0.923	0.502
LOKIASV2_0659_ESMFold_hypothetical_protein	4ebj-assembly1.cif.gz_B	4ebj-assembly1.cif.gz_B Crystal structure of aminoglycoside 4'-O-adenylyltransferase ANT(4')-IIb, apo	9.674E+00	0.009	13	51	96	104	17	78	258	62	0.442	0.240
LOKIASV2_0659_ESMFold_hypothetical_protein	3o78-assembly3.cif.gz_B	3o78-assembly3.cif.gz_B The structure of Ca2+ Sensor (Case-12)	9.674E+00	0.009	13	4	99	104	122	236	400	130	0.923	0.287
LOKIASV2_0659_ESMFold_hypothetical_protein	3osr-assembly2.cif.gz_B	3osr-assembly2.cif.gz_B Maltose-bound maltose sensor engineered by insertion of circularly permuted green fluorescent protein into E. coli maltose binding protein at position 311	9.070E+00	0.009	13	4	99	104	408	522	600	127	0.923	0.192
LOKIASV2_0659_ESMFold_hypothetical_protein	3m22-assembly2.cif.gz_B	3m22-assembly2.cif.gz_B Crystal structure of TagRFP fluorescent protein	9.674E+00	0.008	12	4	104	104	7	125	223	142	0.971	0.534
LOKIASV2_0659_ESMFold_hypothetical_protein	6vio-assembly7.cif.gz_G	6vio-assembly7.cif.gz_G Crystal structure of eYFP His148Ser	8.504E+00	0.008	12	5	99	104	9	122	223	132	0.913	0.511
LOKIASV2_0659_ESMFold_hypothetical_protein	2b3q-assembly1.cif.gz_A	2b3q-assembly1.cif.gz_A Crystal structure of a well-folded variant of green fluorescent protein	9.674E+00	0.008	12	5	99	104	11	124	226	129	0.913	0.504
LOKIASV2_0659_ESMFold_hypothetical_protein	3m24-assembly2.cif.gz_B	3m24-assembly2.cif.gz_B Crystal structure of TagBFP fluorescent protein	4.760E+00	0.008	12	4	104	104	10	128	227	147	0.971	0.524
LOKIASV2_0659_ESMFold_hypothetical_protein	7ugt-assembly1.cif.gz_A	7ugt-assembly1.cif.gz_A Crystal structure of hyperfolder fluorescent protein FOLD6	8.504E+00	0.008	12	4	99	104	14	128	228	137	0.923	0.504
LOKIASV2_0659_ESMFold_hypothetical_protein	1yoe-assembly1.cif.gz_A	1yoe-assembly1.cif.gz_A Crystal structure of a the E. coli pyrimidine nucleoside hydrolase YbeK with bound ribose	7.973E+00	0.007	11	32	98	104	210	283	302	86	0.644	0.245
LOKIASV2_0659_ESMFold_hypothetical_protein	1pwq-assembly1.cif.gz_A	1pwq-assembly1.cif.gz_A Crystal structure of Anthrax Lethal Factor complexed with Thioacetyl-Tyr-Pro-Met-Amide, a metal-chelating peptidyl small molecule inhibitor	6.161E+00	0.007	11	7	99	104	17	109	732	112	0.894	0.127
LOKIASV2_0659_ESMFold_hypothetical_protein	4ceh-assembly1.cif.gz_B	4ceh-assembly1.cif.gz_B Crystal structure of AddAB with a forked DNA substrate	9.070E+00	0.007	11	30	99	104	844	932	1148	94	0.673	0.078
LOKIASV2_0659_ESMFold_hypothetical_protein	4cej-assembly1.cif.gz_B	4cej-assembly1.cif.gz_B Crystal structure of AddAB-DNA-ADPNP complex at 3 Angstrom resolution	9.070E+00	0.007	11	30	99	104	853	941	1156	94	0.673	0.077
