LOKIASV2_0983_ESMFold_hypothetical_protein	LevyLab_P0AB53_V1_2_relaxed_B	LevyLab_P0AB53_V1_2_relaxed_B 	1.215E-05	1.000	176	1	107	108	1	117	117	120	0.991	1.000
LOKIASV2_0983_ESMFold_hypothetical_protein	LevyLab_Q8X883_V1_3_relaxed_B	LevyLab_Q8X883_V1_3_relaxed_B 	3.124E-03	1.000	124	4	107	108	3	128	128	127	0.963	0.984
LOKIASV2_0983_ESMFold_hypothetical_protein	LevyLab_P33751_V1_4_relaxed_B	LevyLab_P33751_V1_4_relaxed_B 	1.660E-01	0.473	50	1	67	108	53	116	242	68	0.620	0.264
LOKIASV2_0983_ESMFold_hypothetical_protein	LevyLab_Q12265_V1_1_relaxed_B	LevyLab_Q12265_V1_1_relaxed_B 	2.928E-01	0.196	39	4	100	108	396	480	496	101	0.898	0.171
LOKIASV2_0983_ESMFold_hypothetical_protein	LevyLab_Q8U1T9_V1_4_relaxed_B	LevyLab_Q8U1T9_V1_4_relaxed_B 	1.883E-01	0.150	36	4	108	108	8	125	148	129	0.972	0.797
LOKIASV2_0983_ESMFold_hypothetical_protein	LevyLab_Q8X8F4_V1_4_relaxed_B	LevyLab_Q8X8F4_V1_4_relaxed_B 	9.703E-01	0.138	35	2	90	108	107	195	374	100	0.824	0.238
LOKIASV2_0983_ESMFold_hypothetical_protein	LevyLab_Q8U0H1_V1_3_relaxed_B	LevyLab_Q8U0H1_V1_3_relaxed_B 	2.275E-01	0.116	33	5	107	108	153	241	249	113	0.954	0.357
LOKIASV2_0983_ESMFold_hypothetical_protein	ProtVar_O00469_O60568_B	ProtVar_O00469_O60568_B 	7.079E-01	0.116	33	1	101	108	295	382	738	114	0.935	0.119
LOKIASV2_0983_ESMFold_hypothetical_protein	ProtVar_P16333_Q6ZUJ8_B	ProtVar_P16333_Q6ZUJ8_B 	1.374E-01	0.116	33	3	105	108	11	125	805	124	0.954	0.143
LOKIASV2_0983_ESMFold_hypothetical_protein	LevyLab_P0AG04_V1_3_relaxed_B	LevyLab_P0AG04_V1_3_relaxed_B 	9.110E-01	0.106	32	1	88	108	1	84	189	90	0.815	0.444
LOKIASV2_0983_ESMFold_hypothetical_protein	LevyLab_P38689_V1_3_relaxed_B	LevyLab_P38689_V1_3_relaxed_B 	7.079E-01	0.106	32	1	101	108	214	309	320	116	0.935	0.300
LOKIASV2_0983_ESMFold_hypothetical_protein	ProtVar_O95273_P32502_B	ProtVar_O95273_P32502_B 	6.240E-01	0.106	32	3	106	108	184	260	381	105	0.963	0.202
LOKIASV2_0983_ESMFold_hypothetical_protein	ProtVar_P17980_P62191_B	ProtVar_P17980_P62191_B 	8.295E-02	0.106	32	2	106	108	219	352	440	147	0.972	0.305
LOKIASV2_0983_ESMFold_hypothetical_protein	LevyLab_Q8XAW8_V1_2_relaxed_B	LevyLab_Q8XAW8_V1_2_relaxed_B 	4.013E-01	0.098	31	2	106	108	36	121	139	105	0.972	0.619
LOKIASV2_0983_ESMFold_hypothetical_protein	LevyLab_Q8U0Q4_V1_3_relaxed_B	LevyLab_Q8U0Q4_V1_3_relaxed_B 	7.079E-01	0.090	30	2	77	108	61	135	429	86	0.704	0.175
LOKIASV2_0983_ESMFold_hypothetical_protein	ProtVar_P32970_Q9UI10-2_B	ProtVar_P32970_Q9UI10-2_B 	8.553E-01	0.090	30	2	106	108	350	423	543	105	0.972	0.136
LOKIASV2_0983_ESMFold_hypothetical_protein	ProtVar_O15173_P11215_B	ProtVar_O15173_P11215_B 	1.033E+00	0.090	30	18	100	108	228	326	1152	108	0.769	0.086
LOKIASV2_0983_ESMFold_hypothetical_protein	ProtVar_P18848_P33297_B	ProtVar_P18848_P33297_B 	6.646E-01	0.082	29	3	92	108	216	350	434	145	0.833	0.311
LOKIASV2_0983_ESMFold_hypothetical_protein	ProtVar_Q5T0W9_Q8NEG4_B	ProtVar_Q5T0W9_Q8NEG4_B 	2.203E+00	0.082	29	1	68	108	160	226	500	71	0.630	0.134
LOKIASV2_0983_ESMFold_hypothetical_protein	ProtVar_Q5VSG8_Q8NAC3-2_B	ProtVar_Q5VSG8_Q8NAC3-2_B 	1.172E+00	0.082	29	2	103	108	512	667	720	164	0.944	0.217
LOKIASV2_0983_ESMFold_hypothetical_protein	ProtVar_P48729_Q5T0W9_B	ProtVar_P48729_Q5T0W9_B 	2.661E+00	0.082	29	2	68	108	146	210	1011	69	0.620	0.064
LOKIASV2_0983_ESMFold_hypothetical_protein	LevyLab_Q99344_V1_3_relaxed_B	LevyLab_Q99344_V1_3_relaxed_B 	9.703E-01	0.076	28	1	108	108	1	100	299	118	1.000	0.334
LOKIASV2_0983_ESMFold_hypothetical_protein	LevyLab_P38063_V1_3_relaxed_B	LevyLab_P38063_V1_3_relaxed_B 	2.068E+00	0.076	28	1	99	108	56	168	326	121	0.917	0.347
LOKIASV2_0983_ESMFold_hypothetical_protein	ProtVar_O00220_Q16739_B	ProtVar_O00220_Q16739_B 	2.068E+00	0.076	28	4	67	108	53	114	394	67	0.593	0.157
LOKIASV2_0983_ESMFold_hypothetical_protein	ProtVar_Q04726_Q9UKX5_B	ProtVar_Q04726_Q9UKX5_B 	1.033E+00	0.076	28	18	100	108	243	347	1188	114	0.769	0.088
LOKIASV2_0983_ESMFold_hypothetical_protein	ProtVar_P01116_Q96CD2_B	ProtVar_P01116_Q96CD2_B 	3.321E-01	0.069	27	2	107	108	16	164	204	155	0.981	0.730
LOKIASV2_0983_ESMFold_hypothetical_protein	LevyLab_Q8XE52_V1_3_relaxed_B	LevyLab_Q8XE52_V1_3_relaxed_B 	5.501E-01	0.069	27	3	97	108	2	69	231	95	0.880	0.294
LOKIASV2_0983_ESMFold_hypothetical_protein	LevyLab_Q8X7U3_V1_3_relaxed_B	LevyLab_Q8X7U3_V1_3_relaxed_B 	2.068E+00	0.069	27	1	76	108	45	117	244	83	0.704	0.299
LOKIASV2_0983_ESMFold_hypothetical_protein	ProtVar_P17980_P43686-2_B	ProtVar_P17980_P43686-2_B 	3.321E-01	0.069	27	2	106	108	168	301	387	148	0.972	0.346
LOKIASV2_0983_ESMFold_hypothetical_protein	ProtVar_O00231_P43686_B	ProtVar_O00231_P43686_B 	2.928E-01	0.069	27	2	106	108	199	332	418	148	0.972	0.321
LOKIASV2_0983_ESMFold_hypothetical_protein	LevyLab_P0AAZ6_V1_3_relaxed_B	LevyLab_P0AAZ6_V1_3_relaxed_B 	7.540E-01	0.069	27	3	100	108	51	176	447	135	0.907	0.282
LOKIASV2_0983_ESMFold_hypothetical_protein	ModelArchive_ma-bak-cepc-0180_A	ModelArchive_ma-bak-cepc-0180_A Predicted interaction between RNR1 and RNR2 Predicted interaction between RNR1 and RNR2	8.030E-01	0.069	27	1	100	108	214	344	888	135	0.926	0.148
LOKIASV2_0983_ESMFold_hypothetical_protein	LevyLab_P69772_V1_4_relaxed_B	LevyLab_P69772_V1_4_relaxed_B 	2.203E+00	0.063	26	4	108	108	4	123	197	130	0.972	0.609
LOKIASV2_0983_ESMFold_hypothetical_protein	ProtVar_O14967_Q9UNA3_B	ProtVar_O14967_Q9UNA3_B 	2.834E+00	0.063	26	1	76	108	49	127	340	81	0.704	0.232
LOKIASV2_0983_ESMFold_hypothetical_protein	ProtVar_P21549_Q99489_B	ProtVar_P21549_Q99489_B 	5.000E+00	0.063	26	1	37	108	1	35	341	37	0.343	0.103
LOKIASV2_0983_ESMFold_hypothetical_protein	ProtVar_P31153_Q5NHR1_B	ProtVar_P31153_Q5NHR1_B 	8.030E-01	0.063	26	1	100	108	1	93	347	110	0.926	0.268
LOKIASV2_0983_ESMFold_hypothetical_protein	LevyLab_Q7AAQ7_V1_2_relaxed_B	LevyLab_Q7AAQ7_V1_2_relaxed_B 	7.540E-01	0.063	26	3	100	108	341	473	477	142	0.907	0.279
LOKIASV2_0983_ESMFold_hypothetical_protein	ProtVar_O43482_Q3V5L5_B	ProtVar_O43482_Q3V5L5_B 	1.823E+00	0.063	26	1	106	108	459	532	792	111	0.981	0.093
LOKIASV2_0983_ESMFold_hypothetical_protein	ProtVar_O15381_Q9GZL7_A	ProtVar_O15381_Q9GZL7_A 	2.346E+00	0.063	26	2	90	108	616	745	856	134	0.824	0.152
LOKIASV2_0983_ESMFold_hypothetical_protein	LevyLab_Q8X6W0_V1_5_relaxed_B	LevyLab_Q8X6W0_V1_5_relaxed_B 	2.203E+00	0.057	25	4	100	108	10	173	175	177	0.898	0.937
LOKIASV2_0983_ESMFold_hypothetical_protein	LevyLab_A0A0H3JJP8_V1_3_relaxed_B	LevyLab_A0A0H3JJP8_V1_3_relaxed_B 	2.275E-01	0.057	25	2	106	108	92	251	257	171	0.972	0.623
LOKIASV2_0983_ESMFold_hypothetical_protein	ModelArchive_ma-rap-bacsu-114_B	ModelArchive_ma-rap-bacsu-114_B Predicted interaction between rsbS and rsbRA Predicted interaction between rsbS and rsbRA	3.425E+00	0.057	25	1	100	108	157	263	274	119	0.926	0.391
LOKIASV2_0983_ESMFold_hypothetical_protein	ModelArchive_ma-bak-cepc-0136_A	ModelArchive_ma-bak-cepc-0136_A Predicted interaction between GCN3 and GCD7 Predicted interaction between GCN3 and GCD7	2.068E+00	0.057	25	2	106	108	123	196	305	105	0.972	0.243
LOKIASV2_0983_ESMFold_hypothetical_protein	ProtVar_P19784_P49770_B	ProtVar_P19784_P49770_B 	2.499E+00	0.057	25	2	106	108	162	234	351	110	0.972	0.208
LOKIASV2_0983_ESMFold_hypothetical_protein	LevyLab_P22768_V1_4_relaxed_B	LevyLab_P22768_V1_4_relaxed_B 	3.648E+00	0.057	25	1	67	108	1	60	420	68	0.620	0.143
LOKIASV2_0983_ESMFold_hypothetical_protein	ProtVar_P68871_Q7L1T6_B	ProtVar_P68871_Q7L1T6_B 	1.249E+00	0.057	25	3	108	108	391	520	521	142	0.981	0.250
LOKIASV2_0983_ESMFold_hypothetical_protein	ProtVar_B2RUZ4_Q86WA9_A	ProtVar_B2RUZ4_Q86WA9_A 	2.346E+00	0.057	25	1	102	108	477	583	606	122	0.944	0.177
LOKIASV2_0983_ESMFold_hypothetical_protein	ProtVar_O60488_P55318_A	ProtVar_O60488_P55318_A 	9.110E-01	0.057	25	2	97	108	150	253	711	122	0.889	0.146
LOKIASV2_0983_ESMFold_hypothetical_protein	ProtVar_Q86X52_Q8IZ52_B	ProtVar_Q86X52_Q8IZ52_B 	5.501E-01	0.057	25	2	100	108	506	603	775	119	0.917	0.126
LOKIASV2_0983_ESMFold_hypothetical_protein	ProtVar_Q8NAP3_Q9UNX3_A	ProtVar_Q8NAP3_Q9UNX3_A 	3.215E+00	0.057	25	1	65	108	30	94	1195	70	0.602	0.054
LOKIASV2_0983_ESMFold_hypothetical_protein	LevyLab_Q8X7D3_V1_5_relaxed_B	LevyLab_Q8X7D3_V1_5_relaxed_B 	1.823E+00	0.051	24	5	90	108	162	248	249	108	0.796	0.349
LOKIASV2_0983_ESMFold_hypothetical_protein	LevyLab_Q8U032_V1_4_relaxed_B	LevyLab_Q8U032_V1_4_relaxed_B 	2.346E+00	0.051	24	1	107	108	2	73	307	112	0.991	0.235
LOKIASV2_0983_ESMFold_hypothetical_protein	ProtVar_Q9BTV4_Q9Y5K3_A	ProtVar_Q9BTV4_Q9Y5K3_A 	8.030E-01	0.051	24	2	100	108	76	211	369	140	0.917	0.369
LOKIASV2_0983_ESMFold_hypothetical_protein	ModelArchive_ma-low-csi-0835_B	ModelArchive_ma-low-csi-0835_B Predicted interaction between PBX4 and PSMC5 Predicted interaction between PBX4 and PSMC5	2.581E-01	0.051	24	1	106	108	182	316	406	147	0.981	0.333
LOKIASV2_0983_ESMFold_hypothetical_protein	LevyLab_A0A0H3JEB9_V1_2_relaxed_B	LevyLab_A0A0H3JEB9_V1_2_relaxed_B 	4.552E-01	0.051	24	1	100	108	242	375	417	148	0.926	0.321
LOKIASV2_0983_ESMFold_hypothetical_protein	LevyLab_Q8X9M0_V1_3_relaxed_B	LevyLab_Q8X9M0_V1_3_relaxed_B 	7.540E-01	0.051	24	1	100	108	10	80	447	100	0.926	0.159
LOKIASV2_0983_ESMFold_hypothetical_protein	LevyLab_Q8XDH6_V1_4_relaxed_B	LevyLab_Q8XDH6_V1_4_relaxed_B 	8.030E-01	0.051	24	4	88	108	3	95	472	101	0.787	0.197
LOKIASV2_0983_ESMFold_hypothetical_protein	ProtVar_Q13144_Q9UI10_B	ProtVar_Q13144_Q9UI10_B 	1.711E+00	0.051	24	2	106	108	330	403	523	106	0.972	0.141
LOKIASV2_0983_ESMFold_hypothetical_protein	LevyLab_P12754_V1_4_relaxed_B	LevyLab_P12754_V1_4_relaxed_B 	1.033E+00	0.051	24	2	99	108	397	464	651	98	0.907	0.104
LOKIASV2_0983_ESMFold_hypothetical_protein	ProtVar_O75600_P31327-2_B	ProtVar_O75600_P31327-2_B 	2.068E+00	0.051	24	1	100	108	906	1024	1049	125	0.926	0.113
LOKIASV2_0983_ESMFold_hypothetical_protein	ProtVar_Q6T310_Q96PE2_A	ProtVar_Q6T310_Q96PE2_A 	9.703E-01	0.045	23	16	106	108	94	176	242	102	0.843	0.343
LOKIASV2_0983_ESMFold_hypothetical_protein	LevyLab_Q8U3J1_V1_2_relaxed_B	LevyLab_Q8U3J1_V1_2_relaxed_B 	3.019E+00	0.045	23	2	106	108	110	183	276	105	0.972	0.268
LOKIASV2_0983_ESMFold_hypothetical_protein	ProtVar_P07355_Q14376_B	ProtVar_P07355_Q14376_B 	2.661E+00	0.045	23	1	108	108	2	89	348	118	1.000	0.253
LOKIASV2_0983_ESMFold_hypothetical_protein	ProtVar_P49585_Q9Y5K3-3_B	ProtVar_P49585_Q9Y5K3-3_B 	1.249E+00	0.045	23	1	100	108	57	193	351	142	0.926	0.390
LOKIASV2_0983_ESMFold_hypothetical_protein	ProtVar_O15231_O75648-2_B	ProtVar_O15231_O75648-2_B 	1.416E+00	0.045	23	3	94	108	5	76	376	92	0.852	0.191
LOKIASV2_0983_ESMFold_hypothetical_protein	LevyLab_Q8XDZ3_V1_2_relaxed_A	LevyLab_Q8XDZ3_V1_2_relaxed_A 	2.068E+00	0.045	23	4	106	108	2	81	660	113	0.954	0.121
LOKIASV2_0983_ESMFold_hypothetical_protein	LevyLab_P40341_V1_3_relaxed_A	LevyLab_P40341_V1_3_relaxed_A 	8.030E-01	0.045	23	1	106	108	380	515	825	148	0.981	0.165
LOKIASV2_0983_ESMFold_hypothetical_protein	LevyLab_Q8XDF6_V1_5_relaxed_B	LevyLab_Q8XDF6_V1_5_relaxed_B 	1.823E+00	0.040	22	4	108	108	2	125	157	135	0.972	0.790
LOKIASV2_0983_ESMFold_hypothetical_protein	ProtVar_O00746_Q9Y3D8_B	ProtVar_O00746_Q9Y3D8_B 	7.079E-01	0.040	22	1	100	108	2	158	172	169	0.926	0.913
LOKIASV2_0983_ESMFold_hypothetical_protein	ModelArchive_ma-bak-cepc-0517_B	ModelArchive_ma-bak-cepc-0517_B Predicted interaction between RPS14B and FAP7 Predicted interaction between RPS14B and FAP7	5.859E-01	0.040	22	2	100	108	7	163	197	166	0.917	0.797
LOKIASV2_0983_ESMFold_hypothetical_protein	ProtVar_P42338_Q96HU8_B	ProtVar_P42338_Q96HU8_B 	2.068E+00	0.040	22	4	106	108	9	151	199	163	0.954	0.719
LOKIASV2_0983_ESMFold_hypothetical_protein	ProtVar_P20339_Q9NRW1_A	ProtVar_P20339_Q9NRW1_A 	5.000E+00	0.040	22	4	100	108	22	179	215	162	0.898	0.735
LOKIASV2_0983_ESMFold_hypothetical_protein	LevyLab_P40165_V1_2_relaxed_B	LevyLab_P40165_V1_2_relaxed_B 	1.711E+00	0.040	22	2	92	108	58	120	246	92	0.843	0.256
LOKIASV2_0983_ESMFold_hypothetical_protein	LevyLab_P0A9W2_V1_1_relaxed_B	LevyLab_P0A9W2_V1_1_relaxed_B 	2.834E+00	0.040	22	3	90	108	166	250	251	102	0.815	0.339
LOKIASV2_0983_ESMFold_hypothetical_protein	LevyLab_Q8XAU7_V1_3_relaxed_B	LevyLab_Q8XAU7_V1_3_relaxed_B 	3.425E+00	0.040	22	2	68	108	13	111	266	107	0.620	0.372
LOKIASV2_0983_ESMFold_hypothetical_protein	LevyLab_Q8U0J6_V1_3_relaxed_B	LevyLab_Q8U0J6_V1_3_relaxed_B 	1.330E+00	0.040	22	4	89	108	2	78	278	103	0.796	0.277
LOKIASV2_0983_ESMFold_hypothetical_protein	ProtVar_P10321_Q96E22_B	ProtVar_P10321_Q96E22_B 	9.110E-01	0.040	22	4	102	108	102	215	293	134	0.917	0.389
LOKIASV2_0983_ESMFold_hypothetical_protein	ProtVar_Q6PJ69_Q9Y2S2_B	ProtVar_Q6PJ69_Q9Y2S2_B 	6.240E-01	0.040	22	2	90	108	6	121	319	119	0.824	0.364
LOKIASV2_0983_ESMFold_hypothetical_protein	LevyLab_Q8XBS1_V1_3_relaxed_B	LevyLab_Q8XBS1_V1_3_relaxed_B 	1.172E+00	0.040	22	4	102	108	148	317	352	170	0.917	0.483
LOKIASV2_0983_ESMFold_hypothetical_protein	LevyLab_O59626_V1_4_relaxed_B	LevyLab_O59626_V1_4_relaxed_B 	9.703E-01	0.040	22	1	91	108	202	301	375	107	0.843	0.267
LOKIASV2_0983_ESMFold_hypothetical_protein	LevyLab_Q99447_V1_3_relaxed_A	LevyLab_Q99447_V1_3_relaxed_A 	1.607E+00	0.040	22	4	100	108	216	351	389	136	0.898	0.350
LOKIASV2_0983_ESMFold_hypothetical_protein	ModelArchive_ma-low-csi-0425_B	ModelArchive_ma-low-csi-0425_B Predicted interaction between PSMC4 and PSMC6 Predicted interaction between PSMC4 and PSMC6	6.240E-01	0.040	22	2	106	108	167	300	389	148	0.972	0.344
LOKIASV2_0983_ESMFold_hypothetical_protein	ProtVar_P00966_P04198_A	ProtVar_P00966_P04198_A 	1.509E+00	0.040	22	4	90	108	6	63	412	87	0.806	0.141
LOKIASV2_0983_ESMFold_hypothetical_protein	ProtVar_O75648_P43155_A	ProtVar_O75648_P43155_A 	1.509E+00	0.040	22	3	93	108	5	75	421	91	0.843	0.169
LOKIASV2_0983_ESMFold_hypothetical_protein	LevyLab_P33298_V1_1_relaxed_B	LevyLab_P33298_V1_1_relaxed_B 	9.703E-01	0.040	22	2	106	108	206	339	428	147	0.972	0.313
LOKIASV2_0983_ESMFold_hypothetical_protein	ProtVar_P67809_Q7Z6M2_B	ProtVar_P67809_Q7Z6M2_B 	1.172E+00	0.040	22	3	107	108	309	430	555	138	0.972	0.220
LOKIASV2_0983_ESMFold_hypothetical_protein	ModelArchive_ma-bak-cepc-0946_B	ModelArchive_ma-bak-cepc-0946_B Predicted interaction between AOS1 and UBA2 Predicted interaction between AOS1 and UBA2	1.942E+00	0.040	22	2	108	108	21	120	636	121	0.991	0.157
LOKIASV2_0983_ESMFold_hypothetical_protein	ProtVar_Q70JA7_Q9P2E5-2_B	ProtVar_Q70JA7_Q9P2E5-2_B 	2.346E+00	0.040	22	4	106	108	489	594	666	127	0.954	0.159
LOKIASV2_0983_ESMFold_hypothetical_protein	ProtVar_O43889_Q9ULC5_B	ProtVar_O43889_Q9ULC5_B 	9.110E-01	0.040	22	2	106	108	132	232	683	119	0.972	0.148
LOKIASV2_0983_ESMFold_hypothetical_protein	ProtVar_Q13349_Q6MZM0_A	ProtVar_Q13349_Q6MZM0_A 	3.019E+00	0.040	22	18	100	108	228	327	1161	108	0.769	0.086
LOKIASV2_0983_ESMFold_hypothetical_protein	LevyLab_Q8U3K5_V1_1_relaxed_B	LevyLab_Q8U3K5_V1_1_relaxed_B 	2.203E+00	0.034	21	4	106	108	3	126	193	145	0.954	0.642
LOKIASV2_0983_ESMFold_hypothetical_protein	LevyLab_P0A957_V1_5_relaxed_B	LevyLab_P0A957_V1_5_relaxed_B 	2.661E+00	0.034	21	2	99	108	13	126	213	124	0.907	0.535
LOKIASV2_0983_ESMFold_hypothetical_protein	LevyLab_P00572_V1_3_relaxed_B	LevyLab_P00572_V1_3_relaxed_B 	1.942E+00	0.034	21	2	108	108	5	95	216	118	0.991	0.421
LOKIASV2_0983_ESMFold_hypothetical_protein	LevyLab_P00942_V1_5_relaxed_B	LevyLab_P00942_V1_5_relaxed_B 	2.499E+00	0.034	21	2	90	108	4	125	248	127	0.824	0.492
LOKIASV2_0983_ESMFold_hypothetical_protein	LevyLab_Q8XB76_V1_5_relaxed_B	LevyLab_Q8XB76_V1_5_relaxed_B 	3.019E+00	0.034	21	3	100	108	38	147	260	121	0.907	0.423
LOKIASV2_0983_ESMFold_hypothetical_protein	LevyLab_A0A0H3JCD7_V1_5_relaxed_B	LevyLab_A0A0H3JCD7_V1_5_relaxed_B 	5.325E+00	0.034	21	4	103	108	76	183	289	117	0.926	0.374
LOKIASV2_0983_ESMFold_hypothetical_protein	LevyLab_Q8XBC7_V1_2_relaxed_B	LevyLab_Q8XBC7_V1_2_relaxed_B 	2.834E+00	0.034	21	2	106	108	67	155	328	115	0.972	0.271
LOKIASV2_0983_ESMFold_hypothetical_protein	ProtVar_O95455_Q9UIC8-2_A	ProtVar_O95455_Q9UIC8-2_A 	2.203E+00	0.034	21	1	108	108	16	99	350	118	1.000	0.240
LOKIASV2_0983_ESMFold_hypothetical_protein	LevyLab_Q8U108_V1_2_relaxed_B	LevyLab_Q8U108_V1_2_relaxed_B 	1.711E+00	0.034	21	3	89	108	45	117	356	96	0.806	0.205
LOKIASV2_0983_ESMFold_hypothetical_protein	LevyLab_E7FHT9_V1_5_relaxed_B	LevyLab_E7FHT9_V1_5_relaxed_B 	1.509E+00	0.034	21	2	100	108	164	242	363	105	0.917	0.218
LOKIASV2_0983_ESMFold_hypothetical_protein	ProtVar_O60256_O60256_A	ProtVar_O60256_O60256_A 	4.407E+00	0.034	21	4	100	108	266	350	369	104	0.898	0.230
LOKIASV2_0983_ESMFold_hypothetical_protein	LevyLab_Q8U2R1_V1_1_relaxed_B	LevyLab_Q8U2R1_V1_1_relaxed_B 	4.138E+00	0.034	21	13	107	108	255	355	390	111	0.880	0.259
LOKIASV2_0983_ESMFold_hypothetical_protein	LevyLab_P61883_V1_4_relaxed_B	LevyLab_P61883_V1_4_relaxed_B 	7.299E+00	0.034	21	14	101	108	305	390	410	94	0.815	0.210
LOKIASV2_0983_ESMFold_hypothetical_protein	ProtVar_P01857_Q8CK83_B	ProtVar_P01857_Q8CK83_B 	5.000E+00	0.034	21	1	106	108	11	85	424	109	0.981	0.177
LOKIASV2_0983_ESMFold_hypothetical_protein	ProtVar_P05412_P17980_B	ProtVar_P05412_P17980_B 	7.540E-01	0.034	21	3	108	108	221	335	439	140	0.981	0.262
LOKIASV2_0983_ESMFold_hypothetical_protein	ProtVar_P39687_Q8ZFX5_B	ProtVar_P39687_Q8ZFX5_B 	2.068E+00	0.034	21	2	106	108	240	353	443	120	0.972	0.257
LOKIASV2_0983_ESMFold_hypothetical_protein	ProtVar_O75351_P53990_A	ProtVar_O75351_P53990_A 	1.033E+00	0.034	21	3	106	108	168	299	444	144	0.963	0.297
LOKIASV2_0983_ESMFold_hypothetical_protein	LevyLab_P0AEA9_V1_5_relaxed_B	LevyLab_P0AEA9_V1_5_relaxed_B 	1.711E+00	0.034	21	4	93	108	15	107	457	116	0.833	0.204
LOKIASV2_0983_ESMFold_hypothetical_protein	LevyLab_Q8XCC6_V1_3_relaxed_B	LevyLab_Q8XCC6_V1_3_relaxed_B 	1.416E+00	0.034	21	4	91	108	148	206	486	91	0.815	0.121
LOKIASV2_0983_ESMFold_hypothetical_protein	LevyLab_P19224_V1_3_relaxed_A	LevyLab_P19224_V1_3_relaxed_A 	2.661E+00	0.034	21	2	75	108	26	90	532	79	0.685	0.122
LOKIASV2_0983_ESMFold_hypothetical_protein	ProtVar_Q7L5D6_Q8IYJ1_B	ProtVar_Q7L5D6_Q8IYJ1_B 	1.711E+00	0.034	21	16	96	108	411	501	553	101	0.750	0.165
LOKIASV2_0983_ESMFold_hypothetical_protein	ProtVar_O15479_Q8NHQ9_B	ProtVar_O15479_Q8NHQ9_B 	2.346E+00	0.034	21	1	108	108	82	226	600	147	1.000	0.242
LOKIASV2_0983_ESMFold_hypothetical_protein	ProtVar_P02462_Q8NBJ5_B	ProtVar_P02462_Q8NBJ5_B 	5.000E+00	0.034	21	1	92	108	51	123	622	97	0.852	0.117
LOKIASV2_0983_ESMFold_hypothetical_protein	ProtVar_O43143_Q8K363_B	ProtVar_O43143_Q8K363_B 	1.823E+00	0.034	21	4	106	108	244	377	660	136	0.954	0.203
LOKIASV2_0983_ESMFold_hypothetical_protein	ProtVar_P05981_Q09328_B	ProtVar_P05981_Q09328_B 	2.834E+00	0.034	21	2	106	108	446	514	741	111	0.972	0.093
LOKIASV2_0983_ESMFold_hypothetical_protein	ProtVar_Q86X52_Q9P2E5_B	ProtVar_Q86X52_Q9P2E5_B 	1.823E+00	0.034	21	2	100	108	487	582	772	117	0.917	0.124
LOKIASV2_0983_ESMFold_hypothetical_protein	LevyLab_P21672_V1_2_relaxed_B	LevyLab_P21672_V1_2_relaxed_B 	3.648E+00	0.034	21	1	100	108	215	344	869	138	0.926	0.150
LOKIASV2_0983_ESMFold_hypothetical_protein	LevyLab_P38427_V1_1_relaxed_B	LevyLab_P38427_V1_1_relaxed_B 	3.885E+00	0.034	21	1	67	108	826	881	1098	70	0.620	0.051
LOKIASV2_0983_ESMFold_hypothetical_protein	LevyLab_Q8XBT3_V1_4_relaxed_B	LevyLab_Q8XBT3_V1_4_relaxed_B 	1.172E+00	0.029	20	1	100	108	1	102	142	117	0.926	0.718
LOKIASV2_0983_ESMFold_hypothetical_protein	LevyLab_Q8X7C2_V1_5_relaxed_B	LevyLab_Q8X7C2_V1_5_relaxed_B 	1.942E+00	0.029	20	2	108	108	29	180	196	155	0.991	0.776
LOKIASV2_0983_ESMFold_hypothetical_protein	ProtVar_P23786_Q9UHK6-2_B	ProtVar_P23786_Q9UHK6-2_B 	2.834E+00	0.029	20	4	90	108	8	106	229	115	0.806	0.432
LOKIASV2_0983_ESMFold_hypothetical_protein	LevyLab_Q8X840_V1_3_relaxed_B	LevyLab_Q8X840_V1_3_relaxed_B 	7.299E+00	0.029	20	2	108	108	105	248	275	155	0.991	0.524
LOKIASV2_0983_ESMFold_hypothetical_protein	ProtVar_Q8NBU5_Q9NX40_A	ProtVar_Q8NBU5_Q9NX40_A 	3.215E+00	0.029	20	3	106	108	127	256	361	151	0.963	0.360
LOKIASV2_0983_ESMFold_hypothetical_protein	ProtVar_O95139_P19526_B	ProtVar_O95139_P19526_B 	2.068E+00	0.029	20	4	97	108	215	362	365	158	0.870	0.405
LOKIASV2_0983_ESMFold_hypothetical_protein	LevyLab_Q8U430_V1_3_relaxed_B	LevyLab_Q8U430_V1_3_relaxed_B 	5.000E+00	0.029	20	2	68	108	124	207	395	92	0.620	0.213
LOKIASV2_0983_ESMFold_hypothetical_protein	ProtVar_O00584_Q96I99_B	ProtVar_O00584_Q96I99_B 	1.509E+00	0.029	20	1	108	108	300	416	432	145	1.000	0.271
LOKIASV2_0983_ESMFold_hypothetical_protein	LevyLab_P20049_V1_4_relaxed_B	LevyLab_P20049_V1_4_relaxed_B 	2.499E+00	0.029	20	2	107	108	13	174	452	176	0.981	0.358
LOKIASV2_0983_ESMFold_hypothetical_protein	LevyLab_P54885_V1_3_relaxed_B	LevyLab_P54885_V1_3_relaxed_B 	3.215E+00	0.029	20	2	107	108	114	205	456	113	0.981	0.202
LOKIASV2_0983_ESMFold_hypothetical_protein	LevyLab_P38169_V1_2_relaxed_B	LevyLab_P38169_V1_2_relaxed_B 	4.694E+00	0.029	20	1	35	108	1	32	460	35	0.324	0.070
LOKIASV2_0983_ESMFold_hypothetical_protein	LevyLab_Q8XE74_V1_3_relaxed_B	LevyLab_Q8XE74_V1_3_relaxed_B 	9.393E+00	0.029	20	4	37	108	178	210	482	34	0.315	0.068
LOKIASV2_0983_ESMFold_hypothetical_protein	ProtVar_Q9H596_Q9UBL6-2_B	ProtVar_Q9H596_Q9UBL6-2_B 	1.823E+00	0.029	20	14	96	108	410	513	558	116	0.769	0.186
LOKIASV2_0983_ESMFold_hypothetical_protein	ProtVar_O60568_Q96P44-3_B	ProtVar_O60568_Q96P44-3_B 	4.138E+00	0.029	20	9	100	108	114	206	954	101	0.852	0.097
LOKIASV2_0983_ESMFold_hypothetical_protein	ProtVar_Q2UY09_Q8IVL5_A	ProtVar_Q2UY09_Q8IVL5_A 	4.138E+00	0.029	20	14	100	108	877	974	1125	106	0.806	0.087
LOKIASV2_0983_ESMFold_hypothetical_protein	ProtVar_P20701_Q08722_A	ProtVar_P20701_Q08722_A 	1.711E+00	0.029	20	18	100	108	234	326	1170	106	0.769	0.079
LOKIASV2_0983_ESMFold_hypothetical_protein	ProtVar_O60613_Q9NYU2_B	ProtVar_O60613_Q9NYU2_B 	2.346E+00	0.029	20	2	91	108	1253	1319	1555	96	0.833	0.043
LOKIASV2_0983_ESMFold_hypothetical_protein	ProtVar_P62745_Q9BQI5_A	ProtVar_P62745_Q9BQI5_A 	5.000E+00	0.024	19	3	107	108	6	159	196	163	0.972	0.786
LOKIASV2_0983_ESMFold_hypothetical_protein	LevyLab_P58357_V1_5_relaxed_B	LevyLab_P58357_V1_5_relaxed_B 	2.203E+00	0.024	19	1	100	108	1	112	230	116	0.926	0.487
LOKIASV2_0983_ESMFold_hypothetical_protein	LevyLab_Q8U423_V1_3_relaxed_B	LevyLab_Q8U423_V1_3_relaxed_B 	3.425E+00	0.024	19	1	96	108	27	97	283	96	0.889	0.251
LOKIASV2_0983_ESMFold_hypothetical_protein	ProtVar_O75596_Q14232_B	ProtVar_O75596_Q14232_B 	5.672E+00	0.024	19	2	106	108	122	195	305	105	0.972	0.243
LOKIASV2_0983_ESMFold_hypothetical_protein	LevyLab_Q8U2A3_V1_4_relaxed_B	LevyLab_Q8U2A3_V1_4_relaxed_B 	1.607E+00	0.024	19	3	100	108	21	146	332	131	0.907	0.380
LOKIASV2_0983_ESMFold_hypothetical_protein	ProtVar_P30511_Q92187_B	ProtVar_P30511_Q92187_B 	1.711E+00	0.024	19	3	103	108	140	251	359	131	0.935	0.312
LOKIASV2_0983_ESMFold_hypothetical_protein	ProtVar_O00233_P55036_B	ProtVar_O00233_P55036_B 	1.607E+00	0.024	19	2	101	108	106	186	377	109	0.926	0.215
LOKIASV2_0983_ESMFold_hypothetical_protein	ModelArchive_ma-sysbio-bei-18_C	ModelArchive_ma-sysbio-bei-18_C FtsZ3 - AlphaFold-Multimer model FtsZ3 - AlphaFold-Multimer model	4.407E+00	0.024	19	11	97	108	70	171	383	115	0.806	0.266
LOKIASV2_0983_ESMFold_hypothetical_protein	ProtVar_P04637_Q9P0Z9_B	ProtVar_P04637_Q9P0Z9_B 	6.041E+00	0.024	19	3	34	108	9	36	390	32	0.296	0.072
LOKIASV2_0983_ESMFold_hypothetical_protein	LevyLab_P39107_V1_4_relaxed_B	LevyLab_P39107_V1_4_relaxed_B 	2.661E+00	0.024	19	2	90	108	115	186	395	96	0.824	0.182
LOKIASV2_0983_ESMFold_hypothetical_protein	ProtVar_Q8N0V5_Q8TBE3_A	ProtVar_Q8N0V5_Q8TBE3_A 	2.346E+00	0.024	19	4	100	108	99	209	402	129	0.898	0.276
LOKIASV2_0983_ESMFold_hypothetical_protein	LevyLab_Q8X8T3_V1_3_relaxed_B	LevyLab_Q8X8T3_V1_3_relaxed_B 	3.648E+00	0.024	19	1	107	108	236	331	434	118	0.991	0.221
LOKIASV2_0983_ESMFold_hypothetical_protein	ProtVar_Q2M2I3_Q2M2I3_B	ProtVar_Q2M2I3_Q2M2I3_B 	6.853E+00	0.024	19	2	67	108	154	217	478	70	0.611	0.134
LOKIASV2_0983_ESMFold_hypothetical_protein	LevyLab_Q6NUS8_V1_3_relaxed_B	LevyLab_Q6NUS8_V1_3_relaxed_B 	5.672E+00	0.024	19	2	75	108	22	88	523	77	0.685	0.128
LOKIASV2_0983_ESMFold_hypothetical_protein	ProtVar_Q4G176_Q6P587-2_A	ProtVar_Q4G176_Q6P587-2_A 	4.407E+00	0.024	19	2	90	108	95	169	576	89	0.824	0.130
LOKIASV2_0983_ESMFold_hypothetical_protein	ProtVar_Q8N2H3_Q9Y5Y3_A	ProtVar_Q8N2H3_Q9Y5Y3_A 	6.041E+00	0.024	19	2	44	108	35	73	581	43	0.398	0.067
LOKIASV2_0983_ESMFold_hypothetical_protein	ProtVar_Q9UBL6_Q9UBR4_A	ProtVar_Q9UBL6_Q9UBR4_A 	2.499E+00	0.024	19	14	96	108	485	588	633	118	0.769	0.164
LOKIASV2_0983_ESMFold_hypothetical_protein	ProtVar_P08247_Q6P1M0_B	ProtVar_P08247_Q6P1M0_B 	2.203E+00	0.024	19	3	96	108	127	224	643	111	0.870	0.152
LOKIASV2_0983_ESMFold_hypothetical_protein	ProtVar_O60518_Q96TA2-2_B	ProtVar_O60518_Q96TA2-2_B 	1.033E+00	0.024	19	1	106	108	314	446	716	148	0.981	0.186
LOKIASV2_0983_ESMFold_hypothetical_protein	LevyLab_P32795_V1_5_relaxed_B	LevyLab_P32795_V1_5_relaxed_B 	1.101E+00	0.024	19	1	106	108	313	444	747	148	0.981	0.177
LOKIASV2_0983_ESMFold_hypothetical_protein	LevyLab_P39925_V1_3_relaxed_A	LevyLab_P39925_V1_3_relaxed_A 	6.646E-01	0.024	19	1	106	108	320	456	761	148	0.981	0.180
LOKIASV2_0983_ESMFold_hypothetical_protein	ProtVar_Q9H6Y7_Q9Y4W6_B	ProtVar_Q9H6Y7_Q9Y4W6_B 	1.416E+00	0.024	19	2	90	108	341	451	797	125	0.824	0.139
LOKIASV2_0983_ESMFold_hypothetical_protein	ProtVar_Q70JA7_Q9P2E5-2_A	ProtVar_Q70JA7_Q9P2E5-2_A 	1.509E+00	0.024	19	2	100	108	619	707	882	112	0.917	0.101
LOKIASV2_0983_ESMFold_hypothetical_protein	Predictome_04fvido_ASTE1_HUMAN__AFG2A_HUMAN__1572aa_unrelaxed_af2mv3_model_1_B	Predictome_04fvido_ASTE1_HUMAN__AFG2A_HUMAN__1572aa_unrelaxed_af2mv3_model_1_B 	1.416E+00	0.024	19	2	90	108	387	497	893	122	0.824	0.124
LOKIASV2_0983_ESMFold_hypothetical_protein	ModelArchive_ma-bak-cepc-0971_A	ModelArchive_ma-bak-cepc-0971_A Predicted interaction between DIS3 and SKI6 Predicted interaction between DIS3 and SKI6	2.661E+00	0.024	19	2	97	108	85	224	1001	147	0.889	0.140
LOKIASV2_0983_ESMFold_hypothetical_protein	ProtVar_Q6UVM3_Q9BXS4_A	ProtVar_Q6UVM3_Q9BXS4_A 	1.607E+00	0.024	19	1	106	108	298	436	1135	143	0.981	0.122
LOKIASV2_0983_ESMFold_hypothetical_protein	ModelArchive_ma-rap-bacsu-016_A	ModelArchive_ma-rap-bacsu-016_A Predicted interaction between cheY and cheC Predicted interaction between cheY and cheC	3.425E+00	0.020	18	1	102	108	1	119	120	139	0.944	0.992
LOKIASV2_0983_ESMFold_hypothetical_protein	ModelArchive_ma-rap-bacsu-072_A	ModelArchive_ma-rap-bacsu-072_A Predicted interaction between mgsA and crh Predicted interaction between mgsA and crh	2.346E+00	0.020	18	4	107	108	2	108	137	132	0.963	0.781
LOKIASV2_0983_ESMFold_hypothetical_protein	LevyLab_P0A732_V1_5_relaxed_B	LevyLab_P0A732_V1_5_relaxed_B 	1.711E+00	0.020	18	2	101	108	11	129	152	134	0.926	0.783
LOKIASV2_0983_ESMFold_hypothetical_protein	ModelArchive_ma-rap-bacsu-035_A	ModelArchive_ma-rap-bacsu-035_A Predicted interaction between ykuN and queE Predicted interaction between ykuN and queE	2.203E+00	0.020	18	1	90	108	1	124	158	138	0.833	0.785
LOKIASV2_0983_ESMFold_hypothetical_protein	LevyLab_Q8X4B4_V1_5_relaxed_B	LevyLab_Q8X4B4_V1_5_relaxed_B 	1.942E+00	0.020	18	1	105	108	1	138	198	138	0.972	0.697
LOKIASV2_0983_ESMFold_hypothetical_protein	LevyLab_Q8X5I8_V1_4_relaxed_B	LevyLab_Q8X5I8_V1_4_relaxed_B 	5.000E+00	0.020	18	3	104	108	2	125	209	142	0.944	0.593
LOKIASV2_0983_ESMFold_hypothetical_protein	ModelArchive_ma-hxt70_E	ModelArchive_ma-hxt70_E Structure of Rad26 in complex with RNA polymerase II in APO state Structure of Rad26 in complex with RNA polymerase II in APO state	2.203E+00	0.020	18	5	100	108	80	167	215	105	0.889	0.409
LOKIASV2_0983_ESMFold_hypothetical_protein	LevyLab_P0AFJ6_V1_5_relaxed_B	LevyLab_P0AFJ6_V1_5_relaxed_B 	3.885E+00	0.020	18	1	100	108	1	118	229	131	0.926	0.515
LOKIASV2_0983_ESMFold_hypothetical_protein	LevyLab_Q8U4B3_V1_5_relaxed_B	LevyLab_Q8U4B3_V1_5_relaxed_B 	2.661E+00	0.020	18	4	106	108	2	123	230	129	0.954	0.530
LOKIASV2_0983_ESMFold_hypothetical_protein	ProtVar_P24386_Q9NX57_B	ProtVar_P24386_Q9NX57_B 	3.019E+00	0.020	18	2	106	108	5	182	234	189	0.972	0.761
LOKIASV2_0983_ESMFold_hypothetical_protein	LevyLab_P0AA18_V1_5_relaxed_B	LevyLab_P0AA18_V1_5_relaxed_B 	5.672E+00	0.020	18	1	100	108	1	118	239	133	0.926	0.494
LOKIASV2_0983_ESMFold_hypothetical_protein	LevyLab_Q8XE10_V1_4_relaxed_B	LevyLab_Q8XE10_V1_4_relaxed_B 	1.942E+00	0.020	18	1	106	108	1	203	252	205	0.981	0.806
LOKIASV2_0983_ESMFold_hypothetical_protein	ProtVar_P32246_Q9BPW9-3_B	ProtVar_P32246_Q9BPW9-3_B 	3.215E+00	0.020	18	2	100	108	28	95	279	103	0.917	0.244
LOKIASV2_0983_ESMFold_hypothetical_protein	LevyLab_Q8U0K0_V1_2_relaxed_B	LevyLab_Q8U0K0_V1_2_relaxed_B 	3.215E+00	0.020	18	3	103	108	155	281	290	138	0.935	0.438
LOKIASV2_0983_ESMFold_hypothetical_protein	LevyLab_P0AAB7_V1_5_relaxed_B	LevyLab_P0AAB7_V1_5_relaxed_B 	8.030E-01	0.020	18	1	91	108	1	104	297	120	0.843	0.350
LOKIASV2_0983_ESMFold_hypothetical_protein	ProtVar_P37058_Q562R1_A	ProtVar_P37058_Q562R1_A 	4.407E+00	0.020	18	14	104	108	40	128	310	109	0.843	0.287
LOKIASV2_0983_ESMFold_hypothetical_protein	ProtVar_Q96GA7_Q96GA7_A	ProtVar_Q96GA7_Q96GA7_A 	4.407E+00	0.020	18	3	106	108	65	138	329	109	0.963	0.225
LOKIASV2_0983_ESMFold_hypothetical_protein	LevyLab_P32419_V1_5_relaxed_B	LevyLab_P32419_V1_5_relaxed_B 	3.885E+00	0.020	18	1	67	108	1	74	343	80	0.620	0.216
LOKIASV2_0983_ESMFold_hypothetical_protein	ProtVar_Q9UGM6_Q9UGM6_B	ProtVar_Q9UGM6_Q9UGM6_B 	2.661E+00	0.020	18	2	93	108	33	116	360	100	0.852	0.233
LOKIASV2_0983_ESMFold_hypothetical_protein	LevyLab_P49585_V1_2_relaxed_A	LevyLab_P49585_V1_2_relaxed_A 	2.834E+00	0.020	18	4	100	108	79	211	367	139	0.898	0.362
LOKIASV2_0983_ESMFold_hypothetical_protein	ModelArchive_ma-rap-bacsu-121_B	ModelArchive_ma-rap-bacsu-121_B Predicted interaction between sucD and sucC Predicted interaction between sucD and sucC	2.203E+00	0.020	18	1	108	108	256	372	385	145	1.000	0.304
LOKIASV2_0983_ESMFold_hypothetical_protein	LevyLab_P35998_V1_2_relaxed_A	LevyLab_P35998_V1_2_relaxed_A 	2.346E+00	0.020	18	5	106	108	239	342	433	116	0.944	0.240
LOKIASV2_0983_ESMFold_hypothetical_protein	ProtVar_P20339_P39958_B	ProtVar_P20339_P39958_B 	3.648E+00	0.020	18	1	64	108	6	76	451	74	0.593	0.157
LOKIASV2_0983_ESMFold_hypothetical_protein	LevyLab_Q687X5_V1_1_relaxed_A	LevyLab_Q687X5_V1_1_relaxed_A 	2.346E+00	0.020	18	3	108	108	20	134	459	122	0.981	0.251
LOKIASV2_0983_ESMFold_hypothetical_protein	LevyLab_Q8IYT4_V1_4_relaxed_B	LevyLab_Q8IYT4_V1_4_relaxed_B 	3.425E+00	0.020	18	2	90	108	287	421	538	148	0.824	0.251
LOKIASV2_0983_ESMFold_hypothetical_protein	ProtVar_O15091_Q9UK00_A	ProtVar_O15091_Q9UK00_A 	4.138E+00	0.020	18	3	85	108	405	511	583	121	0.769	0.184
LOKIASV2_0983_ESMFold_hypothetical_protein	ProtVar_Q92802_Q9Y3C6_A	ProtVar_Q92802_Q9Y3C6_A 	2.834E+00	0.020	18	4	107	108	404	502	583	120	0.963	0.170
LOKIASV2_0983_ESMFold_hypothetical_protein	ProtVar_O95231_Q5T4B2_B	ProtVar_O95231_Q5T4B2_B 	6.434E+00	0.020	18	1	67	108	30	96	595	72	0.620	0.113
LOKIASV2_0983_ESMFold_hypothetical_protein	ProtVar_O43252_O95340-2_A	ProtVar_O43252_O95340-2_A 	1.607E+00	0.020	18	2	106	108	52	155	624	120	0.972	0.167
LOKIASV2_0983_ESMFold_hypothetical_protein	LevyLab_P00815_V1_3_relaxed_A	LevyLab_P00815_V1_3_relaxed_A 	5.325E+00	0.020	18	2	108	108	596	693	799	118	0.991	0.123
LOKIASV2_0983_ESMFold_hypothetical_protein	ProtVar_Q96S79_Q9UL12_B	ProtVar_Q96S79_Q9UL12_B 	8.280E+00	0.020	18	1	34	108	66	96	918	35	0.315	0.034
LOKIASV2_0983_ESMFold_hypothetical_protein	ProtVar_O14967_P10253_B	ProtVar_O14967_P10253_B 	3.885E+00	0.020	18	4	68	108	372	441	952	79	0.602	0.074
LOKIASV2_0983_ESMFold_hypothetical_protein	ProtVar_P00533_P06401_A	ProtVar_P00533_P06401_A 	4.694E+00	0.020	18	3	68	108	335	406	1210	78	0.611	0.060
LOKIASV2_0983_ESMFold_hypothetical_protein	ProtVar_Q562R1_Q8TCA0-3_B	ProtVar_Q562R1_Q8TCA0-3_B 	4.138E+00	0.016	17	2	107	108	24	120	128	121	0.981	0.758
LOKIASV2_0983_ESMFold_hypothetical_protein	ProtVar_A2VDF0_Q9BVJ7_A	ProtVar_A2VDF0_Q9BVJ7_A 	4.694E+00	0.016	17	4	106	108	47	131	154	110	0.954	0.552
LOKIASV2_0983_ESMFold_hypothetical_protein	ModelArchive_ma-bak-cepc-0254_B	ModelArchive_ma-bak-cepc-0254_B Predicted interaction between PEX4 and PEX22 Predicted interaction between PEX4 and PEX22	4.407E+00	0.016	17	2	99	108	60	179	180	129	0.907	0.667
LOKIASV2_0983_ESMFold_hypothetical_protein	LevyLab_Q8TZZ0_V1_5_relaxed_B	LevyLab_Q8TZZ0_V1_5_relaxed_B 	4.138E+00	0.016	17	4	100	108	3	74	201	97	0.898	0.358
LOKIASV2_0983_ESMFold_hypothetical_protein	ProtVar_P42568_Q83AV9_B	ProtVar_P42568_Q83AV9_B 	6.434E+00	0.016	17	1	100	108	27	199	205	179	0.926	0.844
LOKIASV2_0983_ESMFold_hypothetical_protein	ModelArchive_ma-sysbio-bei-06_B	ModelArchive_ma-sysbio-bei-06_B AcpP-FabG - AlphaFold-Multimer model AcpP-FabG - AlphaFold-Multimer model	4.138E+00	0.016	17	3	107	108	81	237	244	163	0.972	0.643
LOKIASV2_0983_ESMFold_hypothetical_protein	LevyLab_Q8U171_V1_5_relaxed_B	LevyLab_Q8U171_V1_5_relaxed_B 	1.607E+00	0.016	17	1	90	108	3	95	283	112	0.833	0.329
LOKIASV2_0983_ESMFold_hypothetical_protein	ProtVar_A0PK11_Q9Y394-2_B	ProtVar_A0PK11_Q9Y394-2_B 	4.694E+00	0.016	17	4	90	108	2	59	289	87	0.806	0.201
LOKIASV2_0983_ESMFold_hypothetical_protein	LevyLab_Q8TZU7_V1_3_relaxed_B	LevyLab_Q8TZU7_V1_3_relaxed_B 	9.393E+00	0.016	17	3	76	108	127	184	294	74	0.685	0.197
LOKIASV2_0983_ESMFold_hypothetical_protein	LevyLab_P0A9J7_V1_2_relaxed_B	LevyLab_P0A9J7_V1_2_relaxed_B 	8.819E+00	0.016	17	11	67	108	118	165	309	57	0.528	0.155
LOKIASV2_0983_ESMFold_hypothetical_protein	ModelArchive_ma-bak-cepc-1027_B	ModelArchive_ma-bak-cepc-1027_B Predicted interaction between ATP16 and ATP3 Predicted interaction between ATP16 and ATP3	2.346E+00	0.016	17	3	90	108	104	162	311	94	0.815	0.190
LOKIASV2_0983_ESMFold_hypothetical_protein	ProtVar_O14965_P49247_B	ProtVar_O14965_P49247_B 	3.215E+00	0.016	17	1	68	108	95	195	311	105	0.630	0.325
LOKIASV2_0983_ESMFold_hypothetical_protein	ProtVar_Q8IW45_Q8N9N8_A	ProtVar_Q8IW45_Q8N9N8_A 	4.138E+00	0.016	17	1	90	108	72	203	347	133	0.833	0.380
LOKIASV2_0983_ESMFold_hypothetical_protein	LevyLab_P38071_V1_5_relaxed_B	LevyLab_P38071_V1_5_relaxed_B 	2.499E+00	0.016	17	2	102	108	176	321	380	149	0.935	0.384
LOKIASV2_0983_ESMFold_hypothetical_protein	LevyLab_Q8XBR7_V1_3_relaxed_B	LevyLab_Q8XBR7_V1_3_relaxed_B 	3.425E+00	0.016	17	1	90	108	6	123	416	124	0.833	0.284
LOKIASV2_0983_ESMFold_hypothetical_protein	LevyLab_P67066_V1_2_relaxed_B	LevyLab_P67066_V1_2_relaxed_B 	4.407E+00	0.016	17	2	106	108	319	414	420	119	0.972	0.229
LOKIASV2_0983_ESMFold_hypothetical_protein	LevyLab_Q8X5X1_V1_4_relaxed_B	LevyLab_Q8X5X1_V1_4_relaxed_B 	8.280E+00	0.016	17	3	34	108	7	34	429	32	0.296	0.065
LOKIASV2_0983_ESMFold_hypothetical_protein	ProtVar_Q86UY5_Q86UY5_A	ProtVar_Q86UY5_Q86UY5_A 	3.019E+00	0.016	17	2	90	108	159	222	434	91	0.824	0.147
LOKIASV2_0983_ESMFold_hypothetical_protein	ProtVar_O95149_O95395_B	ProtVar_O95149_O95395_B 	3.885E+00	0.016	17	4	105	108	136	227	438	121	0.944	0.210
LOKIASV2_0983_ESMFold_hypothetical_protein	LevyLab_Q8X7P2_V1_4_relaxed_B	LevyLab_Q8X7P2_V1_4_relaxed_B 	2.661E+00	0.016	17	2	94	108	144	242	464	110	0.861	0.213
LOKIASV2_0983_ESMFold_hypothetical_protein	ProtVar_O15229_P46952_A	ProtVar_O15229_P46952_A 	5.325E+00	0.016	17	1	54	108	7	53	486	55	0.500	0.097
LOKIASV2_0983_ESMFold_hypothetical_protein	ProtVar_O00481_Q5VV42-2_B	ProtVar_O00481_Q5VV42-2_B 	4.407E+00	0.016	17	4	91	108	219	324	488	118	0.815	0.217
LOKIASV2_0983_ESMFold_hypothetical_protein	LevyLab_P65471_V1_3_relaxed_B	LevyLab_P65471_V1_3_relaxed_B 	4.694E+00	0.016	17	2	106	108	373	462	491	122	0.972	0.183
LOKIASV2_0983_ESMFold_hypothetical_protein	ModelArchive_ma-bak-cepc-0020_A	ModelArchive_ma-bak-cepc-0020_A Predicted interaction between NCS2 and ALB1 Predicted interaction between NCS2 and ALB1	3.215E+00	0.016	17	1	96	108	60	150	493	114	0.889	0.185
LOKIASV2_0983_ESMFold_hypothetical_protein	ModelArchive_ma-rap-bacsu-063_A	ModelArchive_ma-rap-bacsu-063_A Predicted interaction between gltB and gltA Predicted interaction between gltB and gltA	7.774E+00	0.016	17	1	106	108	151	243	493	112	0.981	0.189
LOKIASV2_0983_ESMFold_hypothetical_protein	ProtVar_P35504_Q8WVV5_A	ProtVar_P35504_Q8WVV5_A 	3.019E+00	0.016	17	2	100	108	28	95	534	106	0.917	0.127
LOKIASV2_0983_ESMFold_hypothetical_protein	Predictome_099eg4x_MUS81_HUMAN__MSH3_HUMAN__1688aa_unrelaxed_af2mv3_model_1_A	Predictome_099eg4x_MUS81_HUMAN__MSH3_HUMAN__1688aa_unrelaxed_af2mv3_model_1_A 	3.215E+00	0.016	17	15	100	108	346	414	551	89	0.796	0.125
LOKIASV2_0983_ESMFold_hypothetical_protein	ProtVar_Q13057_Q6UXV4_A	ProtVar_Q13057_Q6UXV4_A 	4.407E+00	0.016	17	4	108	108	8	151	564	155	0.972	0.255
LOKIASV2_0983_ESMFold_hypothetical_protein	LevyLab_P36076_V1_4_relaxed_B	LevyLab_P36076_V1_4_relaxed_B 	2.499E+00	0.016	17	2	106	108	307	468	571	165	0.972	0.284
LOKIASV2_0983_ESMFold_hypothetical_protein	ProtVar_P06132_Q9HCH3_B	ProtVar_P06132_Q9HCH3_B 	5.325E+00	0.016	17	15	93	108	439	527	593	97	0.731	0.150
LOKIASV2_0983_ESMFold_hypothetical_protein	ProtVar_O95747_O95831-3_B	ProtVar_O95747_O95831-3_B 	3.425E+00	0.016	17	2	88	108	296	361	609	88	0.806	0.108
LOKIASV2_0983_ESMFold_hypothetical_protein	ProtVar_O00217_P31040_B	ProtVar_O00217_P31040_B 	7.774E+00	0.016	17	3	38	108	63	95	664	37	0.333	0.050
LOKIASV2_0983_ESMFold_hypothetical_protein	LevyLab_A0A0H3JFP5_V1_4_relaxed_B	LevyLab_A0A0H3JFP5_V1_4_relaxed_B 	5.325E+00	0.016	17	3	89	108	601	721	753	124	0.806	0.161
LOKIASV2_0983_ESMFold_hypothetical_protein	ProtVar_P13164_P40939_B	ProtVar_P13164_P40939_B 	3.885E+00	0.016	17	2	90	108	361	474	763	117	0.824	0.149
LOKIASV2_0983_ESMFold_hypothetical_protein	ProtVar_O60573_Q3V5L5-2_B	ProtVar_O60573_Q3V5L5-2_B 	6.434E+00	0.016	17	1	106	108	470	541	801	112	0.981	0.090
LOKIASV2_0983_ESMFold_hypothetical_protein	ProtVar_O00339_P27169_A	ProtVar_O00339_P27169_A 	4.694E+00	0.016	17	15	100	108	735	828	956	106	0.796	0.098
LOKIASV2_0983_ESMFold_hypothetical_protein	ProtVar_Q15437_Q6ZRV2_B	ProtVar_Q15437_Q6ZRV2_B 	6.434E+00	0.016	17	3	90	108	149	210	1179	89	0.815	0.053
LOKIASV2_0983_ESMFold_hypothetical_protein	ProtVar_O43314_Q99567_A	ProtVar_O43314_Q99567_A 	2.834E+00	0.016	17	4	86	108	45	121	1243	90	0.769	0.062
LOKIASV2_0983_ESMFold_hypothetical_protein	LevyLab_Q5T2L2_V1_1_relaxed_B	LevyLab_Q5T2L2_V1_1_relaxed_B 	8.280E+00	0.014	16	4	108	108	23	121	129	120	0.972	0.767
LOKIASV2_0983_ESMFold_hypothetical_protein	LevyLab_P67090_V1_3_relaxed_B	LevyLab_P67090_V1_3_relaxed_B 	3.425E+00	0.014	16	1	107	108	1	137	142	153	0.991	0.965
LOKIASV2_0983_ESMFold_hypothetical_protein	LevyLab_P0ABZ5_V1_2_relaxed_B	LevyLab_P0ABZ5_V1_2_relaxed_B 	2.499E+00	0.014	16	3	105	108	27	157	188	153	0.954	0.697
LOKIASV2_0983_ESMFold_hypothetical_protein	ProtVar_O00212_Q53LP3_A	ProtVar_O00212_Q53LP3_A 	7.774E+00	0.014	16	4	107	108	19	171	210	163	0.963	0.729
LOKIASV2_0983_ESMFold_hypothetical_protein	LevyLab_P0AGJ3_V1_1_relaxed_B	LevyLab_P0AGJ3_V1_1_relaxed_B 	5.325E+00	0.014	16	1	100	108	17	85	229	101	0.926	0.301
LOKIASV2_0983_ESMFold_hypothetical_protein	LevyLab_A0A0H3JK76_V1_5_relaxed_B	LevyLab_A0A0H3JK76_V1_5_relaxed_B 	6.434E+00	0.014	16	1	107	108	1	104	235	130	0.991	0.443
LOKIASV2_0983_ESMFold_hypothetical_protein	LevyLab_P0A9Q3_V1_3_relaxed_B	LevyLab_P0A9Q3_V1_3_relaxed_B 	6.853E+00	0.014	16	1	100	108	2	115	238	127	0.926	0.479
LOKIASV2_0983_ESMFold_hypothetical_protein	LevyLab_Q8U0Q5_V1_4_relaxed_B	LevyLab_Q8U0Q5_V1_4_relaxed_B 	3.885E+00	0.014	16	3	90	108	26	122	252	116	0.815	0.385
LOKIASV2_0983_ESMFold_hypothetical_protein	LevyLab_P0A860_V1_5_relaxed_B	LevyLab_P0A860_V1_5_relaxed_B 	4.694E+00	0.014	16	2	82	108	3	109	255	115	0.750	0.420
LOKIASV2_0983_ESMFold_hypothetical_protein	LevyLab_P58263_V1_3_relaxed_B	LevyLab_P58263_V1_3_relaxed_B 	7.299E+00	0.014	16	2	92	108	11	100	256	103	0.843	0.352
LOKIASV2_0983_ESMFold_hypothetical_protein	ProtVar_O60762_Q9P2X0_A	ProtVar_O60762_Q9P2X0_A 	6.853E+00	0.014	16	4	100	108	29	137	260	118	0.898	0.419
LOKIASV2_0983_ESMFold_hypothetical_protein	LevyLab_Q8U3H1_V1_3_relaxed_B	LevyLab_Q8U3H1_V1_3_relaxed_B 	8.280E+00	0.014	16	2	67	108	146	206	264	72	0.611	0.231
LOKIASV2_0983_ESMFold_hypothetical_protein	ProtVar_P05121_Q8NBQ5_B	ProtVar_P05121_Q8NBQ5_B 	6.434E+00	0.014	16	2	89	108	33	90	300	90	0.815	0.193
LOKIASV2_0983_ESMFold_hypothetical_protein	LevyLab_P40459_V1_5_relaxed_B	LevyLab_P40459_V1_5_relaxed_B 	4.138E+00	0.014	16	3	93	108	25	104	309	99	0.843	0.259
LOKIASV2_0983_ESMFold_hypothetical_protein	ProtVar_Q8N3Y7_Q9NU19_A	ProtVar_Q8N3Y7_Q9NU19_A 	8.280E+00	0.014	16	2	100	108	39	114	309	107	0.917	0.246
LOKIASV2_0983_ESMFold_hypothetical_protein	LevyLab_A6NNS2_V1_3_relaxed_B	LevyLab_A6NNS2_V1_3_relaxed_B 	6.041E+00	0.014	16	1	100	108	36	116	312	108	0.926	0.260
LOKIASV2_0983_ESMFold_hypothetical_protein	LevyLab_P29509_V1_5_relaxed_B	LevyLab_P29509_V1_5_relaxed_B 	2.661E+00	0.014	16	2	90	108	4	84	319	101	0.824	0.254
LOKIASV2_0983_ESMFold_hypothetical_protein	LevyLab_P36007_V1_2_relaxed_B	LevyLab_P36007_V1_2_relaxed_B 	5.325E+00	0.014	16	2	106	108	70	146	326	114	0.972	0.236
LOKIASV2_0983_ESMFold_hypothetical_protein	LevyLab_Q8U0K4_V1_2_relaxed_B	LevyLab_Q8U0K4_V1_2_relaxed_B 	7.299E+00	0.014	16	2	68	108	85	153	329	80	0.620	0.210
LOKIASV2_0983_ESMFold_hypothetical_protein	ProtVar_O95858_Q9UBQ6_B	ProtVar_O95858_Q9UBQ6_B 	1.942E+00	0.014	16	4	90	108	67	123	330	94	0.806	0.173
LOKIASV2_0983_ESMFold_hypothetical_protein	LevyLab_Q8XCA1_V1_3_relaxed_B	LevyLab_Q8XCA1_V1_3_relaxed_B 	2.499E+00	0.014	16	3	106	108	170	283	339	131	0.963	0.336
LOKIASV2_0983_ESMFold_hypothetical_protein	LevyLab_Q8U0F1_V1_3_relaxed_B	LevyLab_Q8U0F1_V1_3_relaxed_B 	7.299E+00	0.014	16	3	108	108	104	179	345	112	0.981	0.220
LOKIASV2_0983_ESMFold_hypothetical_protein	LevyLab_P38286_V1_3_relaxed_B	LevyLab_P38286_V1_3_relaxed_B 	6.434E+00	0.014	16	56	106	108	80	144	347	67	0.472	0.187
LOKIASV2_0983_ESMFold_hypothetical_protein	LevyLab_P36151_V1_3_relaxed_B	LevyLab_P36151_V1_3_relaxed_B 	4.407E+00	0.014	16	2	100	108	12	128	352	128	0.917	0.332
LOKIASV2_0983_ESMFold_hypothetical_protein	ProtVar_Q3KPI0_Q68CQ7_B	ProtVar_Q3KPI0_Q68CQ7_B 	3.885E+00	0.014	16	4	96	108	68	134	371	102	0.861	0.181
LOKIASV2_0983_ESMFold_hypothetical_protein	ModelArchive_ma-t3vr3-779_A	ModelArchive_ma-t3vr3-779_A Predicted interaction between HDAC1 (1-392) and SPEN (801-1000) Predicted interaction between HDAC1 (1-392) and SPEN (801-1000)	4.407E+00	0.014	16	2	106	108	168	298	392	143	0.972	0.334
LOKIASV2_0983_ESMFold_hypothetical_protein	LevyLab_Q7AHT0_V1_4_relaxed_B	LevyLab_Q7AHT0_V1_4_relaxed_B 	9.393E+00	0.014	16	1	34	108	5	34	428	34	0.315	0.070
LOKIASV2_0983_ESMFold_hypothetical_protein	LevyLab_Q8U2R7_V1_5_relaxed_B	LevyLab_Q8U2R7_V1_5_relaxed_B 	6.434E+00	0.014	16	4	67	108	2	83	429	89	0.593	0.191
LOKIASV2_0983_ESMFold_hypothetical_protein	ProtVar_Q14686_Q81WK3_B	ProtVar_Q14686_Q81WK3_B 	9.393E+00	0.014	16	1	36	108	2	34	434	36	0.333	0.076
LOKIASV2_0983_ESMFold_hypothetical_protein	ModelArchive_ma-low-csi-0338_A	ModelArchive_ma-low-csi-0338_A Predicted interaction between WARS1 and TNKS2 Predicted interaction between WARS1 and TNKS2	2.499E+00	0.014	16	2	97	108	154	243	471	109	0.889	0.191
LOKIASV2_0983_ESMFold_hypothetical_protein	LevyLab_P00549_V1_4_relaxed_B	LevyLab_P00549_V1_4_relaxed_B 	3.885E+00	0.014	16	2	68	108	21	84	500	78	0.620	0.128
LOKIASV2_0983_ESMFold_hypothetical_protein	ProtVar_O95741_O95994_A	ProtVar_O95741_O95994_A 	5.325E+00	0.014	16	15	93	108	420	509	557	100	0.731	0.162
LOKIASV2_0983_ESMFold_hypothetical_protein	ProtVar_Q8N4P2_Q9H4H8-2_B	ProtVar_Q8N4P2_Q9H4H8-2_B 	4.138E+00	0.014	16	2	90	108	143	207	569	92	0.824	0.114
LOKIASV2_0983_ESMFold_hypothetical_protein	ProtVar_P35052_Q9H1B5-2_B	ProtVar_P35052_Q9H1B5-2_B 	4.407E+00	0.014	16	4	100	108	236	309	638	108	0.898	0.116
LOKIASV2_0983_ESMFold_hypothetical_protein	ModelArchive_ma-rap-bacsu-108_A	ModelArchive_ma-rap-bacsu-108_A Predicted interaction between nrdE and yosR Predicted interaction between nrdE and yosR	8.280E+00	0.014	16	4	100	108	172	294	700	127	0.898	0.176
LOKIASV2_0983_ESMFold_hypothetical_protein	ProtVar_Q15654_Q9Y223_B	ProtVar_Q15654_Q9Y223_B 	3.215E+00	0.014	16	2	100	108	212	345	722	134	0.917	0.186
LOKIASV2_0983_ESMFold_hypothetical_protein	ProtVar_A0JNW5_Q8IZ41_B	ProtVar_A0JNW5_Q8IZ41_B 	6.434E+00	0.014	16	1	106	108	540	690	740	164	0.981	0.204
LOKIASV2_0983_ESMFold_hypothetical_protein	LevyLab_P07244_V1_1_relaxed_B	LevyLab_P07244_V1_1_relaxed_B 	2.068E+00	0.014	16	4	76	108	3	84	802	89	0.676	0.102
LOKIASV2_0983_ESMFold_hypothetical_protein	ProtVar_O14498_Q96F46_B	ProtVar_O14498_Q96F46_B 	4.407E+00	0.014	16	1	105	108	376	524	866	167	0.972	0.172
LOKIASV2_0983_ESMFold_hypothetical_protein	ProtVar_Q9BXP2_Q9H313-2_A	ProtVar_Q9BXP2_Q9H313-2_A 	3.648E+00	0.014	16	3	88	108	533	629	914	105	0.796	0.106
LOKIASV2_0983_ESMFold_hypothetical_protein	ModelArchive_ma-ji6ro_B	ModelArchive_ma-ji6ro_B Alphafold-Modeled structure prediction for entire Tungsten-containing formate dehydrogenase, comprising Beta and Alpha subunits from Cupriavidus necator H16 Alphafold-Modeled structure prediction for entire Tungsten-containing formate dehydrogenase, comprising Beta and Alpha subunits from Cupriavidus necator H16	6.041E+00	0.014	16	2	34	108	403	437	938	35	0.306	0.037
LOKIASV2_0983_ESMFold_hypothetical_protein	ProtVar_P05121_Q14697_B	ProtVar_P05121_Q14697_B 	6.853E+00	0.014	16	2	76	108	393	487	944	101	0.694	0.101
LOKIASV2_0983_ESMFold_hypothetical_protein	ProtVar_P18827_Q86Y38_B	ProtVar_P18827_Q86Y38_B 	4.407E+00	0.014	16	4	100	108	330	403	959	107	0.898	0.077
LOKIASV2_0983_ESMFold_hypothetical_protein	LevyLab_Q8X5Z3_V1_3_relaxed_B	LevyLab_Q8X5Z3_V1_3_relaxed_B 	6.041E+00	0.011	15	1	102	108	1	103	135	117	0.944	0.763
LOKIASV2_0983_ESMFold_hypothetical_protein	LevyLab_Q8U1K0_V1_1_relaxed_B	LevyLab_Q8U1K0_V1_1_relaxed_B 	4.138E+00	0.011	15	1	100	108	4	147	156	159	0.926	0.923
LOKIASV2_0983_ESMFold_hypothetical_protein	LevyLab_P0AE77_V1_3_relaxed_B	LevyLab_P0AE77_V1_3_relaxed_B 	4.138E+00	0.011	15	2	90	108	25	134	181	121	0.824	0.608
LOKIASV2_0983_ESMFold_hypothetical_protein	LevyLab_Q8U3K8_V1_5_relaxed_B	LevyLab_Q8U3K8_V1_5_relaxed_B 	7.299E+00	0.011	15	1	101	108	1	93	188	116	0.935	0.495
LOKIASV2_0983_ESMFold_hypothetical_protein	ProtVar_P15531_Q9BSD7_B	ProtVar_P15531_Q9BSD7_B 	8.280E+00	0.011	15	16	102	108	94	189	190	108	0.806	0.505
LOKIASV2_0983_ESMFold_hypothetical_protein	LevyLab_Q12335_V1_1_relaxed_B	LevyLab_Q12335_V1_1_relaxed_B 	3.648E+00	0.011	15	4	107	108	5	139	198	137	0.963	0.682
LOKIASV2_0983_ESMFold_hypothetical_protein	LevyLab_Q8TZP2_V1_3_relaxed_B	LevyLab_Q8TZP2_V1_3_relaxed_B 	5.672E+00	0.011	15	2	99	108	7	74	204	98	0.907	0.333
LOKIASV2_0983_ESMFold_hypothetical_protein	LevyLab_P0A7Z2_V1_3_relaxed_B	LevyLab_P0A7Z2_V1_3_relaxed_B 	2.346E+00	0.011	15	2	71	108	20	121	219	107	0.648	0.466
LOKIASV2_0983_ESMFold_hypothetical_protein	LevyLab_Q04304_V1_2_relaxed_B	LevyLab_Q04304_V1_2_relaxed_B 	2.661E+00	0.011	15	1	67	108	1	78	227	84	0.620	0.344
LOKIASV2_0983_ESMFold_hypothetical_protein	ProtVar_O95372_P61604_A	ProtVar_O95372_P61604_A 	6.853E+00	0.011	15	16	106	108	94	202	231	119	0.843	0.472
LOKIASV2_0983_ESMFold_hypothetical_protein	LevyLab_P0A842_V1_3_relaxed_B	LevyLab_P0A842_V1_3_relaxed_B 	8.280E+00	0.011	15	4	53	108	2	51	253	51	0.463	0.198
LOKIASV2_0983_ESMFold_hypothetical_protein	ProtVar_Q8IY57_Q8ZDA6_B	ProtVar_Q8IY57_Q8ZDA6_B 	3.425E+00	0.011	15	1	106	108	1	204	253	207	0.981	0.806
LOKIASV2_0983_ESMFold_hypothetical_protein	ModelArchive_ma-bak-cepc-0498_A	ModelArchive_ma-bak-cepc-0498_A Predicted interaction between RPN10 and RPN8 Predicted interaction between RPN10 and RPN8	4.138E+00	0.011	15	1	90	108	106	173	268	93	0.833	0.254
LOKIASV2_0983_ESMFold_hypothetical_protein	LevyLab_Q8U1R2_V1_5_relaxed_B	LevyLab_Q8U1R2_V1_5_relaxed_B 	6.041E+00	0.011	15	2	100	108	109	245	283	150	0.917	0.484
LOKIASV2_0983_ESMFold_hypothetical_protein	ProtVar_P49759_P50135_B	ProtVar_P49759_P50135_B 	3.885E+00	0.011	15	4	90	108	55	170	292	119	0.806	0.397
LOKIASV2_0983_ESMFold_hypothetical_protein	LevyLab_P0AG85_V1_5_relaxed_B	LevyLab_P0AG85_V1_5_relaxed_B 	6.853E+00	0.011	15	4	107	108	133	287	294	159	0.963	0.527
LOKIASV2_0983_ESMFold_hypothetical_protein	ProtVar_P62736_Q9Y5K3-2_B	ProtVar_P62736_Q9Y5K3-2_B 	3.885E+00	0.011	15	4	100	108	79	218	330	143	0.898	0.424
LOKIASV2_0983_ESMFold_hypothetical_protein	LevyLab_P36059_V1_3_relaxed_B	LevyLab_P36059_V1_3_relaxed_B 	4.694E+00	0.011	15	3	108	108	34	219	337	186	0.981	0.552
LOKIASV2_0983_ESMFold_hypothetical_protein	ProtVar_P22083_Q10981_B	ProtVar_P22083_Q10981_B 	6.853E+00	0.011	15	24	90	108	277	334	343	73	0.620	0.169
LOKIASV2_0983_ESMFold_hypothetical_protein	LevyLab_A0A0H3JHP7_V1_2_relaxed_B	LevyLab_A0A0H3JHP7_V1_2_relaxed_B 	3.885E+00	0.011	15	1	88	108	1	101	352	110	0.815	0.287
LOKIASV2_0983_ESMFold_hypothetical_protein	LevyLab_Q8U0F7_V1_3_relaxed_B	LevyLab_Q8U0F7_V1_3_relaxed_B 	4.407E+00	0.011	15	2	101	108	181	307	364	138	0.926	0.349
LOKIASV2_0983_ESMFold_hypothetical_protein	LevyLab_P40506_V1_4_relaxed_B	LevyLab_P40506_V1_4_relaxed_B 	6.041E+00	0.011	15	2	108	108	72	212	365	153	0.991	0.386
LOKIASV2_0983_ESMFold_hypothetical_protein	ProtVar_P26651_Q8ZHG0_B	ProtVar_P26651_Q8ZHG0_B 	3.425E+00	0.011	15	5	89	108	29	86	365	94	0.787	0.159
LOKIASV2_0983_ESMFold_hypothetical_protein	LevyLab_Q8U453_V1_4_relaxed_B	LevyLab_Q8U453_V1_4_relaxed_B 	3.885E+00	0.011	15	4	99	108	74	163	385	107	0.889	0.234
LOKIASV2_0983_ESMFold_hypothetical_protein	LevyLab_Q8XB21_V1_3_relaxed_B	LevyLab_Q8XB21_V1_3_relaxed_B 	8.819E+00	0.011	15	4	100	108	67	167	410	117	0.898	0.246
LOKIASV2_0983_ESMFold_hypothetical_protein	ProtVar_O14498_Q02742_B	ProtVar_O14498_Q02742_B 	8.819E+00	0.011	15	4	69	108	125	180	428	66	0.611	0.131
LOKIASV2_0983_ESMFold_hypothetical_protein	LevyLab_Q8U1M0_V1_2_relaxed_B	LevyLab_Q8U1M0_V1_2_relaxed_B 	4.407E+00	0.011	15	3	91	108	149	209	442	89	0.824	0.138
LOKIASV2_0983_ESMFold_hypothetical_protein	ProtVar_P20042_Q9NR50_B	ProtVar_P20042_Q9NR50_B 	5.325E+00	0.011	15	1	100	108	1	123	452	135	0.926	0.272
LOKIASV2_0983_ESMFold_hypothetical_protein	ProtVar_O75449_Q9H079_A	ProtVar_O75449_Q9H079_A 	4.138E+00	0.011	15	2	90	108	243	357	491	123	0.824	0.234
LOKIASV2_0983_ESMFold_hypothetical_protein	LevyLab_P48527_V1_3_relaxed_B	LevyLab_P48527_V1_3_relaxed_B 	3.215E+00	0.011	15	3	99	108	85	205	492	126	0.898	0.246
LOKIASV2_0983_ESMFold_hypothetical_protein	ProtVar_O43505_Q9H9S5_B	ProtVar_O43505_Q9H9S5_B 	6.434E+00	0.011	15	1	34	108	47	82	495	36	0.315	0.073
LOKIASV2_0983_ESMFold_hypothetical_protein	ProtVar_Q9BVL4_Q9NRM6_B	ProtVar_Q9BVL4_Q9NRM6_B 	6.041E+00	0.011	15	4	100	108	334	475	502	159	0.898	0.283
LOKIASV2_0983_ESMFold_hypothetical_protein	ProtVar_P31146_Q5NIE3_B	ProtVar_P31146_Q5NIE3_B 	6.041E+00	0.011	15	1	48	108	1	47	510	50	0.444	0.092
LOKIASV2_0983_ESMFold_hypothetical_protein	ModelArchive_ma-bak-cepc-0138_B	ModelArchive_ma-bak-cepc-0138_B Predicted interaction between NOP1 and DBP3 Predicted interaction between NOP1 and DBP3	5.325E+00	0.011	15	3	106	108	184	293	523	139	0.963	0.210
LOKIASV2_0983_ESMFold_hypothetical_protein	ProtVar_Q01740_Q7Z429_A	ProtVar_Q01740_Q7Z429_A 	3.648E+00	0.011	15	2	107	108	184	300	532	128	0.981	0.220
LOKIASV2_0983_ESMFold_hypothetical_protein	ProtVar_O43692_P30613-2_B	ProtVar_O43692_P30613-2_B 	4.694E+00	0.011	15	2	70	108	57	127	543	82	0.639	0.131
LOKIASV2_0983_ESMFold_hypothetical_protein	ProtVar_Q8N987_Q96A23_B	ProtVar_Q8N987_Q96A23_B 	3.648E+00	0.011	15	15	93	108	418	510	557	105	0.731	0.167
LOKIASV2_0983_ESMFold_hypothetical_protein	LevyLab_Q8XD37_V1_2_relaxed_A	LevyLab_Q8XD37_V1_2_relaxed_A 	3.648E+00	0.011	15	1	106	108	416	534	558	131	0.981	0.213
LOKIASV2_0983_ESMFold_hypothetical_protein	LevyLab_Q8NHH9_V1_5_relaxed_A	LevyLab_Q8NHH9_V1_5_relaxed_A 	6.041E+00	0.011	15	3	67	108	199	293	583	97	0.602	0.163
LOKIASV2_0983_ESMFold_hypothetical_protein	ProtVar_P48730_Q9H4H8_B	ProtVar_P48730_Q9H4H8_B 	6.041E+00	0.011	15	2	90	108	160	223	585	91	0.824	0.109
LOKIASV2_0983_ESMFold_hypothetical_protein	LevyLab_Q8XEG2_V1_3_relaxed_A	LevyLab_Q8XEG2_V1_3_relaxed_A 	5.000E+00	0.011	15	4	90	108	468	564	609	115	0.806	0.159
LOKIASV2_0983_ESMFold_hypothetical_protein	ProtVar_O60294_P11142_A	ProtVar_O60294_P11142_A 	5.672E+00	0.011	15	3	101	108	82	175	686	122	0.917	0.137
LOKIASV2_0983_ESMFold_hypothetical_protein	ProtVar_P31997_Q8N3Y3_B	ProtVar_P31997_Q8N3Y3_B 	2.203E+00	0.011	15	4	100	108	99	169	721	103	0.898	0.098
LOKIASV2_0983_ESMFold_hypothetical_protein	LevyLab_Q9BQN1_V1_3_relaxed_B	LevyLab_Q9BQN1_V1_3_relaxed_B 	6.041E+00	0.011	15	1	90	108	168	233	747	94	0.833	0.088
LOKIASV2_0983_ESMFold_hypothetical_protein	ProtVar_Q06033_Q14624_B	ProtVar_Q06033_Q14624_B 	4.694E+00	0.011	15	15	100	108	357	451	930	108	0.796	0.102
LOKIASV2_0983_ESMFold_hypothetical_protein	ProtVar_Q9NP73_Q9Y672_A	ProtVar_Q9NP73_Q9Y672_A 	6.434E+00	0.011	15	1	106	108	1	124	1137	136	0.981	0.109
LOKIASV2_0983_ESMFold_hypothetical_protein	ProtVar_P84095_Q12979_A	ProtVar_P84095_Q12979_A 	8.280E+00	0.010	14	4	106	108	5	156	191	169	0.954	0.796
LOKIASV2_0983_ESMFold_hypothetical_protein	LevyLab_Q8U020_V1_3_relaxed_B	LevyLab_Q8U020_V1_3_relaxed_B 	5.672E+00	0.010	14	1	107	108	1	87	196	108	0.991	0.444
LOKIASV2_0983_ESMFold_hypothetical_protein	LevyLab_Q8X5N4_V1_3_relaxed_B	LevyLab_Q8X5N4_V1_3_relaxed_B 	8.280E+00	0.010	14	3	68	108	2	74	207	78	0.611	0.353
LOKIASV2_0983_ESMFold_hypothetical_protein	LevyLab_P23919_V1_3_relaxed_A	LevyLab_P23919_V1_3_relaxed_A 	2.346E+00	0.010	14	1	108	108	1	98	212	121	1.000	0.462
LOKIASV2_0983_ESMFold_hypothetical_protein	LevyLab_Q8U187_V1_3_relaxed_B	LevyLab_Q8U187_V1_3_relaxed_B 	2.661E+00	0.010	14	4	100	108	47	178	223	140	0.898	0.592
LOKIASV2_0983_ESMFold_hypothetical_protein	LevyLab_Q8XAQ4_V1_2_relaxed_B	LevyLab_Q8XAQ4_V1_2_relaxed_B 	6.434E+00	0.010	14	2	68	108	17	98	260	86	0.620	0.315
LOKIASV2_0983_ESMFold_hypothetical_protein	LevyLab_Q8U3V1_V1_1_relaxed_B	LevyLab_Q8U3V1_V1_1_relaxed_B 	4.138E+00	0.010	14	3	91	108	32	109	267	99	0.824	0.292
LOKIASV2_0983_ESMFold_hypothetical_protein	LevyLab_Q8XE09_V1_4_relaxed_B	LevyLab_Q8XE09_V1_4_relaxed_B 	8.819E+00	0.010	14	5	100	108	149	249	267	115	0.889	0.378
LOKIASV2_0983_ESMFold_hypothetical_protein	LevyLab_P15807_V1_5_relaxed_B	LevyLab_P15807_V1_5_relaxed_B 	5.325E+00	0.010	14	2	105	108	13	139	274	139	0.963	0.464
LOKIASV2_0983_ESMFold_hypothetical_protein	LevyLab_Q8U2R2_V1_4_relaxed_B	LevyLab_Q8U2R2_V1_4_relaxed_B 	4.138E+00	0.010	14	1	107	108	3	103	292	127	0.991	0.346
LOKIASV2_0983_ESMFold_hypothetical_protein	ModelArchive_ma-rap-bacsu-074_C	ModelArchive_ma-rap-bacsu-074_C Predicted interaction between MntC and MntD and MntA Predicted interaction between MntC and MntD and MntA	7.774E+00	0.010	14	2	90	108	191	276	306	114	0.824	0.281
LOKIASV2_0983_ESMFold_hypothetical_protein	LevyLab_P0A788_V1_3_relaxed_B	LevyLab_P0A788_V1_3_relaxed_B 	7.774E+00	0.010	14	2	90	108	155	266	311	113	0.824	0.360
LOKIASV2_0983_ESMFold_hypothetical_protein	ModelArchive_ma-rap-bacsu-083_A	ModelArchive_ma-rap-bacsu-083_A Predicted interaction between bfmBAB and bfmBAA Predicted interaction between bfmBAB and bfmBAA	5.000E+00	0.010	14	4	90	108	206	293	327	111	0.806	0.269
LOKIASV2_0983_ESMFold_hypothetical_protein	LevyLab_Q8X5Q9_V1_3_relaxed_B	LevyLab_Q8X5Q9_V1_3_relaxed_B 	5.672E+00	0.010	14	18	108	108	160	247	333	105	0.843	0.264
LOKIASV2_0983_ESMFold_hypothetical_protein	ProtVar_O00461_O94766_B	ProtVar_O00461_O94766_B 	8.819E+00	0.010	14	2	84	108	74	156	335	92	0.769	0.248
LOKIASV2_0983_ESMFold_hypothetical_protein	ProtVar_O95159_P31937_B	ProtVar_O95159_P31937_B 	8.280E+00	0.010	14	2	106	108	38	154	336	120	0.972	0.348
LOKIASV2_0983_ESMFold_hypothetical_protein	LevyLab_P0A6S9_V1_3_relaxed_B	LevyLab_P0A6S9_V1_3_relaxed_B 	7.299E+00	0.010	14	2	90	108	5	107	339	109	0.824	0.304
LOKIASV2_0983_ESMFold_hypothetical_protein	ProtVar_O43818_Q9H9Y2_B	ProtVar_O43818_Q9H9Y2_B 	7.774E+00	0.010	14	3	90	108	143	199	349	88	0.815	0.163
LOKIASV2_0983_ESMFold_hypothetical_protein	ProtVar_Q9H1C3_Q9NWS8_A	ProtVar_Q9H1C3_Q9NWS8_A 	4.694E+00	0.010	14	4	95	108	52	117	349	98	0.852	0.189
LOKIASV2_0983_ESMFold_hypothetical_protein	ProtVar_P40939_Q9BV79_B	ProtVar_P40939_Q9BV79_B 	4.407E+00	0.010	14	2	108	108	184	311	373	144	0.991	0.343
LOKIASV2_0983_ESMFold_hypothetical_protein	ProtVar_P08473_Q9BY41_B	ProtVar_P08473_Q9BY41_B 	4.138E+00	0.010	14	2	106	108	170	301	377	151	0.972	0.350
LOKIASV2_0983_ESMFold_hypothetical_protein	ProtVar_P25963_Q8ZH00_B	ProtVar_P25963_Q8ZH00_B 	7.774E+00	0.010	14	2	88	108	257	370	388	131	0.806	0.294
LOKIASV2_0983_ESMFold_hypothetical_protein	ProtVar_O75439_Q8WWV3_B	ProtVar_O75439_Q8WWV3_B 	5.672E+00	0.010	14	1	100	108	204	311	396	118	0.926	0.273
LOKIASV2_0983_ESMFold_hypothetical_protein	LevyLab_P41939_V1_2_relaxed_B	LevyLab_P41939_V1_2_relaxed_B 	5.672E+00	0.010	14	14	106	108	185	268	412	103	0.861	0.204
LOKIASV2_0983_ESMFold_hypothetical_protein	ModelArchive_ma-rap-bacsu-135_B	ModelArchive_ma-rap-bacsu-135_B Predicted interaction between ydaK and ydaM Predicted interaction between ydaK and ydaM	2.068E+00	0.010	14	3	90	108	50	112	420	93	0.815	0.150
LOKIASV2_0983_ESMFold_hypothetical_protein	ProtVar_Q13228_Q8N7P1-2_B	ProtVar_Q13228_Q8N7P1-2_B 	8.280E+00	0.010	14	1	36	108	50	96	444	47	0.333	0.106
LOKIASV2_0983_ESMFold_hypothetical_protein	LevyLab_A0A0H3JIM8_V1_1_relaxed_B	LevyLab_A0A0H3JIM8_V1_1_relaxed_B 	7.774E+00	0.010	14	1	67	108	3	84	451	86	0.620	0.182
LOKIASV2_0983_ESMFold_hypothetical_protein	ProtVar_Q9NZK5_Q9P109_B	ProtVar_Q9NZK5_Q9P109_B 	5.000E+00	0.010	14	4	100	108	135	245	453	126	0.898	0.245
LOKIASV2_0983_ESMFold_hypothetical_protein	LevyLab_Q9BW62_V1_3_relaxed_A	LevyLab_Q9BW62_V1_3_relaxed_A 	6.041E+00	0.010	14	2	106	108	242	377	490	152	0.972	0.278
LOKIASV2_0983_ESMFold_hypothetical_protein	LevyLab_P12081_V1_3_relaxed_B	LevyLab_P12081_V1_3_relaxed_B 	3.215E+00	0.010	14	1	96	108	408	473	509	97	0.889	0.130
LOKIASV2_0983_ESMFold_hypothetical_protein	ProtVar_O15431_Q96K12_B	ProtVar_O15431_Q96K12_B 	6.434E+00	0.010	14	2	90	108	10	83	515	99	0.824	0.144
LOKIASV2_0983_ESMFold_hypothetical_protein	ProtVar_P00390_P00441_A	ProtVar_P00390_P00441_A 	8.819E+00	0.010	14	3	91	108	232	292	522	90	0.824	0.117
LOKIASV2_0983_ESMFold_hypothetical_protein	ProtVar_O14638_P14618_B	ProtVar_O14638_P14618_B 	6.434E+00	0.010	14	2	68	108	45	113	531	86	0.620	0.130
LOKIASV2_0983_ESMFold_hypothetical_protein	ProtVar_O60504_Q99829_B	ProtVar_O60504_Q99829_B 	3.019E+00	0.010	14	15	96	108	399	491	537	109	0.759	0.173
LOKIASV2_0983_ESMFold_hypothetical_protein	LevyLab_O60774_V1_3_relaxed_A	LevyLab_O60774_V1_3_relaxed_A 	6.041E+00	0.010	14	1	54	108	1	53	539	56	0.500	0.098
LOKIASV2_0983_ESMFold_hypothetical_protein	LevyLab_Q8XDX8_V1_5_relaxed_B	LevyLab_Q8XDX8_V1_5_relaxed_B 	6.434E+00	0.010	14	5	102	108	435	554	556	126	0.907	0.216
LOKIASV2_0983_ESMFold_hypothetical_protein	ProtVar_O15218_Q9NRF8_B	ProtVar_O15218_Q9NRF8_B 	6.434E+00	0.010	14	4	69	108	300	371	586	77	0.611	0.123
LOKIASV2_0983_ESMFold_hypothetical_protein	ProtVar_O75838_Q13057-2_B	ProtVar_O75838_Q13057-2_B 	9.393E+00	0.010	14	4	108	108	37	180	593	152	0.972	0.243
LOKIASV2_0983_ESMFold_hypothetical_protein	ProtVar_P61586_Q9Y2R4_B	ProtVar_P61586_Q9Y2R4_B 	5.325E+00	0.010	14	3	106	108	236	373	599	142	0.963	0.230
LOKIASV2_0983_ESMFold_hypothetical_protein	ProtVar_O00148_Q9UJV9_B	ProtVar_O00148_Q9UJV9_B 	3.885E+00	0.010	14	1	106	108	257	374	622	137	0.981	0.190
LOKIASV2_0983_ESMFold_hypothetical_protein	ProtVar_P02452_P08253_B	ProtVar_P02452_P08253_B 	4.138E+00	0.010	14	4	36	108	125	173	660	49	0.306	0.074
LOKIASV2_0983_ESMFold_hypothetical_protein	Predictome_038ht0n_FIGL1_HUMAN__MCM9_HUMAN__1817aa_unrelaxed_af2mv3_model_1_A	Predictome_038ht0n_FIGL1_HUMAN__MCM9_HUMAN__1817aa_unrelaxed_af2mv3_model_1_A 	5.672E+00	0.010	14	3	90	108	435	543	674	123	0.815	0.162
LOKIASV2_0983_ESMFold_hypothetical_protein	ModelArchive_ma-i8bdm_A	ModelArchive_ma-i8bdm_A Polyphosphate kinase 1 of Acinetobacter baumannii (AbPPK1) with substitution at position 443 and 601 in complex with ATP Polyphosphate kinase 1 of Acinetobacter baumannii (AbPPK1) with substitution at position 443 and 601 in complex with ATP	5.325E+00	0.010	14	4	90	108	363	420	678	87	0.806	0.086
LOKIASV2_0983_ESMFold_hypothetical_protein	ProtVar_P15173_Q96TA2_B	ProtVar_P15173_Q96TA2_B 	3.425E+00	0.010	14	1	107	108	371	506	773	150	0.991	0.176
LOKIASV2_0983_ESMFold_hypothetical_protein	ModelArchive_ma-t3vr3-855_B	ModelArchive_ma-t3vr3-855_B Predicted interaction between SLX4 (380-669) and ERCC4 (1-916) Predicted interaction between SLX4 (380-669) and ERCC4 (1-916)	7.774E+00	0.010	14	1	104	108	619	722	816	120	0.963	0.127
LOKIASV2_0983_ESMFold_hypothetical_protein	ProtVar_O60512_Q9H1B5_B	ProtVar_O60512_Q9H1B5_B 	7.774E+00	0.010	14	4	100	108	237	309	865	105	0.898	0.084
LOKIASV2_0983_ESMFold_hypothetical_protein	ProtVar_O14910_O14936-2_B	ProtVar_O14910_O14936-2_B 	4.138E+00	0.010	14	3	100	108	735	900	921	170	0.907	0.180
LOKIASV2_0983_ESMFold_hypothetical_protein	ProtVar_Q13608_Q9Y5Y3_A	ProtVar_Q13608_Q9Y5Y3_A 	3.885E+00	0.010	14	2	106	108	463	592	980	145	0.972	0.133
LOKIASV2_0983_ESMFold_hypothetical_protein	ProtVar_P46781_Q9BYD1_B	ProtVar_P46781_Q9BYD1_B 	9.393E+00	0.009	13	4	105	108	19	145	178	147	0.944	0.713
LOKIASV2_0983_ESMFold_hypothetical_protein	LevyLab_Q8U2V7_V1_3_relaxed_B	LevyLab_Q8U2V7_V1_3_relaxed_B 	8.819E+00	0.009	13	4	108	108	4	133	188	138	0.972	0.691
LOKIASV2_0983_ESMFold_hypothetical_protein	ProtVar_O15479_Q07020_B	ProtVar_O15479_Q07020_B 	9.393E+00	0.009	13	2	107	108	57	139	188	116	0.981	0.441
LOKIASV2_0983_ESMFold_hypothetical_protein	ProtVar_P27037_Q7L0Q8-2_B	ProtVar_P27037_Q7L0Q8-2_B 	6.853E+00	0.009	13	5	106	108	62	141	197	110	0.944	0.406
LOKIASV2_0983_ESMFold_hypothetical_protein	LevyLab_P0A6J2_V1_5_relaxed_B	LevyLab_P0A6J2_V1_5_relaxed_B 	4.407E+00	0.009	13	2	100	108	28	152	201	133	0.917	0.622
LOKIASV2_0983_ESMFold_hypothetical_protein	LevyLab_P38234_V1_5_relaxed_B	LevyLab_P38234_V1_5_relaxed_B 	6.434E+00	0.009	13	1	107	108	1	151	210	160	0.991	0.719
LOKIASV2_0983_ESMFold_hypothetical_protein	ProtVar_A4D1S5_Q86YS6_B	ProtVar_A4D1S5_Q86YS6_B 	6.853E+00	0.009	13	4	106	108	20	160	212	164	0.954	0.665
LOKIASV2_0983_ESMFold_hypothetical_protein	ProtVar_Q5VV17_Q8ZGJ9_B	ProtVar_Q5VV17_Q8ZGJ9_B 	5.672E+00	0.009	13	5	71	108	26	126	236	110	0.620	0.428
LOKIASV2_0983_ESMFold_hypothetical_protein	LevyLab_Q8XCW3_V1_3_relaxed_B	LevyLab_Q8XCW3_V1_3_relaxed_B 	8.280E+00	0.009	13	4	106	108	79	191	243	127	0.954	0.465
LOKIASV2_0983_ESMFold_hypothetical_protein	ModelArchive_ma-c5v9x_D	ModelArchive_ma-c5v9x_D MODEL FOR THE MOTOR COMPONENT OF DYNEIN MODEL FOR THE MOTOR COMPONENT OF DYNEIN	6.041E+00	0.009	13	4	108	108	35	197	250	169	0.972	0.652
LOKIASV2_0983_ESMFold_hypothetical_protein	LevyLab_Q8U0A9_V1_3_relaxed_B	LevyLab_Q8U0A9_V1_3_relaxed_B 	6.853E+00	0.009	13	4	104	108	25	110	262	107	0.935	0.328
LOKIASV2_0983_ESMFold_hypothetical_protein	ModelArchive_ma-bak-cepc-0673_B	ModelArchive_ma-bak-cepc-0673_B Predicted interaction between COQ5 and COQ3 Predicted interaction between COQ5 and COQ3	5.325E+00	0.009	13	4	68	108	126	196	312	77	0.602	0.228
LOKIASV2_0983_ESMFold_hypothetical_protein	ProtVar_Q8TC12_Q92781_B	ProtVar_Q8TC12_Q92781_B 	8.280E+00	0.009	13	1	100	108	27	94	318	106	0.926	0.214
LOKIASV2_0983_ESMFold_hypothetical_protein	LevyLab_P17505_V1_3_relaxed_B	LevyLab_P17505_V1_3_relaxed_B 	7.774E+00	0.009	13	3	67	108	19	93	334	80	0.602	0.225
LOKIASV2_0983_ESMFold_hypothetical_protein	LevyLab_A0A0H3JJE4_V1_3_relaxed_B	LevyLab_A0A0H3JJE4_V1_3_relaxed_B 	6.041E+00	0.009	13	2	108	108	162	283	336	140	0.991	0.363
LOKIASV2_0983_ESMFold_hypothetical_protein	ProtVar_Q8WTS1_Q96AD5_A	ProtVar_Q8WTS1_Q96AD5_A 	6.434E+00	0.009	13	2	100	108	75	204	349	152	0.917	0.372
LOKIASV2_0983_ESMFold_hypothetical_protein	LevyLab_P25377_V1_5_relaxed_B	LevyLab_P25377_V1_5_relaxed_B 	8.280E+00	0.009	13	3	106	108	182	298	361	127	0.963	0.324
LOKIASV2_0983_ESMFold_hypothetical_protein	LevyLab_P07246_V1_3_relaxed_B	LevyLab_P07246_V1_3_relaxed_B 	7.774E+00	0.009	13	2	108	108	198	322	375	137	0.991	0.333
LOKIASV2_0983_ESMFold_hypothetical_protein	LevyLab_Q8U3R6_V1_5_relaxed_B	LevyLab_Q8U3R6_V1_5_relaxed_B 	7.299E+00	0.009	13	2	100	108	174	267	385	120	0.917	0.244
LOKIASV2_0983_ESMFold_hypothetical_protein	LevyLab_Q8X6C0_V1_3_relaxed_B	LevyLab_Q8X6C0_V1_3_relaxed_B 	8.819E+00	0.009	13	2	94	108	189	259	396	98	0.861	0.179
LOKIASV2_0983_ESMFold_hypothetical_protein	LevyLab_Q8U1Z6_V1_4_relaxed_B	LevyLab_Q8U1Z6_V1_4_relaxed_B 	3.885E+00	0.009	13	3	93	108	10	86	430	108	0.843	0.179
LOKIASV2_0983_ESMFold_hypothetical_protein	LevyLab_Q9UN37_V1_5_relaxed_B	LevyLab_Q9UN37_V1_5_relaxed_B 	6.041E+00	0.009	13	10	106	108	201	290	437	105	0.898	0.206
LOKIASV2_0983_ESMFold_hypothetical_protein	ProtVar_O15533_Q4G148_B	ProtVar_O15533_Q4G148_B 	4.138E+00	0.009	13	4	91	108	118	177	440	95	0.815	0.136
LOKIASV2_0983_ESMFold_hypothetical_protein	ProtVar_A0PJZ3_Q9Y4Z2_A	ProtVar_A0PJZ3_Q9Y4Z2_A 	4.407E+00	0.009	13	4	91	108	112	173	443	93	0.815	0.140
LOKIASV2_0983_ESMFold_hypothetical_protein	LevyLab_A4D126_V1_5_relaxed_A	LevyLab_A4D126_V1_5_relaxed_A 	6.434E+00	0.009	13	2	106	108	282	410	451	140	0.972	0.286
LOKIASV2_0983_ESMFold_hypothetical_protein	LevyLab_P0AD62_V1_4_relaxed_B	LevyLab_P0AD62_V1_4_relaxed_B 	8.280E+00	0.009	13	2	68	108	4	66	470	77	0.620	0.134
LOKIASV2_0983_ESMFold_hypothetical_protein	ProtVar_Q8WV93_Q9BTZ2_A	ProtVar_Q8WV93_Q9BTZ2_A 	6.853E+00	0.009	13	3	106	108	130	276	481	157	0.963	0.306
LOKIASV2_0983_ESMFold_hypothetical_protein	ProtVar_O15232_Q16270_A	ProtVar_O15232_Q16270_A 	6.853E+00	0.009	13	24	97	108	183	254	486	86	0.685	0.148
LOKIASV2_0983_ESMFold_hypothetical_protein	ProtVar_Q8WVX9_Q9Y2Q3_A	ProtVar_Q8WVX9_Q9Y2Q3_A 	6.434E+00	0.009	13	2	90	108	10	83	515	98	0.824	0.144
LOKIASV2_0983_ESMFold_hypothetical_protein	ProtVar_P30613_P31350_A	ProtVar_P30613_P31350_A 	5.672E+00	0.009	13	2	88	108	88	155	574	88	0.806	0.118
LOKIASV2_0983_ESMFold_hypothetical_protein	ModelArchive_ma-rap-bacsu-021_A	ModelArchive_ma-rap-bacsu-021_A Predicted interaction between cysJ and cysI Predicted interaction between cysJ and cysI	2.834E+00	0.009	13	4	88	108	68	183	605	134	0.787	0.192
LOKIASV2_0983_ESMFold_hypothetical_protein	ProtVar_P50221_Q9UHB4-2_B	ProtVar_P50221_Q9UHB4-2_B 	6.434E+00	0.009	13	2	108	108	3	125	606	142	0.991	0.203
LOKIASV2_0983_ESMFold_hypothetical_protein	ProtVar_P32970_Q8N6R0-3_B	ProtVar_P32970_Q8N6R0-3_B 	7.774E+00	0.009	13	1	100	108	407	475	613	102	0.926	0.113
LOKIASV2_0983_ESMFold_hypothetical_protein	Predictome_h72avfq_TP53B_HUMAN__DBF4B_HUMAN__2587aa_unrelaxed_af2mv3_model_2_B	Predictome_h72avfq_TP53B_HUMAN__DBF4B_HUMAN__2587aa_unrelaxed_af2mv3_model_2_B 	3.648E+00	0.009	13	3	54	108	51	106	615	62	0.481	0.091
LOKIASV2_0983_ESMFold_hypothetical_protein	LevyLab_Q8X8X4_V1_1_relaxed_A	LevyLab_Q8X8X4_V1_1_relaxed_A 	8.280E+00	0.009	13	1	100	108	1	119	713	130	0.926	0.167
LOKIASV2_0983_ESMFold_hypothetical_protein	Predictome_0pmpq5v_AFG2B_HUMAN__ATR_HUMAN__3397aa_unrelaxed_af2mv3_model_2_A	Predictome_0pmpq5v_AFG2B_HUMAN__ATR_HUMAN__3397aa_unrelaxed_af2mv3_model_2_A 	4.694E+00	0.009	13	2	106	108	498	626	753	138	0.972	0.171
LOKIASV2_0983_ESMFold_hypothetical_protein	ProtVar_P26374_Q7Z6P3_B	ProtVar_P26374_Q7Z6P3_B 	7.299E+00	0.009	13	14	106	108	892	976	1021	107	0.861	0.083
LOKIASV2_0983_ESMFold_hypothetical_protein	ProtVar_P59047_Q9H808_A	ProtVar_P59047_Q9H808_A 	6.434E+00	0.009	13	3	108	108	280	428	1200	161	0.981	0.124
LOKIASV2_0983_ESMFold_hypothetical_protein	Predictome_01sffjt_RECQ4_HUMAN__WDHD1_HUMAN__2337aa_unrelaxed_af2mv3_model_4_A	Predictome_01sffjt_RECQ4_HUMAN__WDHD1_HUMAN__2337aa_unrelaxed_af2mv3_model_4_A 	4.694E+00	0.009	13	2	97	108	700	825	1208	141	0.889	0.104
LOKIASV2_0983_ESMFold_hypothetical_protein	LevyLab_P0A8J0_V1_2_relaxed_B	LevyLab_P0A8J0_V1_2_relaxed_B 	6.853E+00	0.008	12	4	102	108	4	140	155	143	0.917	0.884
LOKIASV2_0983_ESMFold_hypothetical_protein	LevyLab_P06838_V1_4_relaxed_B	LevyLab_P06838_V1_4_relaxed_B 	8.819E+00	0.008	12	5	90	108	137	194	210	87	0.796	0.276
LOKIASV2_0983_ESMFold_hypothetical_protein	LevyLab_A0A0H3JJ58_V1_3_relaxed_B	LevyLab_A0A0H3JJ58_V1_3_relaxed_B 	7.299E+00	0.008	12	3	95	108	4	68	228	94	0.861	0.285
LOKIASV2_0983_ESMFold_hypothetical_protein	LevyLab_Q12084_V1_1_relaxed_B	LevyLab_Q12084_V1_1_relaxed_B 	3.885E+00	0.008	12	4	106	108	12	174	232	171	0.954	0.703
LOKIASV2_0983_ESMFold_hypothetical_protein	LevyLab_P0AFS4_V1_4_relaxed_B	LevyLab_P0AFS4_V1_4_relaxed_B 	7.299E+00	0.008	12	4	106	108	8	232	240	227	0.954	0.938
LOKIASV2_0983_ESMFold_hypothetical_protein	LevyLab_Q8X5U6_V1_5_relaxed_B	LevyLab_Q8X5U6_V1_5_relaxed_B 	6.041E+00	0.008	12	17	107	108	126	238	243	130	0.843	0.465
LOKIASV2_0983_ESMFold_hypothetical_protein	ProtVar_Q96DG6_Q9Y296_A	ProtVar_Q96DG6_Q9Y296_A 	6.434E+00	0.008	12	15	107	108	104	207	245	126	0.861	0.424
LOKIASV2_0983_ESMFold_hypothetical_protein	LevyLab_P0AEP5_V1_4_relaxed_B	LevyLab_P0AEP5_V1_4_relaxed_B 	3.885E+00	0.008	12	3	90	108	9	106	302	111	0.815	0.325
LOKIASV2_0983_ESMFold_hypothetical_protein	LevyLab_P25270_V1_1_relaxed_B	LevyLab_P25270_V1_1_relaxed_B 	8.819E+00	0.008	12	4	108	108	243	377	412	140	0.972	0.328
LOKIASV2_0983_ESMFold_hypothetical_protein	ProtVar_P18077_P49590_B	ProtVar_P18077_P49590_B 	6.041E+00	0.008	12	2	96	108	410	474	506	96	0.880	0.128
LOKIASV2_0983_ESMFold_hypothetical_protein	ProtVar_P22309_Q9HAW8_A	ProtVar_P22309_Q9HAW8_A 	6.853E+00	0.008	12	2	97	108	27	90	533	104	0.889	0.120
LOKIASV2_0983_ESMFold_hypothetical_protein	LevyLab_P38126_V1_3_relaxed_A	LevyLab_P38126_V1_3_relaxed_A 	5.672E+00	0.008	12	2	106	108	307	464	564	182	0.972	0.280
LOKIASV2_0983_ESMFold_hypothetical_protein	LevyLab_Q8X9L0_V1_3_relaxed_A	LevyLab_Q8X9L0_V1_3_relaxed_A 	4.407E+00	0.008	12	1	106	108	184	318	644	147	0.981	0.210
LOKIASV2_0983_ESMFold_hypothetical_protein	ProtVar_P56279_Q9UBC3-3_B	ProtVar_P56279_Q9UBC3-3_B 	6.434E+00	0.008	12	3	69	108	556	629	770	79	0.620	0.096
LOKIASV2_0983_ESMFold_hypothetical_protein	ProtVar_P15153_Q8WUI4-6_B	ProtVar_P15153_Q8WUI4-6_B 	7.774E+00	0.008	12	2	106	108	721	860	974	153	0.972	0.144
LOKIASV2_0983_ESMFold_hypothetical_protein	LevyLab_Q02196_V1_5_relaxed_B	LevyLab_Q02196_V1_5_relaxed_B 	8.280E+00	0.007	11	4	106	108	26	127	202	117	0.954	0.505
LOKIASV2_0983_ESMFold_hypothetical_protein	ProtVar_Q8N5V2_Q8NFW8-2_B	ProtVar_Q8N5V2_Q8NFW8-2_B 	8.280E+00	0.007	11	4	100	108	45	132	263	120	0.898	0.335
LOKIASV2_0983_ESMFold_hypothetical_protein	LevyLab_Q8TZK3_V1_4_relaxed_B	LevyLab_Q8TZK3_V1_4_relaxed_B 	8.280E+00	0.007	11	1	68	108	40	132	372	94	0.630	0.250
LOKIASV2_0983_ESMFold_hypothetical_protein	ProtVar_Q5HYW2_Q7CHW4_B	ProtVar_Q5HYW2_Q7CHW4_B 	5.325E+00	0.007	11	3	77	108	13	99	393	101	0.694	0.221
LOKIASV2_0983_ESMFold_hypothetical_protein	ProtVar_O75581_Q4G148-2_B	ProtVar_O75581_Q4G148-2_B 	7.774E+00	0.007	11	4	91	108	87	146	409	89	0.815	0.147
LOKIASV2_0983_ESMFold_hypothetical_protein	ProtVar_O00220_O15488-2_B	ProtVar_O00220_O15488-2_B 	8.280E+00	0.007	11	1	102	108	1	80	470	116	0.944	0.170
LOKIASV2_0983_ESMFold_hypothetical_protein	LevyLab_Q8XCE7_V1_3_relaxed_B	LevyLab_Q8XCE7_V1_3_relaxed_B 	7.299E+00	0.007	11	4	89	108	258	336	474	97	0.796	0.167
LOKIASV2_0983_ESMFold_hypothetical_protein	ProtVar_P14652_Q9UHB4_B	ProtVar_P14652_Q9UHB4_B 	7.774E+00	0.007	11	2	108	108	3	125	597	143	0.991	0.206
LOKIASV2_0983_ESMFold_hypothetical_protein	LevyLab_P49067_V1_3_relaxed_B	LevyLab_P49067_V1_3_relaxed_B 	6.434E+00	0.007	11	2	90	108	3	83	649	106	0.824	0.125
LOKIASV2_0983_ESMFold_hypothetical_protein	LevyLab_P46151_V1_5_relaxed_A	LevyLab_P46151_V1_5_relaxed_A 	7.299E+00	0.007	11	3	108	108	44	190	657	164	0.981	0.224
LOKIASV2_0983_ESMFold_hypothetical_protein	LevyLab_O95461_V1_4_relaxed_B	LevyLab_O95461_V1_4_relaxed_B 	6.853E+00	0.007	11	4	100	108	140	210	756	104	0.898	0.094
LOKIASV2_0983_ESMFold_hypothetical_protein	ProtVar_B9A064_O00339-2_B	ProtVar_B9A064_O00339-2_B 	9.393E+00	0.007	11	24	100	108	157	230	937	91	0.713	0.079
LOKIASV2_0983_ESMFold_hypothetical_protein	ProtVar_P23246_P55011_B	ProtVar_P23246_P55011_B 	8.280E+00	0.007	11	1	90	108	787	857	1212	94	0.833	0.059
LOKIASV2_0983_ESMFold_hypothetical_protein	LevyLab_Q8N5D6_V1_5_relaxed_B	LevyLab_Q8N5D6_V1_5_relaxed_B 	6.434E+00	0.000	10	4	100	108	113	189	347	116	0.898	0.222
LOKIASV2_0983_ESMFold_hypothetical_protein	LevyLab_P16442_V1_1_relaxed_B	LevyLab_P16442_V1_1_relaxed_B 	8.280E+00	0.000	10	2	90	108	113	172	354	96	0.824	0.169
LOKIASV2_0983_ESMFold_hypothetical_protein	ProtVar_P17081_Q8IV08_B	ProtVar_P17081_Q8IV08_B 	8.280E+00	0.000	10	4	88	108	123	187	490	96	0.787	0.133
LOKIASV2_0983_ESMFold_hypothetical_protein	ModelArchive_ma-bak-cepc-0191_B	ModelArchive_ma-bak-cepc-0191_B Predicted interaction between VMA4 and VMA2 Predicted interaction between VMA4 and VMA2	6.853E+00	0.000	10	4	107	108	211	337	517	152	0.963	0.246
LOKIASV2_0983_ESMFold_hypothetical_protein	ProtVar_O60844_Q8IVS8_A	ProtVar_O60844_Q8IVS8_A 	8.819E+00	0.000	10	1	90	108	78	140	523	100	0.833	0.120
