LOKIASV2_4375_ESMFold_hypothetical_protein	AF-A0A1E4TRE6-F1-model_v4	AF-A0A1E4TRE6-F1-model_v4 PI31_Prot_C domain-containing protein	3.290E-01	0.069	27	87	325	439	33	312	329	293	0.544	0.851
LOKIASV2_4375_ESMFold_hypothetical_protein	AF-A0A3M7RIB1-F1-model_v4	AF-A0A3M7RIB1-F1-model_v4 Uncharacterized protein	6.447E+00	0.057	25	47	190	439	9	149	250	153	0.328	0.564
LOKIASV2_4375_ESMFold_hypothetical_protein	AF-A0A5N5K1Z4-F1-model_v4	AF-A0A5N5K1Z4-F1-model_v4 Uncharacterized protein	2.209E+00	0.051	24	79	304	439	5	221	230	257	0.515	0.943
LOKIASV2_4375_ESMFold_hypothetical_protein	AF-W9HWJ6-F1-model_v4	AF-W9HWJ6-F1-model_v4 Uncharacterized protein	2.641E+00	0.040	22	89	326	439	107	361	385	279	0.542	0.662
LOKIASV2_4375_ESMFold_hypothetical_protein	AF-A0A6J1MSQ5-F1-model_v4	AF-A0A6J1MSQ5-F1-model_v4 serine/arginine repetitive matrix protein 1	4.005E+00	0.040	22	90	262	439	49	222	477	197	0.394	0.365
LOKIASV2_4375_ESMFold_hypothetical_protein	AF-A0A3L8DQL5-F1-model_v4	AF-A0A3L8DQL5-F1-model_v4 Uncharacterized protein	1.546E+00	0.029	20	44	325	439	29	315	349	303	0.642	0.822
LOKIASV2_4375_ESMFold_hypothetical_protein	AF-A0A834HHH7-F1-model_v4	AF-A0A834HHH7-F1-model_v4 Uncharacterized protein	4.511E+00	0.029	20	66	282	439	323	541	547	240	0.494	0.400
LOKIASV2_4375_ESMFold_hypothetical_protein	AF-A0A371ENF8-F1-model_v4	AF-A0A371ENF8-F1-model_v4 Uncharacterized protein	9.214E+00	0.024	19	90	294	439	42	231	236	208	0.467	0.805
LOKIASV2_4375_ESMFold_hypothetical_protein	AF-A0A854BU03-F1-model_v4	AF-A0A854BU03-F1-model_v4 Uncharacterized protein	4.005E+00	0.020	18	93	328	439	3	235	244	255	0.538	0.955
LOKIASV2_4375_ESMFold_hypothetical_protein	AF-A0A6A4L192-F1-model_v4	AF-A0A6A4L192-F1-model_v4 Uncharacterized protein	4.788E+00	0.016	17	80	191	439	5	114	253	123	0.255	0.435
LOKIASV2_4375_ESMFold_hypothetical_protein	AF-A0A832USK6-F1-model_v4	AF-A0A832USK6-F1-model_v4 Uncharacterized protein	4.788E+00	0.016	17	89	281	439	72	234	329	199	0.440	0.495
LOKIASV2_4375_ESMFold_hypothetical_protein	AF-A0A6V7HHT9-F1-model_v4	AF-A0A6V7HHT9-F1-model_v4 Uncharacterized protein	3.157E+00	0.016	17	84	325	439	56	311	383	282	0.551	0.668
LOKIASV2_4375_ESMFold_hypothetical_protein	AF-A0A1G0SIY2-F1-model_v4	AF-A0A1G0SIY2-F1-model_v4 SPOR domain-containing protein	1.640E+00	0.016	17	89	425	439	48	344	519	364	0.768	0.572
LOKIASV2_4375_ESMFold_hypothetical_protein	AF-A0A803MG99-F1-model_v4	AF-A0A803MG99-F1-model_v4 Uncharacterized protein	2.488E+00	0.014	16	47	277	439	9	226	299	244	0.526	0.729
LOKIASV2_4375_ESMFold_hypothetical_protein	AF-A0A834IW33-F1-model_v4	AF-A0A834IW33-F1-model_v4 Uncharacterized protein	4.788E+00	0.014	16	59	282	439	22	254	485	252	0.510	0.480
LOKIASV2_4375_ESMFold_hypothetical_protein	AF-A0A7R9GSY8-F1-model_v4	AF-A0A7R9GSY8-F1-model_v4 Hypothetical protein	9.214E+00	0.014	16	78	260	439	51	231	547	197	0.417	0.331
LOKIASV2_4375_ESMFold_hypothetical_protein	AF-A0A183E4I0-F1-model_v4	AF-A0A183E4I0-F1-model_v4 Uncharacterized protein	8.682E+00	0.011	15	89	282	439	20	208	287	212	0.442	0.659
LOKIASV2_4375_ESMFold_hypothetical_protein	AF-A0A151X758-F1-model_v4	AF-A0A151X758-F1-model_v4 Uncharacterized protein	5.724E+00	0.011	15	23	188	439	16	187	299	185	0.378	0.575
LOKIASV2_4375_ESMFold_hypothetical_protein	AF-A0A2G8LBQ6-F1-model_v4	AF-A0A2G8LBQ6-F1-model_v4 Putative kin of IRRE-like protein 3	6.447E+00	0.011	15	91	277	439	26	217	313	226	0.426	0.613
LOKIASV2_4375_ESMFold_hypothetical_protein	AF-A0A1X2IDX0-F1-model_v4	AF-A0A1X2IDX0-F1-model_v4 Uncharacterized protein	1.961E+00	0.011	15	81	415	439	26	338	367	372	0.763	0.853
LOKIASV2_4375_ESMFold_hypothetical_protein	AF-T1HLR6-F1-model_v4	AF-T1HLR6-F1-model_v4 Uncharacterized protein	1.640E+00	0.011	15	87	432	439	242	598	613	403	0.788	0.582
LOKIASV2_4375_ESMFold_hypothetical_protein	AF-A0A553N5C3-F1-model_v4	AF-A0A553N5C3-F1-model_v4 Uncharacterized protein	7.707E+00	0.010	14	89	294	439	70	260	274	222	0.469	0.697
LOKIASV2_4375_ESMFold_hypothetical_protein	AF-A0A6I9HRC1-F1-model_v4	AF-A0A6I9HRC1-F1-model_v4 AT-hook DNA-binding motif-containing protein 1	8.180E+00	0.009	13	59	429	439	101	441	670	411	0.845	0.509
LOKIASV2_4375_ESMFold_hypothetical_protein	AF-V4ANP1-F1-model_v4	AF-V4ANP1-F1-model_v4 Uncharacterized protein	8.682E+00	0.008	12	47	328	439	25	290	294	304	0.642	0.905
LOKIASV2_4375_ESMFold_hypothetical_protein	AF-A0A315V7X4-F1-model_v4	AF-A0A315V7X4-F1-model_v4 SERTA domain-containing protein	5.724E+00	0.008	12	87	416	439	37	350	351	369	0.752	0.895
LOKIASV2_4375_ESMFold_hypothetical_protein	AF-S7MTU0-F1-model_v4	AF-S7MTU0-F1-model_v4 Myozenin-1	5.393E+00	0.008	12	44	329	439	72	351	351	322	0.651	0.798
LOKIASV2_4375_ESMFold_hypothetical_protein	AF-A0A835GC28-F1-model_v4	AF-A0A835GC28-F1-model_v4 Uncharacterized protein	8.682E+00	0.008	12	89	326	439	25	217	463	254	0.542	0.417
LOKIASV2_4375_ESMFold_hypothetical_protein	AF-C4V9B9-F1-model_v4	AF-C4V9B9-F1-model_v4 Uncharacterized protein	8.682E+00	0.008	12	64	432	439	666	951	1029	405	0.841	0.278
LOKIASV2_4375_ESMFold_hypothetical_protein	AF-A0A0C2G9Q0-F1-model_v4	AF-A0A0C2G9Q0-F1-model_v4 Uncharacterized protein	5.393E+00	0.000	10	88	439	439	25	379	398	417	0.802	0.892
LOKIASV2_4375_ESMFold_hypothetical_protein	AF-O60141-F1-model_v4	AF-O60141-F1-model_v4 Protein saf4	4.483E+00	0.040	22	89	197	439	51	147	299	113	0.248	0.324
LOKIASV2_4375_ESMFold_hypothetical_protein	AF-O94358-F1-model_v4	AF-O94358-F1-model_v4 Uncharacterized protein C428.10	9.541E-01	0.029	20	46	174	439	614	718	845	132	0.294	0.124
LOKIASV2_4375_ESMFold_hypothetical_protein	AF-Q9PQX5-F1-model_v4	AF-Q9PQX5-F1-model_v4 Uncharacterized protein UU168	8.470E-01	0.024	19	66	304	439	96	337	337	274	0.544	0.718
LOKIASV2_4375_ESMFold_hypothetical_protein	AF-P36157-F1-model_v4	AF-P36157-F1-model_v4 Putative transcriptional activator MSA2	4.147E-01	0.014	16	45	403	439	23	359	363	400	0.818	0.928
LOKIASV2_4375_ESMFold_hypothetical_protein	AF-Q6FX33-F1-model_v4	AF-Q6FX33-F1-model_v4 Meiotic sister-chromatid recombination protein 3	3.533E+00	0.014	16	90	188	439	140	244	834	116	0.226	0.126
LOKIASV2_4375_ESMFold_hypothetical_protein	AF-P0DJE4-F1-model_v4	AF-P0DJE4-F1-model_v4 Alpha-latrotoxin-Lm1a	2.624E+00	0.010	14	90	265	439	7	189	202	197	0.401	0.906
LOKIASV2_4375_ESMFold_hypothetical_protein	AF-O35181-F1-model_v4	AF-O35181-F1-model_v4 Pro-neuregulin-3, membrane-bound isoform	5.687E+00	0.010	14	90	236	439	275	434	713	163	0.335	0.224
LOKIASV2_4375_ESMFold_hypothetical_protein	AF-P56975-F1-model_v4	AF-P56975-F1-model_v4 Pro-neuregulin-3, membrane-bound isoform	7.216E+00	0.010	14	90	197	439	273	387	720	118	0.246	0.160
LOKIASV2_4375_ESMFold_hypothetical_protein	AF-P31357-F1-model_v4	AF-P31357-F1-model_v4 Homeobox protein Hox-B1	7.658E+00	0.009	13	92	193	439	3	83	184	104	0.232	0.440
LOKIASV2_4375_ESMFold_hypothetical_protein	AF-Q01083-F1-model_v4	AF-Q01083-F1-model_v4 Protein spitz	8.626E+00	0.009	13	1	243	439	1	228	234	259	0.554	0.974
LOKIASV2_4375_ESMFold_hypothetical_protein	AF-Q96PP4-F1-model_v4	AF-Q96PP4-F1-model_v4 Testis-specific gene 13 protein	3.137E+00	0.008	12	132	329	439	26	233	275	224	0.451	0.756
LOKIASV2_4375_ESMFold_hypothetical_protein	AF-Q43385-F1-model_v4	AF-Q43385-F1-model_v4 Dof zinc finger protein DOF3.7	7.658E+00	0.008	12	59	162	439	57	133	296	104	0.237	0.260
LOKIASV2_4375_ESMFold_hypothetical_protein	AF-Q9H2G4-F1-model_v4	AF-Q9H2G4-F1-model_v4 Testis-specific Y-encoded-like protein 2	1.630E+00	0.008	12	90	439	439	293	645	693	403	0.797	0.509
LOKIASV2_4375_ESMFold_hypothetical_protein	AF-Q9CVN6-F1-model_v4	AF-Q9CVN6-F1-model_v4 Protein chibby homolog 3	8.128E+00	0.007	11	1	219	439	48	215	235	219	0.499	0.715
LOKIASV2_4375_ESMFold_hypothetical_protein	AF-Q9SVC5-F1-model_v4	AF-Q9SVC5-F1-model_v4 Dof zinc finger protein DOF3.5	8.626E+00	0.007	11	59	182	439	6	116	247	131	0.282	0.449
LOKIASV2_4375_ESMFold_hypothetical_protein	AF-Q07967-F1-model_v4	AF-Q07967-F1-model_v4 Putative uncharacterized protein YLR030W	3.750E+00	0.007	11	45	325	439	14	229	263	288	0.640	0.821
LOKIASV2_4375_ESMFold_hypothetical_protein	AF-Q54VI5-F1-model_v4	AF-Q54VI5-F1-model_v4 Uncharacterized protein DDB_G0280315	5.359E+00	0.007	11	66	325	439	42	282	324	285	0.592	0.744
LOKIASV2_4375_ESMFold_hypothetical_protein	AF-Q9SXG8-F1-model_v4	AF-Q9SXG8-F1-model_v4 Dof zinc finger protein 1	9.155E+00	0.007	11	47	162	439	65	137	378	116	0.264	0.193
LOKIASV2_4375_ESMFold_hypothetical_protein	AF-Q9SVU7-F1-model_v4	AF-Q9SVU7-F1-model_v4 Putative transcription factor bHLH056	8.626E+00	0.007	11	82	198	439	2	101	445	120	0.267	0.225
LOKIASV2_4375_ESMFold_hypothetical_protein	AF-Q8LFV3-F1-model_v4	AF-Q8LFV3-F1-model_v4 Cyclic dof factor 3	6.406E+00	0.007	11	47	171	439	89	186	448	127	0.285	0.219
LOKIASV2_4375_ESMFold_hypothetical_protein	AF-P43573-F1-model_v4	AF-P43573-F1-model_v4 Bud site selection protein 27	2.329E+00	0.007	11	78	439	439	127	444	796	383	0.825	0.399
LOKIASV2_4375_ESMFold_hypothetical_protein	AF-Q03345-F1-model_v4	AF-Q03345-F1-model_v4 Protein lin-3	8.626E+00	0.000	10	81	295	439	154	379	438	246	0.490	0.516
LOKIASV2_4375_ESMFold_hypothetical_protein	AF-Q8BR86-F1-model_v4	AF-Q8BR86-F1-model_v4 Kin of IRRE-like protein 3	6.799E+00	0.000	10	91	277	439	468	647	778	213	0.426	0.231
LOKIASV2_4375_ESMFold_hypothetical_protein	AF-Q9FNQ0-F1-model_v4	AF-Q9FNQ0-F1-model_v4 Protein LEO1 homolog	6.799E+00	0.000	9	40	288	439	268	530	625	292	0.567	0.421
LOKIASV2_4375_ESMFold_hypothetical_protein	AF-Q05812-F1-model_v4	AF-Q05812-F1-model_v4 Meiotic sister-chromatid recombination protein 3	5.687E+00	0.000	9	90	439	439	157	490	728	416	0.797	0.459
LOKIASV2_4375_ESMFold_hypothetical_protein	AF-O59708-F1-model_v4	AF-O59708-F1-model_v4 Uncharacterized protein C36.11	9.716E+00	0.000	8	78	416	439	28	341	343	379	0.772	0.915
LOKIASV2_4375_ESMFold_hypothetical_protein	AF-P34167-F1-model_v4	AF-P34167-F1-model_v4 Eukaryotic translation initiation factor 4B	8.626E+00	0.000	8	127	433	439	176	434	436	318	0.699	0.594
LOKIASV2_4375_ESMFold_hypothetical_protein	AF-P39998-F1-model_v4	AF-P39998-F1-model_v4 Enhancer of mRNA-decapping protein 3	9.155E+00	0.000	8	91	284	439	7	215	551	237	0.442	0.379
LOKIASV2_4375_ESMFold_hypothetical_protein	AF-Q95JN2-F1-model_v4	AF-Q95JN2-F1-model_v4 Uncharacterized protein C9orf43 homolog	9.155E+00	0.000	6	20	439	439	65	449	464	465	0.957	0.830
LOKIASV2_4375_ESMFold_hypothetical_protein	AF-O60141-F1-model_v4	AF-O60141-F1-model_v4 Protein saf4	4.824E+00	0.040	22	89	197	439	51	147	299	113	0.248	0.324
LOKIASV2_4375_ESMFold_hypothetical_protein	AF-K7KLZ8-F1-model_v4	AF-K7KLZ8-F1-model_v4 Dof-type domain-containing protein	1.227E+00	0.020	18	45	162	439	18	110	289	118	0.269	0.322
LOKIASV2_4375_ESMFold_hypothetical_protein	AF-A0A0P0VYR0-F1-model_v4	AF-A0A0P0VYR0-F1-model_v4 Os03g0414650 protein	3.181E+00	0.016	17	88	189	439	8	104	151	117	0.232	0.642
LOKIASV2_4375_ESMFold_hypothetical_protein	AF-P36157-F1-model_v4	AF-P36157-F1-model_v4 Putative transcriptional activator MSA2	4.463E-01	0.014	16	45	403	439	23	359	363	400	0.818	0.928
LOKIASV2_4375_ESMFold_hypothetical_protein	AF-K7KUP9-F1-model_v4	AF-K7KUP9-F1-model_v4 Dof-type domain-containing protein	7.185E-01	0.010	14	45	329	439	18	239	289	308	0.649	0.768
LOKIASV2_4375_ESMFold_hypothetical_protein	AF-P56975-F1-model_v4	AF-P56975-F1-model_v4 Pro-neuregulin-3, membrane-bound isoform	7.765E+00	0.010	14	90	197	439	273	387	720	118	0.246	0.160
LOKIASV2_4375_ESMFold_hypothetical_protein	AF-Q01083-F1-model_v4	AF-Q01083-F1-model_v4 Protein spitz	9.283E+00	0.009	13	1	243	439	1	228	234	259	0.554	0.974
LOKIASV2_4375_ESMFold_hypothetical_protein	AF-K7M9L0-F1-model_v4	AF-K7M9L0-F1-model_v4 Dof-type domain-containing protein	9.852E+00	0.009	13	59	162	439	12	89	285	105	0.237	0.274
LOKIASV2_4375_ESMFold_hypothetical_protein	AF-A0A1D6F1H3-F1-model_v4	AF-A0A1D6F1H3-F1-model_v4 Uncharacterized protein	5.434E+00	0.009	13	90	289	439	3	174	306	205	0.456	0.562
LOKIASV2_4375_ESMFold_hypothetical_protein	AF-Q96PP4-F1-model_v4	AF-Q96PP4-F1-model_v4 Testis-specific gene 13 protein	3.376E+00	0.008	12	132	329	439	26	233	275	224	0.451	0.756
LOKIASV2_4375_ESMFold_hypothetical_protein	AF-A0A5K4F7T8-F1-model_v4	AF-A0A5K4F7T8-F1-model_v4 Uncharacterized protein	2.507E+00	0.008	12	4	397	439	1	300	310	405	0.897	0.968
LOKIASV2_4375_ESMFold_hypothetical_protein	AF-K7KMQ7-F1-model_v4	AF-K7KMQ7-F1-model_v4 Dof-type domain-containing protein	7.765E+00	0.008	12	59	170	439	38	130	330	113	0.255	0.282
LOKIASV2_4375_ESMFold_hypothetical_protein	AF-I1KCU1-F1-model_v4	AF-I1KCU1-F1-model_v4 Dof-type domain-containing protein	7.317E+00	0.008	12	59	187	439	107	200	458	130	0.294	0.205
LOKIASV2_4375_ESMFold_hypothetical_protein	AF-Q54DC4-F1-model_v4	AF-Q54DC4-F1-model_v4 Integrase catalytic domain-containing protein	5.767E+00	0.008	12	50	282	439	173	436	589	285	0.531	0.448
LOKIASV2_4375_ESMFold_hypothetical_protein	AF-Q9H2G4-F1-model_v4	AF-Q9H2G4-F1-model_v4 Testis-specific Y-encoded-like protein 2	1.754E+00	0.008	12	90	439	439	293	645	693	403	0.797	0.509
LOKIASV2_4375_ESMFold_hypothetical_protein	AF-Q54VI5-F1-model_v4	AF-Q54VI5-F1-model_v4 Uncharacterized protein DDB_G0280315	5.767E+00	0.007	11	66	325	439	42	282	324	285	0.592	0.744
LOKIASV2_4375_ESMFold_hypothetical_protein	AF-A0A1D6E8Z1-F1-model_v4	AF-A0A1D6E8Z1-F1-model_v4 Sterile alpha motif (SAM) domain-containing protein	2.362E+00	0.007	11	84	368	439	4	269	368	319	0.649	0.723
LOKIASV2_4375_ESMFold_hypothetical_protein	AF-Q9SVU7-F1-model_v4	AF-Q9SVU7-F1-model_v4 Putative transcription factor bHLH056	9.283E+00	0.007	11	82	198	439	2	101	445	120	0.267	0.225
LOKIASV2_4375_ESMFold_hypothetical_protein	AF-Q8LFV3-F1-model_v4	AF-Q8LFV3-F1-model_v4 Cyclic dof factor 3	6.894E+00	0.007	11	47	171	439	89	186	448	127	0.285	0.219
LOKIASV2_4375_ESMFold_hypothetical_protein	AF-P43573-F1-model_v4	AF-P43573-F1-model_v4 Bud site selection protein 27	2.507E+00	0.007	11	78	439	439	127	444	796	383	0.825	0.399
LOKIASV2_4375_ESMFold_hypothetical_protein	AF-A0A7I4KKG0-F1-model_v4	AF-A0A7I4KKG0-F1-model_v4 Transcription factor pos-1, putative	6.894E+00	0.000	10	78	437	439	8	366	371	435	0.820	0.968
LOKIASV2_4375_ESMFold_hypothetical_protein	AF-A0A0H5S655-F1-model_v4	AF-A0A0H5S655-F1-model_v4 Bm9354	8.241E+00	0.000	10	87	432	439	47	362	385	379	0.788	0.821
LOKIASV2_4375_ESMFold_hypothetical_protein	AF-A0A3Q0KMJ0-F1-model_v4	AF-A0A3Q0KMJ0-F1-model_v4 DUF4614 domain-containing protein	4.283E+00	0.000	10	46	420	439	55	404	426	407	0.854	0.822
LOKIASV2_4375_ESMFold_hypothetical_protein	AF-Q03345-F1-model_v4	AF-Q03345-F1-model_v4 Protein lin-3	9.283E+00	0.000	10	81	295	439	154	379	438	246	0.490	0.516
LOKIASV2_4375_ESMFold_hypothetical_protein	AF-A0A0R0JPJ8-F1-model_v4	AF-A0A0R0JPJ8-F1-model_v4 G-patch domain-containing protein	6.496E+00	0.000	10	21	429	439	112	473	502	452	0.932	0.721
LOKIASV2_4375_ESMFold_hypothetical_protein	AF-Q8BR86-F1-model_v4	AF-Q8BR86-F1-model_v4 Kin of IRRE-like protein 3	7.317E+00	0.000	10	91	277	439	468	647	778	213	0.426	0.231
LOKIASV2_4375_ESMFold_hypothetical_protein	AF-A0A0P0VJ04-F1-model_v4	AF-A0A0P0VJ04-F1-model_v4 Os02g0478500 protein	9.283E+00	0.000	9	78	329	439	94	330	363	290	0.574	0.653
LOKIASV2_4375_ESMFold_hypothetical_protein	AF-A0A0J9XYS7-F1-model_v4	AF-A0A0J9XYS7-F1-model_v4 Bm7666, isoform b	6.496E+00	0.000	9	89	397	439	69	355	364	337	0.704	0.788
LOKIASV2_4375_ESMFold_hypothetical_protein	AF-Q8IJB5-F1-model_v4	AF-Q8IJB5-F1-model_v4 Inner membrane complex protein 1m, putative	7.765E+00	0.000	9	82	300	439	97	298	369	230	0.499	0.547
LOKIASV2_4375_ESMFold_hypothetical_protein	AF-Q05812-F1-model_v4	AF-Q05812-F1-model_v4 Meiotic sister-chromatid recombination protein 3	6.120E+00	0.000	9	90	439	439	157	490	728	416	0.797	0.459
LOKIASV2_4375_ESMFold_hypothetical_protein	AF-C0H475-F1-model_v4	AF-C0H475-F1-model_v4 Uncharacterized protein	6.894E+00	0.000	9	76	436	439	179	508	1040	387	0.822	0.317
LOKIASV2_4375_ESMFold_hypothetical_protein	AF-C0NP31-F1-model_v4	AF-C0NP31-F1-model_v4 Uncharacterized protein	6.894E+00	0.000	8	3	325	439	1	340	341	380	0.736	0.997
LOKIASV2_4375_ESMFold_hypothetical_protein	AF-P34167-F1-model_v4	AF-P34167-F1-model_v4 Eukaryotic translation initiation factor 4B	9.283E+00	0.000	8	127	433	439	176	434	436	318	0.699	0.594
LOKIASV2_4375_ESMFold_hypothetical_protein	af_H2KY84_79_194_2.30.29.30	af_H2KY84_79_194_2.30.29.30	2.371E+00	0.233	41	90	124	439	68	103	116	36	0.080	0.310
LOKIASV2_4375_ESMFold_hypothetical_protein	af_Q54BP5_22_162_3.40.630.30	af_Q54BP5_22_162_3.40.630.30	4.299E+00	0.126	34	91	113	439	37	59	141	23	0.052	0.163
LOKIASV2_4375_ESMFold_hypothetical_protein	af_Q4DTK3_225_399_2.60.40.640	af_Q4DTK3_225_399_2.60.40.640	5.789E+00	0.116	33	87	123	439	41	79	175	39	0.084	0.223
LOKIASV2_4375_ESMFold_hypothetical_protein	3wknL00	3wknL00	5.139E+00	0.106	32	91	109	439	14	32	47	19	0.043	0.404
LOKIASV2_4375_ESMFold_hypothetical_protein	af_A0A1D8PG12_149_290_3.40.630.30	af_A0A1D8PG12_149_290_3.40.630.30	2.234E+00	0.106	32	89	128	439	62	95	142	40	0.091	0.239
LOKIASV2_4375_ESMFold_hypothetical_protein	af_P16639_165_307_2.60.40.640	af_P16639_165_307_2.60.40.640	1.983E+00	0.106	32	89	128	439	63	96	143	40	0.091	0.238
LOKIASV2_4375_ESMFold_hypothetical_protein	af_A0A0R0G3N8_217_421_3.30.420.10	af_A0A0R0G3N8_217_421_3.30.420.10	6.920E+00	0.098	31	86	108	439	105	127	205	23	0.052	0.112
LOKIASV2_4375_ESMFold_hypothetical_protein	af_Q4VC44_503_583_2.20.25.240	af_Q4VC44_503_583_2.20.25.240	2.371E+00	0.090	30	91	144	439	22	71	81	55	0.123	0.617
LOKIASV2_4375_ESMFold_hypothetical_protein	af_A0A0R0FWQ0_21_135_2.30.29.30	af_A0A0R0FWQ0_21_135_2.30.29.30	7.345E+00	0.082	29	90	125	439	65	101	115	37	0.082	0.322
LOKIASV2_4375_ESMFold_hypothetical_protein	af_O14133_140_264_3.40.50.1820	af_O14133_140_264_3.40.50.1820	6.920E+00	0.082	29	88	112	439	42	66	125	25	0.057	0.200
LOKIASV2_4375_ESMFold_hypothetical_protein	af_K7K8Q4_145_196_2.20.110.10	af_K7K8Q4_145_196_2.20.110.10	1.761E+00	0.076	28	88	138	439	2	50	52	51	0.116	0.942
LOKIASV2_4375_ESMFold_hypothetical_protein	af_Q9NB04_540_649_2.30.42.10	af_Q9NB04_540_649_2.30.42.10	2.234E+00	0.076	28	87	135	439	31	87	110	59	0.112	0.518
LOKIASV2_4375_ESMFold_hypothetical_protein	af_A0A126GUZ1_2_83_2.20.25.240	af_A0A126GUZ1_2_83_2.20.25.240	4.563E+00	0.069	27	89	133	439	20	66	82	49	0.103	0.573
LOKIASV2_4375_ESMFold_hypothetical_protein	af_Q4D632_555_603_2.20.110.10	af_Q4D632_555_603_2.20.110.10	1.869E+00	0.063	26	88	137	439	2	49	49	51	0.114	0.980
LOKIASV2_4375_ESMFold_hypothetical_protein	af_Q4DQ51_357_415_2.20.110.10	af_Q4DQ51_357_415_2.20.110.10	2.516E+00	0.063	26	89	136	439	7	51	59	48	0.109	0.763
LOKIASV2_4375_ESMFold_hypothetical_protein	af_Q7Z5P9_481_619_2.60.120.200	af_Q7Z5P9_481_619_2.60.120.200	8.273E+00	0.063	26	91	139	439	37	82	139	52	0.112	0.331
LOKIASV2_4375_ESMFold_hypothetical_protein	af_Q5PP28_12_149_2.170.150.80	af_Q5PP28_12_149_2.170.150.80	2.834E+00	0.057	25	89	127	439	79	108	138	40	0.089	0.217
LOKIASV2_4375_ESMFold_hypothetical_protein	af_A0A1D6GTH0_336_481_3.40.50.12670	af_A0A1D6GTH0_336_481_3.40.50.12670	5.789E+00	0.057	25	87	107	439	85	107	146	23	0.048	0.158
LOKIASV2_4375_ESMFold_hypothetical_protein	af_Q6ID68_6_187_3.40.50.300	af_Q6ID68_6_187_3.40.50.300	5.789E+00	0.057	25	89	108	439	34	53	182	20	0.046	0.110
LOKIASV2_4375_ESMFold_hypothetical_protein	af_A0A0N7KT99_62_502_3.40.50.1820	af_A0A0N7KT99_62_502_3.40.50.1820	5.789E+00	0.057	25	87	107	439	381	403	441	23	0.048	0.052
LOKIASV2_4375_ESMFold_hypothetical_protein	af_Q4DFL9_247_292_2.20.110.10	af_Q4DFL9_247_292_2.20.110.10	3.817E+00	0.051	24	88	134	439	2	46	46	48	0.107	0.978
LOKIASV2_4375_ESMFold_hypothetical_protein	af_Q8VIG3_96_156_2.20.110.10	af_Q8VIG3_96_156_2.20.110.10	3.596E+00	0.051	24	88	138	439	2	52	61	53	0.116	0.836
LOKIASV2_4375_ESMFold_hypothetical_protein	2bnoB02	2bnoB02	9.890E+00	0.051	24	91	121	439	12	44	120	33	0.071	0.275
LOKIASV2_4375_ESMFold_hypothetical_protein	af_F8Y416_51_178_3.80.10.10	af_F8Y416_51_178_3.80.10.10	6.521E+00	0.051	24	91	136	439	9	52	128	46	0.105	0.344
LOKIASV2_4375_ESMFold_hypothetical_protein	af_B8K0C4_1_185_3.40.50.300	af_B8K0C4_1_185_3.40.50.300	6.144E+00	0.051	24	91	108	439	33	50	185	18	0.041	0.097
LOKIASV2_4375_ESMFold_hypothetical_protein	af_Q6PH71_143_385_3.60.60.10	af_Q6PH71_143_385_3.60.60.10	6.521E+00	0.051	24	91	121	439	44	73	243	32	0.071	0.123
LOKIASV2_4375_ESMFold_hypothetical_protein	af_Q6ASQ8_116_367_2.120.10.80	af_Q6ASQ8_116_367_2.120.10.80	6.920E+00	0.051	24	89	142	439	34	89	252	58	0.123	0.222
LOKIASV2_4375_ESMFold_hypothetical_protein	af_Q8IP31_31_426_3.40.50.1820	af_Q8IP31_31_426_3.40.50.1820	4.842E+00	0.051	24	90	108	439	344	362	396	19	0.043	0.048
LOKIASV2_4375_ESMFold_hypothetical_protein	af_Q2G105_44_121_3.10.450.40	af_Q2G105_44_121_3.10.450.40	6.144E+00	0.045	23	88	138	439	25	78	78	57	0.116	0.692
LOKIASV2_4375_ESMFold_hypothetical_protein	af_Q9LEY1_377_471_3.40.50.11320	af_Q9LEY1_377_471_3.40.50.11320	6.144E+00	0.045	23	89	108	439	40	61	95	22	0.046	0.232
LOKIASV2_4375_ESMFold_hypothetical_protein	af_O02111_53_175_3.80.10.10	af_O02111_53_175_3.80.10.10	8.273E+00	0.045	23	89	136	439	5	50	123	48	0.109	0.374
LOKIASV2_4375_ESMFold_hypothetical_protein	af_A0A1D6H7X7_82_228_3.40.50.12670	af_A0A1D6H7X7_82_228_3.40.50.12670	8.273E+00	0.045	23	87	107	439	87	109	147	23	0.048	0.156
LOKIASV2_4375_ESMFold_hypothetical_protein	af_Q9LTC3_199_357_2.120.10.80	af_Q9LTC3_199_357_2.120.10.80	6.144E+00	0.045	23	93	145	439	105	150	159	53	0.121	0.289
LOKIASV2_4375_ESMFold_hypothetical_protein	af_Q9LHD8_51_311_2.120.10.80	af_Q9LHD8_51_311_2.120.10.80	8.780E+00	0.045	23	84	132	439	92	145	261	54	0.112	0.207
LOKIASV2_4375_ESMFold_hypothetical_protein	af_Q9VCU7_352_437_2.30.30.140	af_Q9VCU7_352_437_2.30.30.140	5.454E+00	0.040	22	92	129	439	24	60	86	38	0.087	0.430
LOKIASV2_4375_ESMFold_hypothetical_protein	af_Q58954_2_168_3.40.50.300	af_Q58954_2_168_3.40.50.300	1.869E+00	0.040	22	89	140	439	31	70	167	52	0.118	0.240
LOKIASV2_4375_ESMFold_hypothetical_protein	af_Q21760_44_227_2.40.160.200	af_Q21760_44_227_2.40.160.200	5.139E+00	0.040	22	92	135	439	50	105	184	56	0.100	0.304
LOKIASV2_4375_ESMFold_hypothetical_protein	af_Q59PV3_27_283_2.130.10.10	af_Q59PV3_27_283_2.130.10.10	6.920E+00	0.040	22	90	135	439	59	109	257	51	0.105	0.198
LOKIASV2_4375_ESMFold_hypothetical_protein	af_F1QTR0_2_396_3.60.10.10	af_F1QTR0_2_396_3.60.10.10	2.371E+00	0.040	22	87	124	439	242	283	395	42	0.087	0.106
LOKIASV2_4375_ESMFold_hypothetical_protein	af_Q4CQI7_88_132_2.20.110.10	af_Q4CQI7_88_132_2.20.110.10	6.144E+00	0.034	21	88	133	439	2	45	45	46	0.105	0.978
LOKIASV2_4375_ESMFold_hypothetical_protein	af_P0DM40_691_763_2.60.40.10	af_P0DM40_691_763_2.60.40.10	5.454E+00	0.034	21	86	134	439	2	72	73	71	0.112	0.973
LOKIASV2_4375_ESMFold_hypothetical_protein	af_E7F3P0_1_83_3.10.320.10	af_E7F3P0_1_83_3.10.320.10	1.094E+00	0.034	21	91	186	439	12	79	83	101	0.219	0.819
LOKIASV2_4375_ESMFold_hypothetical_protein	af_P19932_44_142_3.30.1370.140	af_P19932_44_142_3.30.1370.140	9.890E+00	0.034	21	86	129	439	46	87	99	44	0.100	0.424
LOKIASV2_4375_ESMFold_hypothetical_protein	af_I1KF23_15_150_3.40.630.30	af_I1KF23_15_150_3.40.630.30	6.521E+00	0.034	21	87	135	439	28	67	136	51	0.112	0.294
LOKIASV2_4375_ESMFold_hypothetical_protein	af_O45686_140_337_3.60.60.10	af_O45686_140_337_3.60.60.10	9.890E+00	0.034	21	91	121	439	44	73	198	31	0.071	0.152
LOKIASV2_4375_ESMFold_hypothetical_protein	af_E7FDE3_26_285_2.130.10.10	af_E7FDE3_26_285_2.130.10.10	9.319E+00	0.034	21	90	130	439	90	128	260	41	0.093	0.150
LOKIASV2_4375_ESMFold_hypothetical_protein	af_Q4TTB0_48_317_3.80.10.10	af_Q4TTB0_48_317_3.80.10.10	8.780E+00	0.034	21	88	136	439	10	57	270	51	0.112	0.178
LOKIASV2_4375_ESMFold_hypothetical_protein	af_Q9LZY2_79_203_3.30.310.50	af_Q9LZY2_79_203_3.30.310.50	4.842E+00	0.029	20	89	143	439	57	114	125	64	0.125	0.464
LOKIASV2_4375_ESMFold_hypothetical_protein	af_Q8WZA2_373_503_2.60.120.10	af_Q8WZA2_373_503_2.60.120.10	7.345E+00	0.029	20	93	141	439	92	123	131	49	0.112	0.244
LOKIASV2_4375_ESMFold_hypothetical_protein	af_Q2FWL1_1_136_3.40.630.30	af_Q2FWL1_1_136_3.40.630.30	4.299E+00	0.029	20	91	144	439	32	73	136	54	0.123	0.309
LOKIASV2_4375_ESMFold_hypothetical_protein	af_Q9UT43_401_558_2.70.150.10	af_Q9UT43_401_558_2.70.150.10	4.299E+00	0.029	20	81	132	439	82	138	158	59	0.118	0.361
LOKIASV2_4375_ESMFold_hypothetical_protein	af_Q8I5J6_182_360_2.30.310.10	af_Q8I5J6_182_360_2.30.310.10	3.193E+00	0.029	20	87	140	439	16	68	179	54	0.123	0.296
LOKIASV2_4375_ESMFold_hypothetical_protein	af_A4IAH0_239_432_2.60.40.640	af_A4IAH0_239_432_2.60.40.640	6.144E+00	0.029	20	87	136	439	38	91	194	56	0.114	0.278
LOKIASV2_4375_ESMFold_hypothetical_protein	af_P46957_206_487_3.60.21.50	af_P46957_206_487_3.60.21.50	6.521E+00	0.029	20	90	134	439	238	282	282	46	0.103	0.160
LOKIASV2_4375_ESMFold_hypothetical_protein	af_Q56WF8_90_505_3.40.50.1820	af_Q56WF8_90_505_3.40.50.1820	6.521E+00	0.029	20	91	131	439	358	384	416	41	0.093	0.065
LOKIASV2_4375_ESMFold_hypothetical_protein	af_F1QSL0_59_134_3.30.200.20	af_F1QSL0_59_134_3.30.200.20	9.890E+00	0.024	19	89	123	439	1	33	76	35	0.080	0.434
LOKIASV2_4375_ESMFold_hypothetical_protein	2idkB01	2idkB01	7.345E+00	0.024	19	78	129	439	30	71	76	52	0.118	0.553
LOKIASV2_4375_ESMFold_hypothetical_protein	af_K7KR60_12_136_2.170.150.80	af_K7KR60_12_136_2.170.150.80	1.659E+00	0.024	19	89	136	439	73	124	125	60	0.109	0.416
LOKIASV2_4375_ESMFold_hypothetical_protein	af_K7KVS1_277_416_3.40.50.12670	af_K7KVS1_277_416_3.40.50.12670	5.139E+00	0.024	19	87	131	439	80	113	140	48	0.103	0.243
LOKIASV2_4375_ESMFold_hypothetical_protein	af_Q84NP5_560_706_3.40.630.30	af_Q84NP5_560_706_3.40.630.30	6.144E+00	0.024	19	27	114	439	2	72	147	88	0.200	0.483
LOKIASV2_4375_ESMFold_hypothetical_protein	af_Q8WUH2_34_292_2.130.10.10	af_Q8WUH2_34_292_2.130.10.10	9.319E+00	0.024	19	90	129	439	88	127	259	42	0.091	0.154
LOKIASV2_4375_ESMFold_hypothetical_protein	af_P87324_167_458_3.60.21.50	af_P87324_167_458_3.60.21.50	4.051E+00	0.024	19	89	140	439	240	290	292	55	0.118	0.175
LOKIASV2_4375_ESMFold_hypothetical_protein	af_K7M609_17_316_2.130.10.10	af_K7M609_17_316_2.130.10.10	6.920E+00	0.024	19	88	136	439	58	104	300	49	0.112	0.157
LOKIASV2_4375_ESMFold_hypothetical_protein	af_C0H478_76_387_2.120.10.80	af_C0H478_76_387_2.120.10.80	6.144E+00	0.024	19	89	139	439	133	188	312	58	0.116	0.179
LOKIASV2_4375_ESMFold_hypothetical_protein	af_A0A1D8PDV9_12_69_2.30.30.40	af_A0A1D8PDV9_12_69_2.30.30.40	9.890E+00	0.020	18	88	134	439	21	58	58	47	0.107	0.655
LOKIASV2_4375_ESMFold_hypothetical_protein	af_Q8ILX2_143_223_2.20.110.10	af_Q8ILX2_143_223_2.20.110.10	4.299E+00	0.020	18	88	185	439	6	80	81	98	0.223	0.926
LOKIASV2_4375_ESMFold_hypothetical_protein	af_A0A1D8PCU3_19_132_2.60.40.790	af_A0A1D8PCU3_19_132_2.60.40.790	6.144E+00	0.020	18	78	137	439	8	82	114	77	0.137	0.658
LOKIASV2_4375_ESMFold_hypothetical_protein	af_Q8RXD8_6_193_2.130.10.10	af_Q8RXD8_6_193_2.130.10.10	8.780E+00	0.020	18	88	137	439	68	115	188	50	0.114	0.255
LOKIASV2_4375_ESMFold_hypothetical_protein	af_A0A0P0VH05_96_300_2.40.160.200	af_A0A0P0VH05_96_300_2.40.160.200	8.780E+00	0.020	18	88	133	439	66	122	205	60	0.105	0.278
LOKIASV2_4375_ESMFold_hypothetical_protein	af_Q75KS2_105_361_3.90.190.10	af_Q75KS2_105_361_3.90.190.10	6.521E+00	0.020	18	95	129	439	114	150	257	37	0.080	0.144
LOKIASV2_4375_ESMFold_hypothetical_protein	af_P46857_5_83_3.40.1350.10	af_P46857_5_83_3.40.1350.10	6.521E+00	0.016	17	88	143	439	15	78	79	67	0.128	0.810
LOKIASV2_4375_ESMFold_hypothetical_protein	af_K7M0P1_666_784_2.30.30.40	af_K7M0P1_666_784_2.30.30.40	4.563E+00	0.016	17	90	132	439	8	53	119	48	0.098	0.387
LOKIASV2_4375_ESMFold_hypothetical_protein	af_A0A1D6M3A7_1508_1627_2.30.30.40	af_A0A1D6M3A7_1508_1627_2.30.30.40	8.780E+00	0.016	17	90	129	439	65	114	120	52	0.091	0.417
LOKIASV2_4375_ESMFold_hypothetical_protein	af_P61074_1_165_3.10.150.10	af_P61074_1_165_3.10.150.10	4.051E+00	0.016	17	101	185	439	83	158	165	93	0.194	0.461
LOKIASV2_4375_ESMFold_hypothetical_protein	af_Q9LW83_149_350_2.90.10.10	af_Q9LW83_149_350_2.90.10.10	5.789E+00	0.016	17	87	152	439	76	152	202	82	0.150	0.381
LOKIASV2_4375_ESMFold_hypothetical_protein	af_Q54KA3_23_431_2.130.10.10	af_Q54KA3_23_431_2.130.10.10	7.795E+00	0.016	17	86	133	439	269	329	409	61	0.109	0.149
LOKIASV2_4375_ESMFold_hypothetical_protein	af_Q9VJN0_11_425_3.40.50.1820	af_Q9VJN0_11_425_3.40.50.1820	5.789E+00	0.016	17	90	129	439	359	384	415	40	0.091	0.063
LOKIASV2_4375_ESMFold_hypothetical_protein	af_D3ZIK0_1_416_2.60.120.430	af_D3ZIK0_1_416_2.60.120.430	5.789E+00	0.016	17	86	140	439	99	163	416	65	0.125	0.156
LOKIASV2_4375_ESMFold_hypothetical_protein	af_A4IDU5_812_880_2.60.420.10	af_A4IDU5_812_880_2.60.420.10	6.521E+00	0.014	16	91	139	439	26	59	69	49	0.112	0.493
LOKIASV2_4375_ESMFold_hypothetical_protein	af_Q84WF0_385_479_3.40.50.11320	af_Q84WF0_385_479_3.40.50.11320	8.273E+00	0.014	16	87	131	439	38	71	95	48	0.103	0.358
LOKIASV2_4375_ESMFold_hypothetical_protein	af_A0A0R0F3M2_2_122_3.10.450.50	af_A0A0R0F3M2_2_122_3.10.450.50	5.454E+00	0.014	16	82	140	439	57	120	121	66	0.134	0.529
LOKIASV2_4375_ESMFold_hypothetical_protein	af_A0A0P0WL04_41_162_3.10.450.50	af_A0A0P0WL04_41_162_3.10.450.50	9.890E+00	0.014	16	91	138	439	68	121	122	56	0.109	0.443
LOKIASV2_4375_ESMFold_hypothetical_protein	af_Q99965_14_141_2.40.128.200	af_Q99965_14_141_2.40.128.200	6.144E+00	0.014	16	79	139	439	2	76	128	79	0.139	0.586
LOKIASV2_4375_ESMFold_hypothetical_protein	af_Q03392_1_162_3.10.150.10	af_Q03392_1_162_3.10.150.10	4.563E+00	0.014	16	101	185	439	83	156	162	89	0.194	0.457
LOKIASV2_4375_ESMFold_hypothetical_protein	af_A0A1D8PEP2_3_207_2.130.10.10	af_A0A1D8PEP2_3_207_2.130.10.10	9.890E+00	0.014	16	85	141	439	38	91	205	58	0.130	0.263
LOKIASV2_4375_ESMFold_hypothetical_protein	af_Q8BZT2_376_443_2.30.30.40	af_Q8BZT2_376_443_2.30.30.40	9.890E+00	0.011	15	82	132	439	2	60	68	60	0.116	0.868
LOKIASV2_4375_ESMFold_hypothetical_protein	1ub4C00	1ub4C00	5.139E+00	0.011	15	92	140	439	2	54	75	56	0.112	0.707
LOKIASV2_4375_ESMFold_hypothetical_protein	af_Q95XW5_221_299_2.30.30.40	af_Q95XW5_221_299_2.30.30.40	7.795E+00	0.011	15	90	146	439	1	71	79	74	0.130	0.899
LOKIASV2_4375_ESMFold_hypothetical_protein	af_Q8L7B2_399_494_3.40.50.11320	af_Q8L7B2_399_494_3.40.50.11320	6.521E+00	0.011	15	87	131	439	38	71	96	48	0.103	0.354
LOKIASV2_4375_ESMFold_hypothetical_protein	af_P17561_72_197_2.50.20.10	af_P17561_72_197_2.50.20.10	6.521E+00	0.011	15	87	146	439	44	121	126	78	0.137	0.619
LOKIASV2_4375_ESMFold_hypothetical_protein	af_A0A1D6Q628_30_164_2.170.150.80	af_A0A1D6Q628_30_164_2.170.150.80	3.193E+00	0.011	15	89	141	439	78	132	135	62	0.121	0.407
LOKIASV2_4375_ESMFold_hypothetical_protein	af_A0A0P0WYC6_63_253_2.170.150.80	af_A0A0P0WYC6_63_253_2.170.150.80	7.345E+00	0.011	15	89	136	439	124	173	191	58	0.109	0.262
LOKIASV2_4375_ESMFold_hypothetical_protein	af_Q54E85_2_221_3.40.50.300	af_Q54E85_2_221_3.40.50.300	4.051E+00	0.011	15	76	186	439	67	171	220	123	0.253	0.477
LOKIASV2_4375_ESMFold_hypothetical_protein	af_D3YYY8_789_849_2.30.30.40	af_D3YYY8_789_849_2.30.30.40	7.795E+00	0.010	14	94	131	439	8	51	61	45	0.087	0.721
LOKIASV2_4375_ESMFold_hypothetical_protein	1t6aA02	1t6aA02	9.890E+00	0.010	14	92	136	439	1	42	76	45	0.103	0.553
LOKIASV2_4375_ESMFold_hypothetical_protein	af_O65155_88_165_2.30.31.10	af_O65155_88_165_2.30.31.10	5.789E+00	0.010	14	93	129	439	8	45	78	39	0.084	0.487
LOKIASV2_4375_ESMFold_hypothetical_protein	af_Q6DHD0_2_83_2.30.30.140	af_Q6DHD0_2_83_2.30.30.140	9.319E+00	0.010	14	91	140	439	29	79	82	54	0.114	0.622
LOKIASV2_4375_ESMFold_hypothetical_protein	af_O80438_21_183_3.40.630.30	af_O80438_21_183_3.40.630.30	9.890E+00	0.010	14	93	143	439	38	82	163	54	0.116	0.276
LOKIASV2_4375_ESMFold_hypothetical_protein	af_O13896_55_109_2.20.25.10	af_O13896_55_109_2.20.25.10	9.890E+00	0.009	13	81	129	439	15	53	55	51	0.112	0.709
LOKIASV2_4375_ESMFold_hypothetical_protein	2gqiA00	2gqiA00	8.273E+00	0.009	13	89	136	439	18	71	71	57	0.109	0.761
LOKIASV2_4375_ESMFold_hypothetical_protein	4r80B00	4r80B00	8.780E+00	0.009	13	86	129	439	22	67	76	51	0.100	0.605
LOKIASV2_4375_ESMFold_hypothetical_protein	af_Q9NUL3_1_90_3.30.160.20	af_Q9NUL3_1_90_3.30.160.20	9.319E+00	0.009	13	89	135	439	22	58	90	47	0.107	0.411
LOKIASV2_4375_ESMFold_hypothetical_protein	af_B7EDI5_1_135_3.80.10.10	af_B7EDI5_1_135_3.80.10.10	9.319E+00	0.009	13	78	134	439	68	134	135	67	0.130	0.496
LOKIASV2_4375_ESMFold_hypothetical_protein	af_Q7YXH1_1_146_3.30.200.20	af_Q7YXH1_1_146_3.30.200.20	6.521E+00	0.009	13	90	125	439	27	70	146	45	0.082	0.301
LOKIASV2_4375_ESMFold_hypothetical_protein	af_Q2FUW7_134_309_3.40.50.2000	af_Q2FUW7_134_309_3.40.50.2000	8.780E+00	0.009	13	91	130	439	15	62	176	48	0.091	0.273
LOKIASV2_4375_ESMFold_hypothetical_protein	af_Q4DPX0_71_373_2.130.10.10	af_Q4DPX0_71_373_2.130.10.10	8.273E+00	0.009	13	98	188	439	203	290	303	93	0.207	0.290
LOKIASV2_4375_ESMFold_hypothetical_protein	af_P03010_1_491_3.30.420.10	af_P03010_1_491_3.30.420.10	9.319E+00	0.009	13	78	142	439	81	133	491	66	0.148	0.108
LOKIASV2_4375_ESMFold_hypothetical_protein	af_V6CLC2_1_1089_1.25.10.10	af_V6CLC2_1_1089_1.25.10.10	6.920E+00	0.009	13	76	270	439	902	1050	1089	204	0.444	0.137
LOKIASV2_4375_ESMFold_hypothetical_protein	af_Q1LUW2_158_229_2.30.30.40	af_Q1LUW2_158_229_2.30.30.40	7.795E+00	0.008	12	86	134	439	9	71	72	63	0.112	0.875
LOKIASV2_4375_ESMFold_hypothetical_protein	1x2qA00	1x2qA00	7.345E+00	0.008	12	89	140	439	27	82	88	58	0.118	0.636
LOKIASV2_4375_ESMFold_hypothetical_protein	af_O33317_1_147_3.40.630.30	af_O33317_1_147_3.40.630.30	7.795E+00	0.008	12	76	144	439	27	86	147	72	0.157	0.408
LOKIASV2_4375_ESMFold_hypothetical_protein	af_Q9VEW5_2_179_2.60.120.200	af_Q9VEW5_2_179_2.60.120.200	7.345E+00	0.008	12	102	185	439	49	115	178	88	0.191	0.376
LOKIASV2_4375_ESMFold_hypothetical_protein	af_P39706_165_400_2.130.10.10	af_P39706_165_400_2.130.10.10	9.319E+00	0.008	12	91	187	439	117	224	236	118	0.221	0.458
LOKIASV2_4375_ESMFold_hypothetical_protein	af_Q7K3W4_31_298_2.60.40.4100	af_Q7K3W4_31_298_2.60.40.4100	2.105E+00	0.008	12	92	170	439	60	131	268	85	0.180	0.269
LOKIASV2_4375_ESMFold_hypothetical_protein	af_Q6ZC72_1_87_3.30.505.10	af_Q6ZC72_1_87_3.30.505.10	7.795E+00	0.007	11	89	136	439	15	58	87	52	0.109	0.506
LOKIASV2_4375_ESMFold_hypothetical_protein	af_A4IDI3_157_301_3.40.630.30	af_A4IDI3_157_301_3.40.630.30	9.319E+00	0.007	11	29	129	439	5	78	145	103	0.230	0.510
LOKIASV2_4375_ESMFold_hypothetical_protein	af_Q9VEW5_9_167_2.60.120.200	af_Q9VEW5_9_167_2.60.120.200	5.454E+00	0.007	11	83	185	439	5	108	159	125	0.235	0.654
LOKIASV2_4375_ESMFold_hypothetical_protein	af_F1M589_577_886_3.30.420.10	af_F1M589_577_886_3.30.420.10	8.273E+00	0.000	10	68	148	439	8	84	310	93	0.185	0.248
LOKIASV2_4375_ESMFold_hypothetical_protein	af_Q55AG0_373_688_2.130.10.10	af_Q55AG0_373_688_2.130.10.10	3.596E+00	0.000	10	84	198	439	77	171	316	119	0.262	0.301
LOKIASV2_4375_ESMFold_hypothetical_protein	3l0xA00	3l0xA00	9.890E+00	0.000	9	89	185	439	86	156	163	99	0.221	0.436
LOKIASV2_4375_ESMFold_hypothetical_protein	af_K7M8S6_1_396_3.30.420.10	af_K7M8S6_1_396_3.30.420.10	9.319E+00	0.000	8	91	184	439	26	117	396	108	0.214	0.232
LOKIASV2_4375_ESMFold_hypothetical_protein	6b9s-assembly3.cif.gz_F	6b9s-assembly3.cif.gz_F MPnS crystallized in the absence of substrate	6.136E+00	0.098	31	93	124	439	53	85	397	33	0.073	0.083
LOKIASV2_4375_ESMFold_hypothetical_protein	5z1p-assembly1.cif.gz_A	5z1p-assembly1.cif.gz_A Structural basis of the improved sweetness and stability of the single-chain sweet-tasting protein monellin (MNEI)	4.557E+00	0.090	30	89	130	439	31	86	95	56	0.096	0.589
LOKIASV2_4375_ESMFold_hypothetical_protein	3wkn-assembly4.cif.gz_P	3wkn-assembly4.cif.gz_P Crystal structure of the artificial protein AFFinger p17 (AF.p17) complexed with Fc fragment of human IgG	8.769E+00	0.069	27	91	113	439	12	32	43	23	0.052	0.488
LOKIASV2_4375_ESMFold_hypothetical_protein	3en8-assembly1.cif.gz_A-2	3en8-assembly1.cif.gz_A-2 Crystal structure of NTF-2 like protein of unknown function (YP_553245.1) from BURKHOLDERIA XENOVORANS LB400 at 1.85 A resolution	1.561E+00	0.069	27	90	137	439	64	118	128	55	0.109	0.430
LOKIASV2_4375_ESMFold_hypothetical_protein	4yar-assembly1.cif.gz_A	4yar-assembly1.cif.gz_A 2-Hydroxyethylphosphonate dioxygenase (HEPD) E176H	8.769E+00	0.069	27	93	121	439	83	111	429	29	0.066	0.068
LOKIASV2_4375_ESMFold_hypothetical_protein	6j4f-assembly1.cif.gz_F	6j4f-assembly1.cif.gz_F Crystal structure of the AtWRKY2 domain	2.667E+00	0.063	26	89	138	439	7	59	63	55	0.114	0.841
LOKIASV2_4375_ESMFold_hypothetical_protein	2rpr-assembly1.cif.gz_A	2rpr-assembly1.cif.gz_A Solution structure of the fifth FLYWCH domain of FLYWCH-type zinc finger-containing protein 1	5.133E+00	0.063	26	91	143	439	28	79	87	54	0.121	0.598
LOKIASV2_4375_ESMFold_hypothetical_protein	5z1p-assembly4.cif.gz_D	5z1p-assembly4.cif.gz_D Structural basis of the improved sweetness and stability of the single-chain sweet-tasting protein monellin (MNEI)	8.262E+00	0.057	25	89	130	439	31	82	91	53	0.096	0.571
LOKIASV2_4375_ESMFold_hypothetical_protein	7d11-assembly1.cif.gz_A	7d11-assembly1.cif.gz_A Solution structure of a WKRY DNA-binding domain	4.557E+00	0.051	24	89	134	439	23	74	79	52	0.105	0.658
LOKIASV2_4375_ESMFold_hypothetical_protein	3iez-assembly1.cif.gz_A	3iez-assembly1.cif.gz_A Crystal structure of the RasGAP C-terminal (RGC) domain of IQGAP2	7.335E+00	0.051	24	91	128	439	16	54	94	39	0.087	0.415
LOKIASV2_4375_ESMFold_hypothetical_protein	5boi-assembly1.cif.gz_A	5boi-assembly1.cif.gz_A Bacillus megaterium YpeB C-terminal domain	8.262E+00	0.051	24	88	143	439	22	80	226	59	0.128	0.261
LOKIASV2_4375_ESMFold_hypothetical_protein	5lc6-assembly1.cif.gz_A	5lc6-assembly1.cif.gz_A Crystal structure of a single chain monellin mutant: Q28K/C41S/Y65R-MNEI	5.133E+00	0.034	21	90	136	439	33	87	92	56	0.107	0.598
LOKIASV2_4375_ESMFold_hypothetical_protein	6p1h-assembly1.cif.gz_B	6p1h-assembly1.cif.gz_B Cryo-EM Structure of DNA Polymerase Delta Holoenzyme	6.136E+00	0.034	21	89	131	439	425	467	469	44	0.098	0.092
LOKIASV2_4375_ESMFold_hypothetical_protein	5lc6-assembly2.cif.gz_B	5lc6-assembly2.cif.gz_B Crystal structure of a single chain monellin mutant: Q28K/C41S/Y65R-MNEI	5.447E+00	0.029	20	89	136	439	32	85	90	57	0.109	0.600
LOKIASV2_4375_ESMFold_hypothetical_protein	6j4f-assembly2.cif.gz_B	6j4f-assembly2.cif.gz_B Crystal structure of the AtWRKY2 domain	8.769E+00	0.024	19	89	134	439	7	58	63	53	0.105	0.825
LOKIASV2_4375_ESMFold_hypothetical_protein	4bhm-assembly1.cif.gz_D	4bhm-assembly1.cif.gz_D The crystal structure of MoSub1-DNA complex reveals a novel DNA binding mode	3.812E+00	0.024	19	95	128	439	8	42	75	35	0.077	0.467
LOKIASV2_4375_ESMFold_hypothetical_protein	5o7s-assembly1.cif.gz_A	5o7s-assembly1.cif.gz_A Crystal structure of a single chain monellin mutant (Y65R) pH 8.3	7.335E+00	0.024	19	89	138	439	32	88	91	59	0.114	0.626
LOKIASV2_4375_ESMFold_hypothetical_protein	5yct-assembly1.cif.gz_A	5yct-assembly1.cif.gz_A Engineered hairpin loop3 mutant monomer in Single-chain Monellin	9.877E+00	0.024	19	89	136	439	32	91	96	60	0.109	0.625
LOKIASV2_4375_ESMFold_hypothetical_protein	3msw-assembly1.cif.gz_A	3msw-assembly1.cif.gz_A Crystal structure of a Protein with unknown function (BF3112) from Bacteroides fragilis NCTC 9343 at 1.90 A resolution	7.335E+00	0.024	19	87	129	439	4	68	139	65	0.098	0.468
LOKIASV2_4375_ESMFold_hypothetical_protein	5kph-assembly1.cif.gz_A	5kph-assembly1.cif.gz_A Solution NMR Structure of Denovo Beta Sheet Design Protein, Northeast Structural Genomics Consortium (NESG) Target OR485	8.769E+00	0.020	18	86	138	439	23	85	85	63	0.121	0.741
LOKIASV2_4375_ESMFold_hypothetical_protein	6rm3-assembly1.cif.gz_LM0	6rm3-assembly1.cif.gz_LM0 Evolutionary compaction and adaptation visualized by the structure of the dormant microsporidian ribosome	4.557E+00	0.020	18	89	138	439	5	61	91	58	0.114	0.626
LOKIASV2_4375_ESMFold_hypothetical_protein	5yct-assembly2.cif.gz_B	5yct-assembly2.cif.gz_B Engineered hairpin loop3 mutant monomer in Single-chain Monellin	8.262E+00	0.020	18	89	138	439	32	88	91	59	0.114	0.626
LOKIASV2_4375_ESMFold_hypothetical_protein	2o9u-assembly1.cif.gz_X	2o9u-assembly1.cif.gz_X Monellin (MNEI) at 1.15 resolution	7.785E+00	0.020	18	89	138	439	32	93	96	62	0.114	0.646
LOKIASV2_4375_ESMFold_hypothetical_protein	7ung-assembly1.cif.gz_5	7ung-assembly1.cif.gz_5 48-nm repeat of the human respiratory doublet microtubule	8.769E+00	0.020	18	91	134	439	6	49	371	46	0.100	0.119
LOKIASV2_4375_ESMFold_hypothetical_protein	6l4n-assembly1.cif.gz_B	6l4n-assembly1.cif.gz_B Domain swapped dimer of Monellin loop1 mutant with QVPAG motif	8.262E+00	0.016	17	89	136	439	50	89	89	49	0.109	0.449
LOKIASV2_4375_ESMFold_hypothetical_protein	3azb-assembly4.cif.gz_W	3azb-assembly4.cif.gz_W Beta-Hydroxyacyl-Acyl Carrier Protein Dehydratase (FabZ) from Plasmodium falciparum in complex with NAS91-11	7.785E+00	0.016	17	89	132	439	92	136	142	45	0.100	0.317
LOKIASV2_4375_ESMFold_hypothetical_protein	1zbj-assembly1.cif.gz_A	1zbj-assembly1.cif.gz_A Inferential Structure Determination of the Fyn SH3 domain using NOESY data from a 15N,H2 enriched protein	5.133E+00	0.014	16	89	134	439	5	58	59	54	0.105	0.915
LOKIASV2_4375_ESMFold_hypothetical_protein	2d1x-assembly1.cif.gz_A	2d1x-assembly1.cif.gz_A The crystal structure of the cortactin-SH3 domain and AMAP1-peptide complex	8.769E+00	0.014	16	89	132	439	3	53	60	53	0.100	0.850
LOKIASV2_4375_ESMFold_hypothetical_protein	7ui9-assembly1.cif.gz_I	7ui9-assembly1.cif.gz_I Core Mediator-PICearly (Copy A)	7.785E+00	0.014	16	62	134	439	40	116	116	81	0.166	0.664
LOKIASV2_4375_ESMFold_hypothetical_protein	3ehr-assembly1.cif.gz_A	3ehr-assembly1.cif.gz_A Crystal Structure of Human Osteoclast Stimulating Factor	8.769E+00	0.014	16	93	131	439	10	50	178	43	0.089	0.230
LOKIASV2_4375_ESMFold_hypothetical_protein	7tku-assembly1.cif.gz_G	7tku-assembly1.cif.gz_G Structure of the yeast clamp loader (Replication Factor C RFC) bound to the open sliding clamp (Proliferating Cell Nuclear Antigen PCNA)	8.769E+00	0.014	16	100	141	439	82	129	251	48	0.096	0.191
LOKIASV2_4375_ESMFold_hypothetical_protein	6s9u-assembly1.cif.gz_A	6s9u-assembly1.cif.gz_A Crystal structure of sucrose 6F-phosphate phosphorylase from Ilumatobacter coccineus	6.911E+00	0.014	16	87	134	439	467	519	520	57	0.109	0.102
LOKIASV2_4375_ESMFold_hypothetical_protein	3bk3-assembly1.cif.gz_C	3bk3-assembly1.cif.gz_C Crystal structure of the complex of BMP-2 and the first Von Willebrand domain type C of Crossveinless-2	8.769E+00	0.011	15	92	140	439	6	50	67	51	0.112	0.672
LOKIASV2_4375_ESMFold_hypothetical_protein	1ub4-assembly1.cif.gz_C-2	1ub4-assembly1.cif.gz_C-2 crystal structure of MazEF complex	6.512E+00	0.011	15	92	140	439	2	54	75	56	0.112	0.707
LOKIASV2_4375_ESMFold_hypothetical_protein	6u7e-assembly1.cif.gz_C	6u7e-assembly1.cif.gz_C HCoV-229E RBD Class III in complex with human APN	7.785E+00	0.011	15	90	131	439	60	104	109	45	0.096	0.413
LOKIASV2_4375_ESMFold_hypothetical_protein	4lmg-assembly1.cif.gz_A	4lmg-assembly1.cif.gz_A Crystal structure of AFT2 in complex with DNA	7.335E+00	0.011	15	89	188	439	29	103	120	102	0.228	0.625
LOKIASV2_4375_ESMFold_hypothetical_protein	7f4c-assembly1.cif.gz_A	7f4c-assembly1.cif.gz_A The crystal structure of the immature holo-enzyme of homoserine dehydrogenase complexed with NADP and 1,4-butandiol from the hyperthermophilic archaeon Sulfurisphaera tokodaii.	8.262E+00	0.011	15	109	141	439	223	254	300	33	0.075	0.107
LOKIASV2_4375_ESMFold_hypothetical_protein	1fmk-assembly1.cif.gz_A	1fmk-assembly1.cif.gz_A CRYSTAL STRUCTURE OF HUMAN TYROSINE-PROTEIN KINASE C-SRC	7.335E+00	0.011	15	87	137	439	8	62	438	55	0.116	0.126
LOKIASV2_4375_ESMFold_hypothetical_protein	2cuc-assembly1.cif.gz_A	2cuc-assembly1.cif.gz_A Solution structure of the SH3 domain of the mouse hypothetical protein SH3RF2	8.262E+00	0.010	14	92	137	439	14	67	70	54	0.105	0.771
LOKIASV2_4375_ESMFold_hypothetical_protein	4s36-assembly1.cif.gz_A	4s36-assembly1.cif.gz_A Crystal structure of the C-terminal domain of R2 pyocin membrane-piercing spike	2.231E+00	0.010	14	90	162	439	1	88	90	95	0.166	0.978
LOKIASV2_4375_ESMFold_hypothetical_protein	7w3a-assembly1.cif.gz_C	7w3a-assembly1.cif.gz_C Structure of USP14-bound human 26S proteasome in substrate-engaged state ED4_USP14	3.004E+00	0.010	14	86	188	439	55	162	396	118	0.235	0.273
LOKIASV2_4375_ESMFold_hypothetical_protein	2zw9-assembly2.cif.gz_B	2zw9-assembly2.cif.gz_B Crystal structure of tRNA wybutosine synthesizing enzyme TYW4	5.781E+00	0.010	14	54	138	439	320	405	664	96	0.194	0.130
LOKIASV2_4375_ESMFold_hypothetical_protein	6hlq-assembly1.cif.gz_I	6hlq-assembly1.cif.gz_I Yeast RNA polymerase I* elongation complex bound to nucleotide analog GMPCPP	7.335E+00	0.009	13	48	132	439	38	111	111	87	0.194	0.667
LOKIASV2_4375_ESMFold_hypothetical_protein	1x2q-assembly1.cif.gz_A	1x2q-assembly1.cif.gz_A Solution structure of the SH3 domain of the Signal transducing adaptor molecule 2	9.306E+00	0.008	12	89	140	439	27	82	88	58	0.118	0.636
LOKIASV2_4375_ESMFold_hypothetical_protein	2yun-assembly1.cif.gz_A	2yun-assembly1.cif.gz_A Solution structure of the SH3 domain of human Nostrin	7.785E+00	0.007	11	94	138	439	14	69	79	57	0.103	0.709
LOKIASV2_4375_ESMFold_hypothetical_protein	6hls-assembly1.cif.gz_I	6hls-assembly1.cif.gz_I Yeast apo RNA polymerase I*	7.785E+00	0.007	11	49	132	439	39	107	107	85	0.191	0.645
LOKIASV2_4375_ESMFold_hypothetical_protein	4s37-assembly3.cif.gz_G	4s37-assembly3.cif.gz_G Crystal structure of R2 pyocin membrane-piercing spike	8.769E+00	0.007	11	91	152	439	96	166	175	76	0.141	0.406
LOKIASV2_4375_ESMFold_hypothetical_protein	4s37-assembly6.cif.gz_Q	4s37-assembly6.cif.gz_Q Crystal structure of R2 pyocin membrane-piercing spike	9.877E+00	0.000	9	91	141	439	86	153	166	73	0.116	0.410
LOKIASV2_4375_ESMFold_hypothetical_protein	MGYP000355968032.pdb.gz	MGYP000355968032.pdb.gz	8.939E+00	0.569	53	84	136	439	22	74	255	53	0.121	0.208
LOKIASV2_4375_ESMFold_hypothetical_protein	MGYP001768132098.pdb.gz	MGYP001768132098.pdb.gz	5.894E+00	0.196	39	86	140	439	110	167	168	63	0.125	0.345
LOKIASV2_4375_ESMFold_hypothetical_protein	MGYP001481679129.pdb.gz	MGYP001481679129.pdb.gz	4.645E+00	0.164	37	82	136	439	106	160	171	55	0.125	0.322
LOKIASV2_4375_ESMFold_hypothetical_protein	MGYP000171411924.pdb.gz	MGYP000171411924.pdb.gz	7.046E+00	0.069	27	59	137	439	42	116	274	80	0.180	0.274
LOKIASV2_4375_ESMFold_hypothetical_protein	MGYP003610861572.pdb.gz	MGYP003610861572.pdb.gz	7.478E+00	0.063	26	60	173	439	261	378	383	129	0.260	0.308
LOKIASV2_4375_ESMFold_hypothetical_protein	MGYP003646670463.pdb.gz	MGYP003646670463.pdb.gz	3.250E+00	0.063	26	42	190	439	198	345	964	162	0.339	0.154
LOKIASV2_4375_ESMFold_hypothetical_protein	MGYP000088350423.pdb.gz	MGYP000088350423.pdb.gz	9.487E+00	0.051	24	88	186	439	150	236	239	103	0.226	0.364
LOKIASV2_4375_ESMFold_hypothetical_protein	MGYP000959922367.pdb.gz	MGYP000959922367.pdb.gz	5.553E+00	0.034	21	89	188	439	19	130	554	113	0.228	0.202
LOKIASV2_4375_ESMFold_hypothetical_protein	MGYP000453151626.pdb.gz	MGYP000453151626.pdb.gz	7.046E+00	0.029	20	89	236	439	13	137	497	151	0.337	0.252
LOKIASV2_4375_ESMFold_hypothetical_protein	MGYP001594752138.pdb.gz	MGYP001594752138.pdb.gz	5.232E+00	0.014	16	92	324	439	545	764	783	250	0.531	0.281
LOKIASV2_4375_ESMFold_hypothetical_protein	MGYP002712716602.pdb.gz	MGYP002712716602.pdb.gz	7.478E+00	0.011	15	86	230	439	229	392	404	175	0.330	0.406
LOKIASV2_4375_ESMFold_hypothetical_protein	MGYP000046460683.pdb.gz	MGYP000046460683.pdb.gz	8.423E+00	0.010	14	88	310	439	247	423	436	257	0.508	0.406
LOKIASV2_4375_ESMFold_hypothetical_protein	ProtVar_O75031_P13994_B	ProtVar_O75031_P13994_B 	7.788E+00	0.020	18	89	186	439	69	161	396	100	0.223	0.235
LOKIASV2_4375_ESMFold_hypothetical_protein	ModelArchive_ma-bak-cepc-0251_A	ModelArchive_ma-bak-cepc-0251_A Predicted interaction between YJU2 and CLF1 Predicted interaction between YJU2 and CLF1	6.515E+00	0.009	13	88	186	439	65	151	278	107	0.226	0.313
LOKIASV2_4375_ESMFold_hypothetical_protein	ProtVar_Q8WV41_Q96RF0_B	ProtVar_Q8WV41_Q96RF0_B 	8.773E+00	0.007	11	94	138	439	9	67	628	59	0.103	0.094
LOKIASV2_4375_ESMFold_hypothetical_protein	ProtVar_P06756_Q02297_B	ProtVar_P06756_Q02297_B 	4.559E+00	0.007	11	92	219	439	167	288	640	140	0.292	0.191
LOKIASV2_4375_ESMFold_hypothetical_protein	ProtVar_O14964_Q92783_B	ProtVar_O14964_Q92783_B 	6.915E+00	0.000	10	49	185	439	182	316	540	149	0.312	0.250
LOKIASV2_4375_ESMFold_hypothetical_protein	ProtVar_P61962_Q5HYK7_B	ProtVar_P61962_Q5HYK7_B 	8.266E+00	0.000	9	44	139	439	631	726	790	110	0.219	0.122
LOKIASV2_4375_ESMFold_hypothetical_protein	Predictome_bbdnkt5_ELOF1_HUMAN__CDCA5_HUMAN__335aa_unrelaxed_af2mv3_model_4_B	Predictome_bbdnkt5_ELOF1_HUMAN__CDCA5_HUMAN__335aa_unrelaxed_af2mv3_model_4_B 	9.311E+00	0.000	7	130	418	439	4	248	252	295	0.658	0.972
LOKIASV2_4375_ESMFold_hypothetical_protein	ProtVar_P68032_Q5VWK5-2_B	ProtVar_P68032_Q5VWK5-2_B 	9.311E+00	0.000	7	92	326	439	24	255	375	262	0.535	0.619
LOKIASV2_4375_ESMFold_hypothetical_protein	ModelArchive_ma-bak-cepc-0458_B	ModelArchive_ma-bak-cepc-0458_B Predicted interaction between ENP1 and LTV1 Predicted interaction between ENP1 and LTV1	7.338E+00	0.000	7	81	430	439	2	265	463	370	0.797	0.570
LOKIASV2_4375_ESMFold_hypothetical_protein	A0A0B5KY39_unrelaxed_rank_001_alphafold2_ptm_model_1_seed_000.pdb	A0A0B5KY39_unrelaxed_rank_001_alphafold2_ptm_model_1_seed_000.pdb	3.835E+00	0.116	33	88	136	439	493	547	818	56	0.112	0.067
LOKIASV2_4375_ESMFold_hypothetical_protein	A0A5Q2WLP4_unrelaxed_rank_001_alphafold2_ptm_model_3_seed_000.pdb	A0A5Q2WLP4_unrelaxed_rank_001_alphafold2_ptm_model_3_seed_000.pdb	2.244E+00	0.063	26	89	162	439	2	84	89	84	0.169	0.933
LOKIASV2_4375_ESMFold_hypothetical_protein	A0A2P0VN37_2_unrelaxed_rank_001_alphafold2_ptm_model_2_seed_000.pdb	A0A2P0VN37_2_unrelaxed_rank_001_alphafold2_ptm_model_2_seed_000.pdb	5.816E+00	0.045	23	89	141	439	751	806	811	56	0.121	0.069
LOKIASV2_4375_ESMFold_hypothetical_protein	G9FI32_unrelaxed_rank_001_alphafold2_ptm_model_4_seed_000.pdb	G9FI32_unrelaxed_rank_001_alphafold2_ptm_model_4_seed_000.pdb	1.215E-01	0.040	22	91	437	439	21	346	395	390	0.790	0.825
LOKIASV2_4375_ESMFold_hypothetical_protein	A7ITN9_unrelaxed_rank_001_alphafold2_ptm_model_2_seed_000.pdb	A7ITN9_unrelaxed_rank_001_alphafold2_ptm_model_2_seed_000.pdb	1.993E+00	0.029	20	44	138	439	14	104	251	100	0.216	0.363
LOKIASV2_4375_ESMFold_hypothetical_protein	Q8BEN0_unrelaxed_rank_001_alphafold2_ptm_model_2_seed_000.pdb	Q8BEN0_unrelaxed_rank_001_alphafold2_ptm_model_2_seed_000.pdb	5.163E+00	0.029	20	90	189	439	1	99	420	108	0.228	0.236
LOKIASV2_4375_ESMFold_hypothetical_protein	B3UXA9_unrelaxed_rank_001_alphafold2_ptm_model_2_seed_000.pdb	B3UXA9_unrelaxed_rank_001_alphafold2_ptm_model_2_seed_000.pdb	3.022E+00	0.020	18	67	236	439	1	153	156	181	0.387	0.981
LOKIASV2_4375_ESMFold_hypothetical_protein	H2EBJ2_unrelaxed_rank_001_alphafold2_ptm_model_5_seed_000.pdb	H2EBJ2_unrelaxed_rank_001_alphafold2_ptm_model_5_seed_000.pdb	6.953E+00	0.020	18	81	163	439	31	114	483	88	0.189	0.174
LOKIASV2_4375_ESMFold_hypothetical_protein	A0A514A1T1_unrelaxed_rank_001_alphafold2_ptm_model_2_seed_000.pdb	A0A514A1T1_unrelaxed_rank_001_alphafold2_ptm_model_2_seed_000.pdb	5.163E+00	0.016	17	46	174	439	6	125	134	131	0.294	0.896
LOKIASV2_4375_ESMFold_hypothetical_protein	A0A3G5AHY3_unrelaxed_rank_001_alphafold2_ptm_model_2_seed_000.pdb	A0A3G5AHY3_unrelaxed_rank_001_alphafold2_ptm_model_2_seed_000.pdb	2.848E+00	0.016	17	20	184	439	353	504	781	183	0.376	0.195
LOKIASV2_4375_ESMFold_hypothetical_protein	A0A2Z5U6A5_unrelaxed_rank_001_alphafold2_ptm_model_3_seed_000.pdb	A0A2Z5U6A5_unrelaxed_rank_001_alphafold2_ptm_model_3_seed_000.pdb	1.667E+00	0.014	16	93	268	439	5	164	164	189	0.401	0.976
LOKIASV2_4375_ESMFold_hypothetical_protein	A0A5J6VIE8_unrelaxed_rank_001_alphafold2_ptm_model_2_seed_000.pdb	A0A5J6VIE8_unrelaxed_rank_001_alphafold2_ptm_model_2_seed_000.pdb	1.571E+00	0.014	16	89	282	439	129	313	390	220	0.442	0.474
LOKIASV2_4375_ESMFold_hypothetical_protein	A0A1L3KH17_3_unrelaxed_rank_001_alphafold2_ptm_model_5_seed_000.pdb	A0A1L3KH17_3_unrelaxed_rank_001_alphafold2_ptm_model_5_seed_000.pdb	4.241E-01	0.014	16	29	416	439	769	1120	1310	430	0.884	0.269
LOKIASV2_4375_ESMFold_hypothetical_protein	D9J0W1_unrelaxed_rank_001_alphafold2_ptm_model_5_seed_000.pdb	D9J0W1_unrelaxed_rank_001_alphafold2_ptm_model_5_seed_000.pdb	1.667E+00	0.011	15	90	327	439	31	264	585	276	0.542	0.400
LOKIASV2_4375_ESMFold_hypothetical_protein	B3VMV9_2_unrelaxed_rank_001_alphafold2_ptm_model_2_seed_000.pdb	B3VMV9_2_unrelaxed_rank_001_alphafold2_ptm_model_2_seed_000.pdb	8.821E+00	0.011	15	106	184	439	713	788	982	81	0.180	0.077
LOKIASV2_4375_ESMFold_hypothetical_protein	A4L251_unrelaxed_rank_001_alphafold2_ptm_model_2_seed_000.pdb	A4L251_unrelaxed_rank_001_alphafold2_ptm_model_2_seed_000.pdb	8.662E-01	0.011	15	88	427	439	349	665	1329	362	0.774	0.239
LOKIASV2_4375_ESMFold_hypothetical_protein	A0A8F8KTF8_unrelaxed_rank_001_alphafold2_ptm_model_5_seed_000.pdb	A0A8F8KTF8_unrelaxed_rank_001_alphafold2_ptm_model_5_seed_000.pdb	2.848E+00	0.010	14	89	296	439	12	231	472	234	0.474	0.466
LOKIASV2_4375_ESMFold_hypothetical_protein	A0A345GNZ4_3_unrelaxed_rank_001_alphafold2_ptm_model_2_seed_000.pdb	A0A345GNZ4_3_unrelaxed_rank_001_alphafold2_ptm_model_2_seed_000.pdb	6.953E+00	0.010	14	62	274	439	949	1122	1396	217	0.485	0.125
LOKIASV2_4375_ESMFold_hypothetical_protein	A0A1J0REI1_unrelaxed_rank_001_alphafold2_ptm_model_2_seed_000.pdb	A0A1J0REI1_unrelaxed_rank_001_alphafold2_ptm_model_2_seed_000.pdb	6.953E+00	0.010	14	44	250	439	1183	1360	1401	209	0.472	0.127
LOKIASV2_4375_ESMFold_hypothetical_protein	A0A345MVC9_unrelaxed_rank_001_alphafold2_ptm_model_2_seed_000.pdb	A0A345MVC9_unrelaxed_rank_001_alphafold2_ptm_model_2_seed_000.pdb	5.816E+00	0.009	13	75	289	439	1	217	254	243	0.490	0.854
LOKIASV2_4375_ESMFold_hypothetical_protein	A0A6J5KSE1_unrelaxed_rank_001_alphafold2_ptm_model_3_seed_000.pdb	A0A6J5KSE1_unrelaxed_rank_001_alphafold2_ptm_model_3_seed_000.pdb	2.683E+00	0.009	13	88	420	439	82	334	405	350	0.759	0.625
LOKIASV2_4375_ESMFold_hypothetical_protein	A0A7D7F8E9_unrelaxed_rank_001_alphafold2_ptm_model_4_seed_000.pdb	A0A7D7F8E9_unrelaxed_rank_001_alphafold2_ptm_model_4_seed_000.pdb	1.667E+00	0.009	13	59	326	439	24	261	450	280	0.610	0.529
LOKIASV2_4375_ESMFold_hypothetical_protein	A0A7D7J425_unrelaxed_rank_001_alphafold2_ptm_model_5_seed_000.pdb	A0A7D7J425_unrelaxed_rank_001_alphafold2_ptm_model_5_seed_000.pdb	5.816E+00	0.009	13	89	327	439	225	461	493	270	0.544	0.481
LOKIASV2_4375_ESMFold_hypothetical_protein	A0A1X9T5J5_unrelaxed_rank_001_alphafold2_ptm_model_2_seed_000.pdb	A0A1X9T5J5_unrelaxed_rank_001_alphafold2_ptm_model_2_seed_000.pdb	7.831E+00	0.009	13	45	197	439	387	528	667	169	0.349	0.213
LOKIASV2_4375_ESMFold_hypothetical_protein	A0A1D8MBP6_1_unrelaxed_rank_001_alphafold2_ptm_model_5_seed_000.pdb	A0A1D8MBP6_1_unrelaxed_rank_001_alphafold2_ptm_model_5_seed_000.pdb	2.115E+00	0.009	13	87	432	439	380	677	1185	369	0.788	0.251
LOKIASV2_4375_ESMFold_hypothetical_protein	A0A7D7F356_unrelaxed_rank_001_alphafold2_ptm_model_3_seed_000.pdb	A0A7D7F356_unrelaxed_rank_001_alphafold2_ptm_model_3_seed_000.pdb	1.394E+00	0.009	13	89	282	439	1015	1232	1377	241	0.442	0.158
LOKIASV2_4375_ESMFold_hypothetical_protein	A0A3G4ZUJ8_unrelaxed_rank_001_alphafold2_ptm_model_2_seed_000.pdb	A0A3G4ZUJ8_unrelaxed_rank_001_alphafold2_ptm_model_2_seed_000.pdb	7.379E+00	0.008	12	5	262	439	18	265	267	294	0.588	0.929
LOKIASV2_4375_ESMFold_hypothetical_protein	A0A059XJ50_unrelaxed_rank_001_alphafold2_ptm_model_2_seed_000.pdb	A0A059XJ50_unrelaxed_rank_001_alphafold2_ptm_model_2_seed_000.pdb	5.163E+00	0.008	12	84	301	439	51	276	320	261	0.497	0.706
LOKIASV2_4375_ESMFold_hypothetical_protein	A0A6N1NSY8_unrelaxed_rank_001_alphafold2_ptm_model_3_seed_000.pdb	A0A6N1NSY8_unrelaxed_rank_001_alphafold2_ptm_model_3_seed_000.pdb	2.382E+00	0.008	12	81	438	439	67	348	352	380	0.815	0.801
LOKIASV2_4375_ESMFold_hypothetical_protein	A0A345BP36_unrelaxed_rank_001_alphafold2_ptm_model_2_seed_000.pdb	A0A345BP36_unrelaxed_rank_001_alphafold2_ptm_model_2_seed_000.pdb	2.683E+00	0.008	12	78	295	439	244	479	658	265	0.497	0.359
LOKIASV2_4375_ESMFold_hypothetical_protein	A0A6J5R5W9_2_unrelaxed_rank_001_alphafold2_ptm_model_2_seed_000.pdb	A0A6J5R5W9_2_unrelaxed_rank_001_alphafold2_ptm_model_2_seed_000.pdb	8.312E+00	0.008	12	92	185	439	553	658	869	116	0.214	0.122
LOKIASV2_4375_ESMFold_hypothetical_protein	A0A2S0S4G5_unrelaxed_rank_001_alphafold2_ptm_model_2_seed_000.pdb	A0A2S0S4G5_unrelaxed_rank_001_alphafold2_ptm_model_2_seed_000.pdb	4.584E+00	0.008	12	88	365	439	336	631	1440	337	0.633	0.206
LOKIASV2_4375_ESMFold_hypothetical_protein	A0A8S5R5E6_unrelaxed_rank_001_alphafold2_ptm_model_2_seed_000.pdb	A0A8S5R5E6_unrelaxed_rank_001_alphafold2_ptm_model_2_seed_000.pdb	4.070E+00	0.007	11	82	277	439	4	197	341	218	0.446	0.569
LOKIASV2_4375_ESMFold_hypothetical_protein	A0A6J7X6W1_unrelaxed_rank_001_alphafold2_ptm_model_2_seed_000.pdb	A0A6J7X6W1_unrelaxed_rank_001_alphafold2_ptm_model_2_seed_000.pdb	4.584E+00	0.007	11	47	247	439	27	223	389	223	0.458	0.506
LOKIASV2_4375_ESMFold_hypothetical_protein	A0A6C0X1E1_unrelaxed_rank_001_alphafold2_ptm_model_2_seed_000.pdb	A0A6C0X1E1_unrelaxed_rank_001_alphafold2_ptm_model_2_seed_000.pdb	3.022E+00	0.007	11	45	420	439	73	445	462	437	0.856	0.807
LOKIASV2_4375_ESMFold_hypothetical_protein	A0A2I7QVW5_unrelaxed_rank_001_alphafold2_ptm_model_4_seed_000.pdb	A0A2I7QVW5_unrelaxed_rank_001_alphafold2_ptm_model_4_seed_000.pdb	2.528E+00	0.007	11	92	328	439	9	223	506	266	0.540	0.425
LOKIASV2_4375_ESMFold_hypothetical_protein	A0A0M4JK98_unrelaxed_rank_001_alphafold2_ptm_model_2_seed_000.pdb	A0A0M4JK98_unrelaxed_rank_001_alphafold2_ptm_model_2_seed_000.pdb	1.993E+00	0.007	11	64	439	439	231	576	582	407	0.856	0.595
LOKIASV2_4375_ESMFold_hypothetical_protein	A0A2P1NR82_1_unrelaxed_rank_001_alphafold2_ptm_model_2_seed_000.pdb	A0A2P1NR82_1_unrelaxed_rank_001_alphafold2_ptm_model_2_seed_000.pdb	4.070E+00	0.007	11	89	254	439	63	206	908	184	0.378	0.159
LOKIASV2_4375_ESMFold_hypothetical_protein	A0A3S6Q965_unrelaxed_rank_001_alphafold2_ptm_model_3_seed_000.pdb	A0A3S6Q965_unrelaxed_rank_001_alphafold2_ptm_model_3_seed_000.pdb	8.312E+00	0.000	10	67	192	439	177	299	498	146	0.287	0.247
LOKIASV2_4375_ESMFold_hypothetical_protein	A0A1L3KGG3_unrelaxed_rank_001_alphafold2_ptm_model_2_seed_000.pdb	A0A1L3KGG3_unrelaxed_rank_001_alphafold2_ptm_model_2_seed_000.pdb	4.865E+00	0.000	10	92	439	439	261	545	578	378	0.793	0.493
LOKIASV2_4375_ESMFold_hypothetical_protein	A0A076FFJ4_1_unrelaxed_rank_001_alphafold2_ptm_model_2_seed_000.pdb	A0A076FFJ4_1_unrelaxed_rank_001_alphafold2_ptm_model_2_seed_000.pdb	3.613E+00	0.000	10	50	432	439	223	540	768	410	0.872	0.414
LOKIASV2_4375_ESMFold_hypothetical_protein	A0A0R5NDH8_unrelaxed_rank_001_alphafold2_ptm_model_2_seed_000.pdb	A0A0R5NDH8_unrelaxed_rank_001_alphafold2_ptm_model_2_seed_000.pdb	6.551E+00	0.000	10	47	236	439	110	325	822	230	0.433	0.263
LOKIASV2_4375_ESMFold_hypothetical_protein	A0A8S5VGY8_unrelaxed_rank_001_alphafold2_ptm_model_2_seed_000.pdb	A0A8S5VGY8_unrelaxed_rank_001_alphafold2_ptm_model_2_seed_000.pdb	4.319E+00	0.000	10	59	437	439	285	715	891	470	0.863	0.484
LOKIASV2_4375_ESMFold_hypothetical_protein	A0A1L3KPT8_3_unrelaxed_rank_001_alphafold2_ptm_model_2_seed_000.pdb	A0A1L3KPT8_3_unrelaxed_rank_001_alphafold2_ptm_model_2_seed_000.pdb	4.070E+00	0.000	10	87	288	439	353	537	1022	222	0.460	0.181
LOKIASV2_4375_ESMFold_hypothetical_protein	A0A6N1P4R2_unrelaxed_rank_001_alphafold2_ptm_model_3_seed_000.pdb	A0A6N1P4R2_unrelaxed_rank_001_alphafold2_ptm_model_3_seed_000.pdb	6.173E+00	0.000	9	168	327	439	8	151	237	165	0.364	0.608
LOKIASV2_4375_ESMFold_hypothetical_protein	X5EUU9_unrelaxed_rank_001_alphafold2_ptm_model_5_seed_000.pdb	X5EUU9_unrelaxed_rank_001_alphafold2_ptm_model_5_seed_000.pdb	9.936E+00	0.000	9	47	262	439	19	235	269	250	0.492	0.807
LOKIASV2_4375_ESMFold_hypothetical_protein	A0A1V0SEX9_unrelaxed_rank_001_alphafold2_ptm_model_2_seed_000.pdb	A0A1V0SEX9_unrelaxed_rank_001_alphafold2_ptm_model_2_seed_000.pdb	8.312E+00	0.000	9	1	436	439	85	390	480	444	0.993	0.637
LOKIASV2_4375_ESMFold_hypothetical_protein	A0A0M3SGW9_unrelaxed_rank_001_alphafold2_ptm_model_2_seed_000.pdb	A0A0M3SGW9_unrelaxed_rank_001_alphafold2_ptm_model_2_seed_000.pdb	4.584E+00	0.000	9	80	277	439	365	561	567	226	0.451	0.347
LOKIASV2_4375_ESMFold_hypothetical_protein	A0A2Z4QL06_unrelaxed_rank_001_alphafold2_ptm_model_2_seed_000.pdb	A0A2Z4QL06_unrelaxed_rank_001_alphafold2_ptm_model_2_seed_000.pdb	8.821E+00	0.000	9	24	439	439	66	518	602	513	0.948	0.752
LOKIASV2_4375_ESMFold_hypothetical_protein	A0A481YPM1_unrelaxed_rank_001_alphafold2_ptm_model_2_seed_000.pdb	A0A481YPM1_unrelaxed_rank_001_alphafold2_ptm_model_2_seed_000.pdb	3.835E+00	0.000	9	75	383	439	211	459	607	329	0.704	0.410
LOKIASV2_4375_ESMFold_hypothetical_protein	A0A516L4S4_unrelaxed_rank_001_alphafold2_ptm_model_3_seed_000.pdb	A0A516L4S4_unrelaxed_rank_001_alphafold2_ptm_model_3_seed_000.pdb	6.551E+00	0.000	9	88	429	439	201	571	704	416	0.779	0.527
LOKIASV2_4375_ESMFold_hypothetical_protein	Q5ULL7_2_unrelaxed_rank_001_alphafold2_ptm_model_3_seed_000.pdb	Q5ULL7_2_unrelaxed_rank_001_alphafold2_ptm_model_3_seed_000.pdb	9.362E+00	0.000	9	81	367	439	194	462	1056	309	0.654	0.255
LOKIASV2_4375_ESMFold_hypothetical_protein	A0A1L3KPT0_1_unrelaxed_rank_001_alphafold2_ptm_model_2_seed_000.pdb	A0A1L3KPT0_1_unrelaxed_rank_001_alphafold2_ptm_model_2_seed_000.pdb	7.831E+00	0.000	9	79	432	439	6	252	1057	361	0.806	0.234
LOKIASV2_4375_ESMFold_hypothetical_protein	A0A1D8MBM8_4_unrelaxed_rank_001_alphafold2_ptm_model_2_seed_000.pdb	A0A1D8MBM8_4_unrelaxed_rank_001_alphafold2_ptm_model_2_seed_000.pdb	8.312E+00	0.000	9	91	309	439	5	205	1227	248	0.499	0.164
LOKIASV2_4375_ESMFold_hypothetical_protein	A0A1L3KKM1_1_unrelaxed_rank_001_alphafold2_ptm_model_4_seed_000.pdb	A0A1L3KKM1_1_unrelaxed_rank_001_alphafold2_ptm_model_4_seed_000.pdb	7.379E+00	0.000	9	90	306	439	19	255	1426	261	0.494	0.166
LOKIASV2_4375_ESMFold_hypothetical_protein	V5NWX8_unrelaxed_rank_001_alphafold2_ptm_model_2_seed_000.pdb	V5NWX8_unrelaxed_rank_001_alphafold2_ptm_model_2_seed_000.pdb	9.362E+00	0.000	8	78	293	439	22	238	289	240	0.492	0.751
LOKIASV2_4375_ESMFold_hypothetical_protein	A0A6J7WIE7_unrelaxed_rank_001_alphafold2_ptm_model_4_seed_000.pdb	A0A6J7WIE7_unrelaxed_rank_001_alphafold2_ptm_model_4_seed_000.pdb	3.835E+00	0.000	8	92	437	439	3	321	435	384	0.788	0.733
LOKIASV2_4375_ESMFold_hypothetical_protein	A0A0B4ZSV5_unrelaxed_rank_001_alphafold2_ptm_model_3_seed_000.pdb	A0A0B4ZSV5_unrelaxed_rank_001_alphafold2_ptm_model_3_seed_000.pdb	8.312E+00	0.000	8	95	414	439	129	473	497	379	0.729	0.694
LOKIASV2_4375_ESMFold_hypothetical_protein	A0A1B2RVR7_2_unrelaxed_rank_001_alphafold2_ptm_model_3_seed_000.pdb	A0A1B2RVR7_2_unrelaxed_rank_001_alphafold2_ptm_model_3_seed_000.pdb	6.173E+00	0.000	8	92	438	439	21	336	846	401	0.790	0.374
LOKIASV2_4375_ESMFold_hypothetical_protein	A0A1L3KM50_2_unrelaxed_rank_001_alphafold2_ptm_model_2_seed_000.pdb	A0A1L3KM50_2_unrelaxed_rank_001_alphafold2_ptm_model_2_seed_000.pdb	9.362E+00	0.000	8	89	325	439	12	252	1097	273	0.540	0.220
LOKIASV2_4375_ESMFold_hypothetical_protein	A0A1L3KH49_1_unrelaxed_rank_001_alphafold2_ptm_model_5_seed_000.pdb	A0A1L3KH49_1_unrelaxed_rank_001_alphafold2_ptm_model_5_seed_000.pdb	8.312E+00	0.000	8	47	190	439	891	1080	1235	200	0.328	0.154
LOKIASV2_4375_ESMFold_hypothetical_protein	A0A894J1D3_1_unrelaxed_rank_001_alphafold2_ptm_model_2_seed_000.pdb	A0A894J1D3_1_unrelaxed_rank_001_alphafold2_ptm_model_2_seed_000.pdb	9.936E+00	0.000	8	97	419	439	920	1227	1408	351	0.736	0.219
LOKIASV2_4375_ESMFold_hypothetical_protein	A0A6N1NMT0_unrelaxed_rank_001_alphafold2_ptm_model_2_seed_000.pdb	A0A6N1NMT0_unrelaxed_rank_001_alphafold2_ptm_model_2_seed_000.pdb	7.831E+00	0.000	7	78	326	439	10	257	300	303	0.567	0.827
LOKIASV2_4375_ESMFold_hypothetical_protein	U5U6T8_unrelaxed_rank_001_alphafold2_ptm_model_5_seed_000.pdb	U5U6T8_unrelaxed_rank_001_alphafold2_ptm_model_5_seed_000.pdb	9.362E+00	0.000	7	88	439	439	89	397	482	387	0.802	0.641
LOKIASV2_4375_ESMFold_hypothetical_protein	A0A2Z4QKD1_3_unrelaxed_rank_001_alphafold2_ptm_model_5_seed_000.pdb	A0A2Z4QKD1_3_unrelaxed_rank_001_alphafold2_ptm_model_5_seed_000.pdb	6.953E+00	0.000	7	78	431	439	771	1063	1226	374	0.806	0.239
