LOKIASV2_2342_ESMFold_hypothetical_protein	AF-B9KTA6-F1-model_v4	AF-B9KTA6-F1-model_v4 D-aminopeptidase	9.946E-35	1.000	1045	4	542	542	11	516	516	559	0.994	0.981
LOKIASV2_2342_ESMFold_hypothetical_protein	AF-Q9ZBA9-F1-model_v4	AF-Q9ZBA9-F1-model_v4 D-aminopeptidase	2.543E-34	1.000	1039	1	542	542	5	518	520	568	1.000	0.988
LOKIASV2_2342_ESMFold_hypothetical_protein	AF-C0RM93-F1-model_v4	AF-C0RM93-F1-model_v4 D-aminopeptidase	2.687E-34	1.000	1034	4	542	542	9	518	518	569	0.994	0.985
LOKIASV2_2342_ESMFold_hypothetical_protein	AF-Q5FRJ7-F1-model_v4	AF-Q5FRJ7-F1-model_v4 D-aminopeptidase	5.726E-35	1.000	1033	1	542	542	1	525	525	581	1.000	1.000
LOKIASV2_2342_ESMFold_hypothetical_protein	AF-Q3IX78-F1-model_v4	AF-Q3IX78-F1-model_v4 D-aminopeptidase	4.933E-34	1.000	1032	4	542	542	11	516	516	559	0.994	0.981
LOKIASV2_2342_ESMFold_hypothetical_protein	AF-A5VVL2-F1-model_v4	AF-A5VVL2-F1-model_v4 D-aminopeptidase	3.743E-34	1.000	1032	4	542	542	9	518	518	569	0.994	0.985
LOKIASV2_2342_ESMFold_hypothetical_protein	AF-A9WVV8-F1-model_v4	AF-A9WVV8-F1-model_v4 D-aminopeptidase	3.351E-34	1.000	1032	4	542	542	9	518	518	569	0.994	0.985
LOKIASV2_2342_ESMFold_hypothetical_protein	AF-B2SD81-F1-model_v4	AF-B2SD81-F1-model_v4 D-aminopeptidase	3.542E-34	1.000	1031	4	542	542	9	518	518	569	0.994	0.985
LOKIASV2_2342_ESMFold_hypothetical_protein	AF-Q579G4-F1-model_v4	AF-Q579G4-F1-model_v4 D-aminopeptidase	3.542E-34	1.000	1031	4	542	542	9	518	518	569	0.994	0.985
LOKIASV2_2342_ESMFold_hypothetical_protein	AF-Q8YD27-F1-model_v4	AF-Q8YD27-F1-model_v4 D-aminopeptidase	3.955E-34	1.000	1030	4	542	542	9	518	518	569	0.994	0.985
LOKIASV2_2342_ESMFold_hypothetical_protein	AF-Q8FV99-F1-model_v4	AF-Q8FV99-F1-model_v4 D-aminopeptidase	5.213E-34	1.000	1027	4	542	542	9	518	518	569	0.994	0.985
LOKIASV2_2342_ESMFold_hypothetical_protein	AF-Q2YLB4-F1-model_v4	AF-Q2YLB4-F1-model_v4 D-aminopeptidase	7.260E-34	1.000	1023	4	542	542	9	518	518	569	0.994	0.985
LOKIASV2_2342_ESMFold_hypothetical_protein	AF-A3PRU3-F1-model_v4	AF-A3PRU3-F1-model_v4 D-aminopeptidase	6.152E-34	1.000	1020	4	542	542	11	516	516	559	0.994	0.981
LOKIASV2_2342_ESMFold_hypothetical_protein	AF-A9MCM7-F1-model_v4	AF-A9MCM7-F1-model_v4 D-aminopeptidase	9.055E-34	1.000	1020	4	542	542	9	518	518	569	0.994	0.985
LOKIASV2_2342_ESMFold_hypothetical_protein	AF-A6WYS5-F1-model_v4	AF-A6WYS5-F1-model_v4 D-aminopeptidase	3.224E-33	1.000	1016	2	542	542	7	518	520	565	0.998	0.985
LOKIASV2_2342_ESMFold_hypothetical_protein	AF-Q6GDZ1-F1-model_v4	AF-Q6GDZ1-F1-model_v4 Protein flp	1.617E-28	1.000	940	1	355	542	36	374	499	363	0.655	0.679
LOKIASV2_2342_ESMFold_hypothetical_protein	AF-Q9KJ74-F1-model_v4	AF-Q9KJ74-F1-model_v4 Protein flp	2.658E-28	1.000	930	1	355	542	35	374	498	364	0.655	0.683
LOKIASV2_2342_ESMFold_hypothetical_protein	AF-Q6G6M9-F1-model_v4	AF-Q6G6M9-F1-model_v4 Protein flp	3.912E-28	1.000	930	2	351	542	36	385	498	367	0.646	0.703
LOKIASV2_2342_ESMFold_hypothetical_protein	AF-Q2FVH6-F1-model_v4	AF-Q2FVH6-F1-model_v4 Protein flp	1.370E-28	1.000	922	1	356	542	35	375	498	368	0.657	0.685
LOKIASV2_2342_ESMFold_hypothetical_protein	AF-Q99RJ0-F1-model_v4	AF-Q99RJ0-F1-model_v4 Protein flp	3.314E-28	1.000	921	1	355	542	35	374	498	366	0.655	0.683
LOKIASV2_2342_ESMFold_hypothetical_protein	AF-Q5HDB2-F1-model_v4	AF-Q5HDB2-F1-model_v4 Protein flp	5.757E-28	1.000	904	5	352	542	40	383	498	363	0.642	0.691
LOKIASV2_2342_ESMFold_hypothetical_protein	AF-P32959-F1-model_v4	AF-P32959-F1-model_v4 Penicillin-binding protein 4*	1.564E-30	1.000	900	3	542	542	4	450	451	559	0.996	0.991
LOKIASV2_2342_ESMFold_hypothetical_protein	AF-Q7A3Q5-F1-model_v4	AF-Q7A3Q5-F1-model_v4 Protein flp	2.419E-27	1.000	887	1	354	542	35	373	498	366	0.653	0.681
LOKIASV2_2342_ESMFold_hypothetical_protein	AF-Q8NUZ4-F1-model_v4	AF-Q8NUZ4-F1-model_v4 Protein flp	1.200E-26	1.000	876	1	351	542	32	385	498	371	0.648	0.711
LOKIASV2_2342_ESMFold_hypothetical_protein	AF-Q5HH27-F1-model_v4	AF-Q5HH27-F1-model_v4 Teichoic acid D-alanine hydrolase	4.320E-22	1.000	705	3	345	542	74	388	397	348	0.633	0.793
LOKIASV2_2342_ESMFold_hypothetical_protein	AF-Q2FZK3-F1-model_v4	AF-Q2FZK3-F1-model_v4 Teichoic acid D-alanine hydrolase	4.824E-22	1.000	704	3	345	542	74	388	397	348	0.633	0.793
LOKIASV2_2342_ESMFold_hypothetical_protein	AF-O50608-F1-model_v4	AF-O50608-F1-model_v4 Teichoic acid D-alanine hydrolase	1.919E-21	1.000	698	2	341	542	73	384	397	343	0.627	0.786
LOKIASV2_2342_ESMFold_hypothetical_protein	AF-Q6GAF6-F1-model_v4	AF-Q6GAF6-F1-model_v4 Teichoic acid D-alanine hydrolase	3.154E-21	1.000	683	2	341	542	73	384	397	345	0.627	0.786
LOKIASV2_2342_ESMFold_hypothetical_protein	AF-Q7A2T0-F1-model_v4	AF-Q7A2T0-F1-model_v4 Teichoic acid D-alanine hydrolase	2.984E-21	1.000	679	2	341	542	73	384	397	345	0.627	0.786
LOKIASV2_2342_ESMFold_hypothetical_protein	AF-Q7A6A2-F1-model_v4	AF-Q7A6A2-F1-model_v4 Teichoic acid D-alanine hydrolase	3.333E-21	1.000	677	2	341	542	73	384	397	345	0.627	0.786
LOKIASV2_2342_ESMFold_hypothetical_protein	AF-Q6GI27-F1-model_v4	AF-Q6GI27-F1-model_v4 Teichoic acid D-alanine hydrolase	4.642E-21	1.000	674	2	345	542	73	388	397	349	0.635	0.796
LOKIASV2_2342_ESMFold_hypothetical_protein	AF-Q7A185-F1-model_v4	AF-Q7A185-F1-model_v4 Teichoic acid D-alanine hydrolase	8.062E-21	1.000	670	2	341	542	73	384	397	343	0.627	0.786
LOKIASV2_2342_ESMFold_hypothetical_protein	AF-Q54VJ1-F1-model_v4	AF-Q54VJ1-F1-model_v4 Beta-lactamase-like protein 2	1.111E-24	1.000	662	4	451	542	44	521	548	506	0.827	0.872
LOKIASV2_2342_ESMFold_hypothetical_protein	AF-P15555-F1-model_v4	AF-P15555-F1-model_v4 D-alanyl-D-alanine carboxypeptidase	1.167E-21	1.000	651	4	352	542	41	385	406	367	0.644	0.850
LOKIASV2_2342_ESMFold_hypothetical_protein	AF-Q06317-F1-model_v4	AF-Q06317-F1-model_v4 Penicillin-binding protein 4	6.573E-20	1.000	649	4	341	542	8	345	381	357	0.624	0.887
LOKIASV2_2342_ESMFold_hypothetical_protein	AF-Q9EP89-F1-model_v4	AF-Q9EP89-F1-model_v4 Serine beta-lactamase-like protein LACTB, mitochondrial	5.388E-22	1.000	632	2	341	542	103	547	551	453	0.627	0.808
LOKIASV2_2342_ESMFold_hypothetical_protein	AF-P0AD70-F1-model_v4	AF-P0AD70-F1-model_v4 D-alanyl-D-alanine-carboxypeptidase/endopeptidase AmpH	1.590E-19	1.000	602	7	324	542	33	355	385	336	0.587	0.839
LOKIASV2_2342_ESMFold_hypothetical_protein	AF-P83111-F1-model_v4	AF-P83111-F1-model_v4 Serine beta-lactamase-like protein LACTB, mitochondrial	3.464E-22	1.000	600	4	341	542	107	543	547	446	0.624	0.799
LOKIASV2_2342_ESMFold_hypothetical_protein	AF-P0AD71-F1-model_v4	AF-P0AD71-F1-model_v4 D-alanyl-D-alanine-carboxypeptidase/endopeptidase AmpH	3.640E-19	1.000	599	3	340	542	33	371	385	353	0.624	0.881
LOKIASV2_2342_ESMFold_hypothetical_protein	AF-P94958-F1-model_v4	AF-P94958-F1-model_v4 Beta-lactamase	1.424E-19	1.000	598	3	341	542	26	376	379	378	0.625	0.926
LOKIASV2_2342_ESMFold_hypothetical_protein	AF-P83095-F1-model_v4	AF-P83095-F1-model_v4 Serine beta-lactamase-like protein LACTB, mitochondrial	2.935E-22	1.000	598	4	341	542	109	550	556	451	0.624	0.795
LOKIASV2_2342_ESMFold_hypothetical_protein	AF-P05193-F1-model_v4	AF-P05193-F1-model_v4 Beta-lactamase	1.776E-19	1.000	596	4	339	542	32	380	381	378	0.620	0.916
LOKIASV2_2342_ESMFold_hypothetical_protein	AF-O31773-F1-model_v4	AF-O31773-F1-model_v4 Putative penicillin-binding protein PbpX	2.252E-18	1.000	592	6	343	542	84	391	391	345	0.624	0.788
LOKIASV2_2342_ESMFold_hypothetical_protein	AF-P85302-F1-model_v4	AF-P85302-F1-model_v4 Beta-lactamase	2.131E-18	1.000	589	1	335	542	1	352	358	376	0.618	0.983
LOKIASV2_2342_ESMFold_hypothetical_protein	AF-A8MY62-F1-model_v4	AF-A8MY62-F1-model_v4 Putative beta-lactamase-like 1	1.488E-23	1.000	588	4	542	542	21	492	500	570	0.994	0.944
LOKIASV2_2342_ESMFold_hypothetical_protein	AF-P05364-F1-model_v4	AF-P05364-F1-model_v4 Beta-lactamase	1.161E-18	1.000	578	4	339	542	28	380	381	379	0.620	0.927
LOKIASV2_2342_ESMFold_hypothetical_protein	AF-P00811-F1-model_v4	AF-P00811-F1-model_v4 Beta-lactamase	7.062E-19	1.000	568	4	341	542	28	374	377	381	0.624	0.920
LOKIASV2_2342_ESMFold_hypothetical_protein	AF-O05465-F1-model_v4	AF-O05465-F1-model_v4 Beta-lactamase	2.515E-18	1.000	567	4	341	542	46	400	401	383	0.624	0.885
LOKIASV2_2342_ESMFold_hypothetical_protein	AF-P45460-F1-model_v4	AF-P45460-F1-model_v4 Beta-lactamase	3.502E-18	1.000	550	1	341	542	28	385	388	393	0.629	0.923
LOKIASV2_2342_ESMFold_hypothetical_protein	AF-P9WLZ2-F1-model_v4	AF-P9WLZ2-F1-model_v4 Uncharacterized protein MT1414	3.314E-18	1.000	537	1	322	542	1	362	401	377	0.594	0.903
LOKIASV2_2342_ESMFold_hypothetical_protein	AF-Q9KX40-F1-model_v4	AF-Q9KX40-F1-model_v4 Esterase EstB	1.472E-17	1.000	536	4	340	542	18	390	392	393	0.622	0.952
LOKIASV2_2342_ESMFold_hypothetical_protein	AF-O69773-F1-model_v4	AF-O69773-F1-model_v4 Beta-lactamase	2.289E-17	1.000	529	1	341	542	30	380	384	381	0.629	0.914
LOKIASV2_2342_ESMFold_hypothetical_protein	AF-P24735-F1-model_v4	AF-P24735-F1-model_v4 Beta-lactamase	3.763E-17	1.000	529	4	347	542	34	396	397	387	0.635	0.914
LOKIASV2_2342_ESMFold_hypothetical_protein	AF-P9WLZ3-F1-model_v4	AF-P9WLZ3-F1-model_v4 Uncharacterized protein Rv1367c	2.252E-18	1.000	528	1	341	542	1	400	401	414	0.629	0.998
LOKIASV2_2342_ESMFold_hypothetical_protein	AF-Q48743-F1-model_v4	AF-Q48743-F1-model_v4 Beta-lactamase	4.959E-17	1.000	526	4	341	542	32	378	385	374	0.624	0.901
LOKIASV2_2342_ESMFold_hypothetical_protein	AF-Q7KWX1-F1-model_v4	AF-Q7KWX1-F1-model_v4 Beta-lactamase-like protein 1	7.800E-23	1.000	521	2	542	542	46	628	628	676	0.998	0.928
LOKIASV2_2342_ESMFold_hypothetical_protein	AF-Q54SB5-F1-model_v4	AF-Q54SB5-F1-model_v4 Beta-lactamase-like protein 4	1.690E-22	1.000	519	3	542	542	42	563	569	621	0.996	0.917
LOKIASV2_2342_ESMFold_hypothetical_protein	AF-P18539-F1-model_v4	AF-P18539-F1-model_v4 Beta-lactamase	1.416E-16	1.000	511	4	341	542	27	371	376	375	0.624	0.918
LOKIASV2_2342_ESMFold_hypothetical_protein	AF-Q54SB6-F1-model_v4	AF-Q54SB6-F1-model_v4 Beta-lactamase-like protein 3	4.565E-22	1.000	502	2	495	542	35	552	552	566	0.911	0.938
LOKIASV2_2342_ESMFold_hypothetical_protein	AF-A9N307-F1-model_v4	AF-A9N307-F1-model_v4 Putative D-alanyl-D-alanine carboxypeptidase	1.940E-17	1.000	501	4	323	542	43	395	432	378	0.590	0.817
LOKIASV2_2342_ESMFold_hypothetical_protein	AF-B5RCU8-F1-model_v4	AF-B5RCU8-F1-model_v4 Putative D-alanyl-D-alanine carboxypeptidase	2.050E-17	1.000	498	4	323	542	43	395	432	378	0.590	0.817
LOKIASV2_2342_ESMFold_hypothetical_protein	AF-B4T0K5-F1-model_v4	AF-B4T0K5-F1-model_v4 Putative D-alanyl-D-alanine carboxypeptidase	6.536E-17	1.000	486	4	323	542	43	395	432	378	0.590	0.817
LOKIASV2_2342_ESMFold_hypothetical_protein	AF-Q57LN2-F1-model_v4	AF-Q57LN2-F1-model_v4 Putative D-alanyl-D-alanine carboxypeptidase	8.152E-17	1.000	484	4	323	542	43	395	432	378	0.590	0.817
LOKIASV2_2342_ESMFold_hypothetical_protein	AF-B5R4I5-F1-model_v4	AF-B5R4I5-F1-model_v4 Putative D-alanyl-D-alanine carboxypeptidase	8.615E-17	1.000	483	4	323	542	43	395	432	378	0.590	0.817
LOKIASV2_2342_ESMFold_hypothetical_protein	AF-Q8Z4S7-F1-model_v4	AF-Q8Z4S7-F1-model_v4 Putative D-alanyl-D-alanine carboxypeptidase	1.581E-16	1.000	482	4	323	542	43	395	432	373	0.590	0.817
LOKIASV2_2342_ESMFold_hypothetical_protein	AF-B5FQG8-F1-model_v4	AF-B5FQG8-F1-model_v4 Putative D-alanyl-D-alanine carboxypeptidase	9.104E-17	1.000	482	4	323	542	43	395	432	378	0.590	0.817
LOKIASV2_2342_ESMFold_hypothetical_protein	AF-Q8ZN80-F1-model_v4	AF-Q8ZN80-F1-model_v4 Putative D-alanyl-D-alanine carboxypeptidase	1.972E-16	1.000	477	4	323	542	43	395	432	376	0.590	0.817
LOKIASV2_2342_ESMFold_hypothetical_protein	AF-Q5PCQ2-F1-model_v4	AF-Q5PCQ2-F1-model_v4 Putative D-alanyl-D-alanine carboxypeptidase	1.671E-16	1.000	475	4	323	542	43	395	432	378	0.590	0.817
LOKIASV2_2342_ESMFold_hypothetical_protein	AF-B4TD53-F1-model_v4	AF-B4TD53-F1-model_v4 Putative D-alanyl-D-alanine carboxypeptidase	1.581E-16	1.000	474	4	323	542	43	395	432	378	0.590	0.817
LOKIASV2_2342_ESMFold_hypothetical_protein	AF-C0PZ64-F1-model_v4	AF-C0PZ64-F1-model_v4 Putative D-alanyl-D-alanine carboxypeptidase	1.340E-16	1.000	473	4	344	542	43	432	432	415	0.629	0.903
LOKIASV2_2342_ESMFold_hypothetical_protein	AF-O05213-F1-model_v4	AF-O05213-F1-model_v4 N-acetylmuramyl-L-alanine amidase	3.620E-16	1.000	472	1	322	542	45	403	441	375	0.594	0.814
LOKIASV2_2342_ESMFold_hypothetical_protein	AF-B5BB26-F1-model_v4	AF-B5BB26-F1-model_v4 Putative D-alanyl-D-alanine carboxypeptidase	3.068E-16	1.000	469	4	323	542	43	395	432	378	0.590	0.817
LOKIASV2_2342_ESMFold_hypothetical_protein	AF-P77619-F1-model_v4	AF-P77619-F1-model_v4 Putative D-alanyl-D-alanine carboxypeptidase	1.496E-16	1.000	468	4	323	542	43	395	434	378	0.590	0.813
LOKIASV2_2342_ESMFold_hypothetical_protein	AF-B4TR50-F1-model_v4	AF-B4TR50-F1-model_v4 Putative D-alanyl-D-alanine carboxypeptidase	1.671E-16	1.000	464	4	344	542	43	432	432	420	0.629	0.903
LOKIASV2_2342_ESMFold_hypothetical_protein	AF-Q8XBJ0-F1-model_v4	AF-Q8XBJ0-F1-model_v4 Putative D-alanyl-D-alanine carboxypeptidase	1.496E-16	1.000	464	4	322	542	43	394	434	378	0.589	0.811
LOKIASV2_2342_ESMFold_hypothetical_protein	AF-B5F0K5-F1-model_v4	AF-B5F0K5-F1-model_v4 Putative D-alanyl-D-alanine carboxypeptidase	5.328E-16	1.000	459	4	344	542	43	432	432	410	0.629	0.903
LOKIASV2_2342_ESMFold_hypothetical_protein	AF-Q9Y7D1-F1-model_v4	AF-Q9Y7D1-F1-model_v4 Monacolin J acid methylbutanoyltransferase	2.643E-15	1.000	447	1	339	542	10	402	413	403	0.625	0.952
LOKIASV2_2342_ESMFold_hypothetical_protein	AF-Q0C8M0-F1-model_v4	AF-Q0C8M0-F1-model_v4 Monacolin J acid methylbutanoyltransferase	3.296E-15	1.000	446	1	339	542	10	402	413	403	0.625	0.952
LOKIASV2_2342_ESMFold_hypothetical_protein	AF-Q45129-F1-model_v4	AF-Q45129-F1-model_v4 Uncharacterized protein BpOF4_21049	8.905E-15	1.000	434	1	341	542	7	332	336	374	0.629	0.970
LOKIASV2_2342_ESMFold_hypothetical_protein	AF-Q8J0G0-F1-model_v4	AF-Q8J0G0-F1-model_v4 ML-236A carboxylate methylbutanoyltransferase mlcH	1.385E-14	1.000	428	4	338	542	18	405	418	398	0.618	0.928
LOKIASV2_2342_ESMFold_hypothetical_protein	AF-A0A345BJP5-F1-model_v4	AF-A0A345BJP5-F1-model_v4 Probable hydrolase clz13	7.886E-19	1.000	425	4	542	542	44	587	613	643	0.994	0.887
LOKIASV2_2342_ESMFold_hypothetical_protein	AF-P17421-F1-model_v4	AF-P17421-F1-model_v4 Probable fimbrial assembly protein FimD, serogroup H1	7.140E-15	1.000	420	1	343	542	53	394	394	368	0.633	0.868
LOKIASV2_2342_ESMFold_hypothetical_protein	AF-P17420-F1-model_v4	AF-P17420-F1-model_v4 Putative fimbrial assembly protein FimD, serogroup D	2.951E-15	1.000	418	1	343	542	53	394	394	374	0.633	0.868
LOKIASV2_2342_ESMFold_hypothetical_protein	AF-P0CU81-F1-model_v4	AF-P0CU81-F1-model_v4 Acyltransferase calJ	8.905E-15	1.000	407	1	339	542	1	404	418	428	0.625	0.967
LOKIASV2_2342_ESMFold_hypothetical_protein	AF-A0A3G1DJI3-F1-model_v4	AF-A0A3G1DJI3-F1-model_v4 Probable hydrolase M10	8.807E-19	1.000	405	4	542	542	42	567	595	626	0.994	0.884
LOKIASV2_2342_ESMFold_hypothetical_protein	AF-Q09621-F1-model_v4	AF-Q09621-F1-model_v4 Beta-lactamase domain-containing protein 2	1.573E-13	1.000	375	1	341	542	68	454	473	415	0.629	0.818
LOKIASV2_2342_ESMFold_hypothetical_protein	AF-D4AXL1-F1-model_v4	AF-D4AXL1-F1-model_v4 Beta-lactamase-like protein ARB_00930	4.693E-17	1.000	369	5	542	542	52	594	595	640	0.993	0.913
LOKIASV2_2342_ESMFold_hypothetical_protein	AF-Q3S2U2-F1-model_v4	AF-Q3S2U2-F1-model_v4 Acyltransferase mokF	1.994E-12	1.000	339	4	323	542	37	408	413	385	0.590	0.901
LOKIASV2_2342_ESMFold_hypothetical_protein	AF-A0A1B4XBI2-F1-model_v4	AF-A0A1B4XBI2-F1-model_v4 Beta-lactamase-like protein sdnR	7.023E-16	1.000	336	4	496	542	45	544	547	569	0.910	0.914
LOKIASV2_2342_ESMFold_hypothetical_protein	AF-B6H6L7-F1-model_v4	AF-B6H6L7-F1-model_v4 Lovastatin esterase	1.282E-12	1.000	329	4	337	542	5	383	399	404	0.616	0.950
LOKIASV2_2342_ESMFold_hypothetical_protein	AF-P86789-F1-model_v4	AF-P86789-F1-model_v4 Gigasin-6	1.653E-10	1.000	314	4	271	542	29	291	302	288	0.494	0.871
LOKIASV2_2342_ESMFold_hypothetical_protein	AF-P71778-F1-model_v4	AF-P71778-F1-model_v4 Esterase/beta-lactamase LipL	4.065E-09	1.000	268	4	338	542	31	401	429	403	0.618	0.865
LOKIASV2_2342_ESMFold_hypothetical_protein	AF-P07061-F1-model_v4	AF-P07061-F1-model_v4 6-aminohexanoate-dimer hydrolase	5.358E-09	1.000	261	4	341	542	69	384	392	371	0.624	0.806
LOKIASV2_2342_ESMFold_hypothetical_protein	AF-P07062-F1-model_v4	AF-P07062-F1-model_v4 6-aminohexanoate-dimer hydrolase	5.662E-09	1.000	250	5	341	542	70	383	392	368	0.622	0.801
LOKIASV2_2342_ESMFold_hypothetical_protein	AF-A0A384XLH1-F1-model_v4	AF-A0A384XLH1-F1-model_v4 Beta-lactamase-like protein str6	6.185E-07	1.000	141	177	452	542	8	304	304	344	0.509	0.977
LOKIASV2_2342_ESMFold_hypothetical_protein	AF-Q48406-F1-model_v4	AF-Q48406-F1-model_v4 Beta-lactamase TEM-12	7.139E-05	1.000	134	4	341	542	27	284	286	363	0.624	0.902
LOKIASV2_2342_ESMFold_hypothetical_protein	AF-P37323-F1-model_v4	AF-P37323-F1-model_v4 Beta-lactamase SHV-4	1.727E-04	1.000	131	1	341	542	1	261	265	369	0.629	0.985
LOKIASV2_2342_ESMFold_hypothetical_protein	AF-P62593-F1-model_v4	AF-P62593-F1-model_v4 Beta-lactamase TEM	1.110E-04	1.000	130	4	341	542	27	284	286	363	0.624	0.902
LOKIASV2_2342_ESMFold_hypothetical_protein	AF-P0A9Z8-F1-model_v4	AF-P0A9Z8-F1-model_v4 Beta-lactamase SHV-2	1.110E-04	1.000	128	2	344	542	23	286	286	375	0.633	0.923
LOKIASV2_2342_ESMFold_hypothetical_protein	AF-P33652-F1-model_v4	AF-P33652-F1-model_v4 Beta-lactamase regulatory protein BlaB	1.154E-05	1.000	126	1	342	542	1	312	312	405	0.631	1.000
LOKIASV2_2342_ESMFold_hypothetical_protein	AF-P05192-F1-model_v4	AF-P05192-F1-model_v4 Beta-lactamase	7.973E-05	1.000	124	2	336	542	23	274	279	350	0.618	0.903
LOKIASV2_2342_ESMFold_hypothetical_protein	AF-P0A9Z9-F1-model_v4	AF-P0A9Z9-F1-model_v4 Beta-lactamase SHV-2	1.240E-04	1.000	124	2	344	542	23	285	286	373	0.633	0.920
LOKIASV2_2342_ESMFold_hypothetical_protein	AF-Q9AHN9-F1-model_v4	AF-Q9AHN9-F1-model_v4 Beta-lactamase SHV-29	2.038E-04	1.000	122	2	344	542	23	286	286	375	0.633	0.923
LOKIASV2_2342_ESMFold_hypothetical_protein	AF-Q9S424-F1-model_v4	AF-Q9S424-F1-model_v4 Beta-lactamase SHV-13	3.541E-04	1.000	121	2	344	542	23	286	286	375	0.633	0.923
LOKIASV2_2342_ESMFold_hypothetical_protein	AF-P18251-F1-model_v4	AF-P18251-F1-model_v4 Beta-lactamase Ohio-1	2.154E-04	1.000	120	4	344	542	28	285	286	368	0.629	0.902
LOKIASV2_2342_ESMFold_hypothetical_protein	AF-P0AA00-F1-model_v4	AF-P0AA00-F1-model_v4 Beta-lactamase SHV-2	3.541E-04	1.000	119	2	344	542	23	285	286	373	0.633	0.920
LOKIASV2_2342_ESMFold_hypothetical_protein	AF-P0A3M2-F1-model_v4	AF-P0A3M2-F1-model_v4 Beta-lactamase SHV-5	2.687E-04	1.000	117	2	344	542	23	285	286	374	0.633	0.920
LOKIASV2_2342_ESMFold_hypothetical_protein	AF-P81781-F1-model_v4	AF-P81781-F1-model_v4 Beta-lactamase CARB-6	1.240E-04	1.000	117	4	352	542	25	284	288	370	0.644	0.903
LOKIASV2_2342_ESMFold_hypothetical_protein	AF-Q93LM8-F1-model_v4	AF-Q93LM8-F1-model_v4 Beta-lactamase SHV-34	3.742E-04	1.000	115	2	344	542	23	285	286	371	0.633	0.920
LOKIASV2_2342_ESMFold_hypothetical_protein	AF-O08337-F1-model_v4	AF-O08337-F1-model_v4 Beta-lactamase SHV-8	3.541E-04	1.000	115	2	344	542	23	285	286	374	0.633	0.920
LOKIASV2_2342_ESMFold_hypothetical_protein	AF-Q03170-F1-model_v4	AF-Q03170-F1-model_v4 Beta-lactamase PSE-1	2.839E-04	1.000	115	4	352	542	25	284	288	369	0.644	0.903
LOKIASV2_2342_ESMFold_hypothetical_protein	AF-P96348-F1-model_v4	AF-P96348-F1-model_v4 Beta-lactamase SHV-6	3.954E-04	1.000	114	1	322	542	13	250	260	349	0.594	0.915
LOKIASV2_2342_ESMFold_hypothetical_protein	AF-P0AD64-F1-model_v4	AF-P0AD64-F1-model_v4 Beta-lactamase SHV-1	3.000E-04	1.000	114	2	336	542	23	274	286	363	0.618	0.881
LOKIASV2_2342_ESMFold_hypothetical_protein	AF-P0A9Z7-F1-model_v4	AF-P0A9Z7-F1-model_v4 Beta-lactamase SHV-2	7.671E-04	1.000	114	2	344	542	23	285	286	373	0.633	0.920
LOKIASV2_2342_ESMFold_hypothetical_protein	AF-Q848S4-F1-model_v4	AF-Q848S4-F1-model_v4 Beta-lactamase SHV-46	4.416E-04	1.000	114	2	344	542	23	285	286	374	0.633	0.920
LOKIASV2_2342_ESMFold_hypothetical_protein	AF-P0AD63-F1-model_v4	AF-P0AD63-F1-model_v4 Beta-lactamase SHV-1	3.351E-04	1.000	113	2	336	542	23	274	286	363	0.618	0.881
LOKIASV2_2342_ESMFold_hypothetical_protein	AF-Q9S169-F1-model_v4	AF-Q9S169-F1-model_v4 Beta-lactamase SHV-24	2.406E-04	1.000	112	4	344	542	28	286	286	371	0.629	0.906
LOKIASV2_2342_ESMFold_hypothetical_protein	AF-P16897-F1-model_v4	AF-P16897-F1-model_v4 Beta-lactamase PSE-4	2.839E-04	1.000	112	4	352	542	25	284	288	365	0.644	0.903
LOKIASV2_2342_ESMFold_hypothetical_protein	AF-P52663-F1-model_v4	AF-P52663-F1-model_v4 Imipenem-hydrolyzing beta-lactamase	3.742E-04	1.000	112	2	336	542	29	284	292	365	0.618	0.877
LOKIASV2_2342_ESMFold_hypothetical_protein	AF-P0A3M1-F1-model_v4	AF-P0A3M1-F1-model_v4 Beta-lactamase SHV-5	3.954E-04	1.000	111	4	344	542	28	285	286	373	0.629	0.902
LOKIASV2_2342_ESMFold_hypothetical_protein	AF-P37322-F1-model_v4	AF-P37322-F1-model_v4 Beta-lactamase CARB-3	3.351E-04	1.000	111	4	352	542	25	284	288	365	0.644	0.903
LOKIASV2_2342_ESMFold_hypothetical_protein	AF-P30896-F1-model_v4	AF-P30896-F1-model_v4 Beta-lactamase SHV-3	5.820E-04	1.000	109	4	344	542	28	285	286	373	0.629	0.902
LOKIASV2_2342_ESMFold_hypothetical_protein	AF-P37604-F1-model_v4	AF-P37604-F1-model_v4 D-alanyl-D-alanine carboxypeptidase DacD	1.440E-05	1.000	109	20	451	542	37	369	390	493	0.797	0.854
LOKIASV2_2342_ESMFold_hypothetical_protein	AF-Q44056-F1-model_v4	AF-Q44056-F1-model_v4 Beta-lactamase AER-1	4.416E-04	1.000	108	4	338	542	43	289	304	361	0.618	0.812
LOKIASV2_2342_ESMFold_hypothetical_protein	AF-P08506-F1-model_v4	AF-P08506-F1-model_v4 D-alanyl-D-alanine carboxypeptidase DacC	7.842E-06	1.000	106	18	461	542	38	381	400	497	0.819	0.860
LOKIASV2_2342_ESMFold_hypothetical_protein	AF-P44466-F1-model_v4	AF-P44466-F1-model_v4 D-alanyl-D-alanine carboxypeptidase DacA	1.154E-05	1.000	105	18	461	542	37	378	393	502	0.819	0.870
LOKIASV2_2342_ESMFold_hypothetical_protein	AF-P52682-F1-model_v4	AF-P52682-F1-model_v4 Carbapenem-hydrolyzing beta-lactamase Sme-1	9.052E-04	1.000	103	3	323	542	28	270	294	347	0.592	0.827
LOKIASV2_2342_ESMFold_hypothetical_protein	AF-P33013-F1-model_v4	AF-P33013-F1-model_v4 D-alanyl-D-alanine carboxypeptidase DacD	3.680E-05	1.000	102	18	451	542	33	367	388	494	0.801	0.863
LOKIASV2_2342_ESMFold_hypothetical_protein	AF-P0AEB3-F1-model_v4	AF-P0AEB3-F1-model_v4 D-alanyl-D-alanine carboxypeptidase DacA	6.756E-05	0.999	97	18	461	542	45	388	403	499	0.819	0.854
LOKIASV2_2342_ESMFold_hypothetical_protein	AF-P0AEB2-F1-model_v4	AF-P0AEB2-F1-model_v4 D-alanyl-D-alanine carboxypeptidase DacA	3.889E-05	0.999	97	18	461	542	45	388	403	500	0.819	0.854
LOKIASV2_2342_ESMFold_hypothetical_protein	AF-P08750-F1-model_v4	AF-P08750-F1-model_v4 D-alanyl-D-alanine carboxypeptidase DacA	3.483E-05	0.999	97	23	542	542	42	414	443	576	0.959	0.842
LOKIASV2_2342_ESMFold_hypothetical_protein	AF-P14171-F1-model_v4	AF-P14171-F1-model_v4 Beta-lactamase	2.190E-03	0.999	96	2	335	542	29	280	293	352	0.616	0.860
LOKIASV2_2342_ESMFold_hypothetical_protein	AF-P0AEB4-F1-model_v4	AF-P0AEB4-F1-model_v4 D-alanyl-D-alanine carboxypeptidase DacA	6.756E-05	0.999	96	5	461	542	26	388	403	516	0.843	0.901
LOKIASV2_2342_ESMFold_hypothetical_protein	AF-Q01166-F1-model_v4	AF-Q01166-F1-model_v4 Beta-lactamase	7.671E-04	0.998	95	3	341	542	30	291	294	372	0.625	0.891
LOKIASV2_2342_ESMFold_hypothetical_protein	AF-P38422-F1-model_v4	AF-P38422-F1-model_v4 D-alanyl-D-alanine carboxypeptidase DacF	1.173E-04	0.998	94	11	451	542	29	365	389	486	0.814	0.866
LOKIASV2_2342_ESMFold_hypothetical_protein	AF-Q59517-F1-model_v4	AF-Q59517-F1-model_v4 Beta-lactamase	2.190E-03	0.997	92	2	343	542	33	294	294	364	0.631	0.891
LOKIASV2_2342_ESMFold_hypothetical_protein	AF-P30897-F1-model_v4	AF-P30897-F1-model_v4 Beta-lactamase	4.020E-03	0.997	91	1	341	542	29	293	298	378	0.629	0.889
LOKIASV2_2342_ESMFold_hypothetical_protein	AF-P54427-F1-model_v4	AF-P54427-F1-model_v4 Probable beta-lactamase YbxI	1.028E-02	0.967	75	1	341	542	31	260	267	357	0.629	0.861
LOKIASV2_2342_ESMFold_hypothetical_protein	AF-Q00983-F1-model_v4	AF-Q00983-F1-model_v4 Beta-lactamase LCR-1	4.248E-03	0.956	73	7	341	542	23	252	260	348	0.618	0.885
LOKIASV2_2342_ESMFold_hypothetical_protein	AF-O32032-F1-model_v4	AF-O32032-F1-model_v4 Penicillin-binding protein 4B	1.385E-04	0.933	70	4	341	542	247	578	584	401	0.624	0.568
LOKIASV2_2342_ESMFold_hypothetical_protein	AF-P0AD66-F1-model_v4	AF-P0AD66-F1-model_v4 Peptidoglycan D,D-transpeptidase MrdA	4.667E-04	0.887	66	4	356	542	258	632	633	442	0.651	0.592
LOKIASV2_2342_ESMFold_hypothetical_protein	AF-P0AD67-F1-model_v4	AF-P0AD67-F1-model_v4 Peptidoglycan D,D-transpeptidase MrdA	9.566E-04	0.855	64	4	345	542	258	617	633	427	0.631	0.569
LOKIASV2_2342_ESMFold_hypothetical_protein	AF-P35578-F1-model_v4	AF-P35578-F1-model_v4 Epididymal secretory protein 4	1.625E-01	0.795	61	453	541	542	22	132	172	113	0.164	0.645
LOKIASV2_2342_ESMFold_hypothetical_protein	AF-Q0TNZ8-F1-model_v4	AF-Q0TNZ8-F1-model_v4 Penicillin-binding protein 1A	2.446E-03	0.720	58	1	344	542	341	670	830	417	0.635	0.398
LOKIASV2_2342_ESMFold_hypothetical_protein	AF-Q5HK32-F1-model_v4	AF-Q5HK32-F1-model_v4 Methicillin resistance mecR1 protein	5.693E-02	0.569	53	7	341	542	353	580	585	348	0.618	0.390
LOKIASV2_2342_ESMFold_hypothetical_protein	AF-P0A509-F1-model_v4	AF-P0A509-F1-model_v4 Biotin-dependent 3-methylcrotonyl-coenzyme A carboxylase alpha1 subunit	4.641E-01	0.569	53	465	542	542	495	572	654	82	0.144	0.119
LOKIASV2_2342_ESMFold_hypothetical_protein	AF-P70997-F1-model_v4	AF-P70997-F1-model_v4 Penicillin-binding protein 2D	5.917E-03	0.537	52	4	344	542	307	612	691	392	0.629	0.443
LOKIASV2_2342_ESMFold_hypothetical_protein	AF-B3EY83-F1-model_v4	AF-B3EY83-F1-model_v4 Epididymal-specific lipocalin-12	2.528E-01	0.505	51	453	540	542	27	148	193	122	0.162	0.632
LOKIASV2_2342_ESMFold_hypothetical_protein	AF-P9WPQ3-F1-model_v4	AF-P9WPQ3-F1-model_v4 Biotin-dependent 3-methylcrotonyl-coenzyme A carboxylase alpha1 subunit	5.477E-01	0.505	51	465	542	542	495	572	654	82	0.144	0.119
LOKIASV2_2342_ESMFold_hypothetical_protein	AF-Q6JVL5-F1-model_v4	AF-Q6JVL5-F1-model_v4 Epididymal-specific lipocalin-12	1.815E-01	0.442	49	453	540	542	27	148	193	122	0.162	0.632
LOKIASV2_2342_ESMFold_hypothetical_protein	AF-P0A0B2-F1-model_v4	AF-P0A0B2-F1-model_v4 Methicillin resistance mecR1 protein	5.387E-02	0.442	49	7	341	542	353	580	585	358	0.618	0.390
LOKIASV2_2342_ESMFold_hypothetical_protein	AF-P9WPQ2-F1-model_v4	AF-P9WPQ2-F1-model_v4 Biotin-dependent 3-methylcrotonyl-coenzyme A carboxylase alpha1 subunit	6.464E-01	0.442	49	465	541	542	495	571	654	81	0.142	0.118
LOKIASV2_2342_ESMFold_hypothetical_protein	AF-P0A0B1-F1-model_v4	AF-P0A0B1-F1-model_v4 Methicillin resistance mecR1 protein	7.929E-02	0.411	48	7	341	542	353	580	585	343	0.618	0.390
LOKIASV2_2342_ESMFold_hypothetical_protein	AF-P0A0A9-F1-model_v4	AF-P0A0A9-F1-model_v4 Methicillin resistance mecR1 protein	7.929E-02	0.382	47	7	341	542	353	580	585	349	0.618	0.390
LOKIASV2_2342_ESMFold_hypothetical_protein	AF-Q62472-F1-model_v4	AF-Q62472-F1-model_v4 Vomeronasal secretory protein 2	1.325E+00	0.326	45	453	542	542	22	138	185	124	0.166	0.632
LOKIASV2_2342_ESMFold_hypothetical_protein	AF-P0A0B0-F1-model_v4	AF-P0A0B0-F1-model_v4 Methicillin resistance mecR1 protein	8.379E-02	0.326	45	7	341	542	353	580	585	347	0.618	0.390
LOKIASV2_2342_ESMFold_hypothetical_protein	AF-Q1RKC5-F1-model_v4	AF-Q1RKC5-F1-model_v4 Penicillin-binding protein 1A	4.490E-03	0.301	44	20	433	542	417	791	791	472	0.764	0.474
LOKIASV2_2342_ESMFold_hypothetical_protein	AF-P38247-F1-model_v4	AF-P38247-F1-model_v4 Protein SLM4	2.264E-01	0.277	43	237	339	542	66	153	162	114	0.190	0.543
LOKIASV2_2342_ESMFold_hypothetical_protein	AF-Q8SQ30-F1-model_v4	AF-Q8SQ30-F1-model_v4 Late lactation protein B	1.400E+00	0.214	40	465	541	542	28	130	174	105	0.142	0.592
LOKIASV2_2342_ESMFold_hypothetical_protein	AF-Q01584-F1-model_v4	AF-Q01584-F1-model_v4 Lipocalin	1.480E+00	0.196	39	452	540	542	20	140	183	121	0.164	0.661
LOKIASV2_2342_ESMFold_hypothetical_protein	AF-Q8VCG4-F1-model_v4	AF-Q8VCG4-F1-model_v4 Complement component C8 gamma chain	2.432E+00	0.196	39	453	540	542	35	149	202	120	0.162	0.569
LOKIASV2_2342_ESMFold_hypothetical_protein	AF-Q99MG7-F1-model_v4	AF-Q99MG7-F1-model_v4 Female-specific lacrimal gland protein	1.005E+00	0.179	38	276	346	542	86	158	172	74	0.131	0.424
LOKIASV2_2342_ESMFold_hypothetical_protein	AF-Q09294-F1-model_v4	AF-Q09294-F1-model_v4 Uncharacterized protein EEED8.3	2.142E-01	0.179	38	399	542	542	20	193	194	192	0.266	0.897
LOKIASV2_2342_ESMFold_hypothetical_protein	AF-Q28679-F1-model_v4	AF-Q28679-F1-model_v4 Complement component C8 gamma chain	3.783E+00	0.179	38	454	541	542	36	152	202	119	0.162	0.579
LOKIASV2_2342_ESMFold_hypothetical_protein	AF-A0A0H2ZMF9-F1-model_v4	AF-A0A0H2ZMF9-F1-model_v4 Penicillin-binding protein 2a	9.357E-02	0.179	38	3	342	542	346	654	731	389	0.627	0.423
LOKIASV2_2342_ESMFold_hypothetical_protein	AF-P30152-F1-model_v4	AF-P30152-F1-model_v4 Neutrophil gelatinase-associated lipocalin	4.641E-01	0.164	37	453	540	542	35	156	198	124	0.162	0.616
LOKIASV2_2342_ESMFold_hypothetical_protein	AF-Q63805-F1-model_v4	AF-Q63805-F1-model_v4 Alpha-1-acid glycoprotein 3	4.465E+00	0.150	36	454	541	542	28	146	206	120	0.162	0.578
LOKIASV2_2342_ESMFold_hypothetical_protein	AF-O34426-F1-model_v4	AF-O34426-F1-model_v4 S-adenosylmethionine decarboxylase proenzyme	2.178E+00	0.138	35	283	340	542	44	100	126	58	0.107	0.452
LOKIASV2_2342_ESMFold_hypothetical_protein	AF-P07360-F1-model_v4	AF-P07360-F1-model_v4 Complement component C8 gamma chain	3.388E+00	0.138	35	453	541	542	35	152	202	122	0.164	0.584
LOKIASV2_2342_ESMFold_hypothetical_protein	AF-B7GGU7-F1-model_v4	AF-B7GGU7-F1-model_v4 S-adenosylmethionine decarboxylase proenzyme	2.716E+00	0.116	33	283	339	542	44	99	124	57	0.105	0.452
LOKIASV2_2342_ESMFold_hypothetical_protein	AF-P0CU39-F1-model_v4	AF-P0CU39-F1-model_v4 Secretory-abundant heat soluble protein 33020	1.625E-01	0.098	31	413	542	542	60	163	168	133	0.240	0.619
LOKIASV2_2342_ESMFold_hypothetical_protein	AF-Q9PNZ0-F1-model_v4	AF-Q9PNZ0-F1-model_v4 Outer-membrane lipoprotein carrier protein	2.984E-01	0.098	31	384	542	542	30	144	169	167	0.293	0.680
LOKIASV2_2342_ESMFold_hypothetical_protein	AF-P86294-F1-model_v4	AF-P86294-F1-model_v4 Profilin	4.465E+00	0.098	31	278	341	542	93	167	170	77	0.118	0.441
LOKIASV2_2342_ESMFold_hypothetical_protein	AF-A6LKI7-F1-model_v4	AF-A6LKI7-F1-model_v4 S-adenosylmethionine decarboxylase proenzyme	2.061E+00	0.090	30	285	344	542	46	104	130	63	0.111	0.454
LOKIASV2_2342_ESMFold_hypothetical_protein	AF-C4KHX2-F1-model_v4	AF-C4KHX2-F1-model_v4 Arginine decarboxylase proenzyme	3.206E+00	0.090	30	283	344	542	63	123	134	65	0.114	0.455
LOKIASV2_2342_ESMFold_hypothetical_protein	AF-P41244-F1-model_v4	AF-P41244-F1-model_v4 von Ebner gland protein 2	3.783E+00	0.090	30	454	541	542	42	133	177	101	0.162	0.520
LOKIASV2_2342_ESMFold_hypothetical_protein	AF-Q9UTI1-F1-model_v4	AF-Q9UTI1-F1-model_v4 Silencing boundary-establishment protein FUB1-like protein	5.568E+00	0.090	30	283	367	542	50	134	265	86	0.157	0.321
LOKIASV2_2342_ESMFold_hypothetical_protein	AF-Q93WV6-F1-model_v4	AF-Q93WV6-F1-model_v4 WRKY transcription factor 68	8.519E-01	0.090	30	266	328	542	115	176	277	68	0.116	0.224
LOKIASV2_2342_ESMFold_hypothetical_protein	AF-Q8GY11-F1-model_v4	AF-Q8GY11-F1-model_v4 Probable WRKY transcription factor 43	5.183E-01	0.082	29	262	341	542	23	101	109	85	0.148	0.725
LOKIASV2_2342_ESMFold_hypothetical_protein	AF-Q5KWC6-F1-model_v4	AF-Q5KWC6-F1-model_v4 S-adenosylmethionine decarboxylase proenzyme	4.465E+00	0.082	29	283	341	542	44	100	124	59	0.109	0.460
LOKIASV2_2342_ESMFold_hypothetical_protein	AF-P55051-F1-model_v4	AF-P55051-F1-model_v4 Fatty acid-binding protein, brain	1.377E-01	0.082	29	417	542	542	36	132	132	130	0.232	0.735
LOKIASV2_2342_ESMFold_hypothetical_protein	AF-Q9I8L5-F1-model_v4	AF-Q9I8L5-F1-model_v4 Fatty acid-binding protein 10-A, liver basic	2.672E-01	0.076	28	417	542	542	34	126	126	129	0.232	0.738
LOKIASV2_2342_ESMFold_hypothetical_protein	AF-Q7U4L7-F1-model_v4	AF-Q7U4L7-F1-model_v4 S-adenosylmethionine decarboxylase proenzyme	4.225E+00	0.076	28	283	344	542	42	102	128	63	0.114	0.477
LOKIASV2_2342_ESMFold_hypothetical_protein	AF-B7ICX1-F1-model_v4	AF-B7ICX1-F1-model_v4 S-adenosylmethionine decarboxylase proenzyme	2.716E+00	0.076	28	285	344	542	46	104	130	63	0.111	0.454
LOKIASV2_2342_ESMFold_hypothetical_protein	AF-P0C6G6-F1-model_v4	AF-P0C6G6-F1-model_v4 Myelin P2 protein	2.528E-01	0.076	28	418	542	542	37	132	132	128	0.231	0.727
LOKIASV2_2342_ESMFold_hypothetical_protein	AF-P51880-F1-model_v4	AF-P51880-F1-model_v4 Fatty acid-binding protein, brain	1.815E-01	0.076	28	417	542	542	36	132	132	131	0.232	0.735
LOKIASV2_2342_ESMFold_hypothetical_protein	AF-P32613-F1-model_v4	AF-P32613-F1-model_v4 TRAPP-associated protein TCA17	1.950E+00	0.076	28	287	362	542	55	129	152	80	0.140	0.493
LOKIASV2_2342_ESMFold_hypothetical_protein	AF-Q9NPH6-F1-model_v4	AF-Q9NPH6-F1-model_v4 Odorant-binding protein 2b	5.269E+00	0.076	28	452	541	542	5	127	170	125	0.166	0.724
LOKIASV2_2342_ESMFold_hypothetical_protein	AF-P53715-F1-model_v4	AF-P53715-F1-model_v4 Lipocalin-1	7.755E+00	0.076	28	453	541	542	21	133	176	119	0.164	0.642
LOKIASV2_2342_ESMFold_hypothetical_protein	AF-Q93WU9-F1-model_v4	AF-Q93WU9-F1-model_v4 Probable WRKY transcription factor 51	5.183E-01	0.076	28	264	347	542	105	186	194	89	0.155	0.423
LOKIASV2_2342_ESMFold_hypothetical_protein	AF-A7Z7I7-F1-model_v4	AF-A7Z7I7-F1-model_v4 S-adenosylmethionine decarboxylase proenzyme	4.225E+00	0.069	27	283	340	542	44	100	126	60	0.107	0.452
LOKIASV2_2342_ESMFold_hypothetical_protein	AF-P0C241-F1-model_v4	AF-P0C241-F1-model_v4 Fatty acid-binding protein, liver	3.521E-01	0.069	27	420	541	542	37	124	126	124	0.225	0.698
LOKIASV2_2342_ESMFold_hypothetical_protein	AF-Q65G98-F1-model_v4	AF-Q65G98-F1-model_v4 S-adenosylmethionine decarboxylase proenzyme	3.998E+00	0.069	27	283	340	542	44	100	128	60	0.107	0.445
LOKIASV2_2342_ESMFold_hypothetical_protein	AF-A5IJD2-F1-model_v4	AF-A5IJD2-F1-model_v4 S-adenosylmethionine decarboxylase proenzyme	3.388E+00	0.069	27	285	344	542	46	104	130	63	0.111	0.454
LOKIASV2_2342_ESMFold_hypothetical_protein	AF-Q9WZC3-F1-model_v4	AF-Q9WZC3-F1-model_v4 S-adenosylmethionine decarboxylase proenzyme	2.870E+00	0.069	27	285	344	542	46	104	130	63	0.111	0.454
LOKIASV2_2342_ESMFold_hypothetical_protein	AF-Q91775-F1-model_v4	AF-Q91775-F1-model_v4 Fatty acid-binding protein, intestinal	1.918E-01	0.069	27	416	541	542	33	130	132	135	0.232	0.742
LOKIASV2_2342_ESMFold_hypothetical_protein	AF-Q865F7-F1-model_v4	AF-Q865F7-F1-model_v4 Fatty acid-binding protein, heart	1.718E-01	0.069	27	416	542	542	35	132	133	133	0.234	0.737
LOKIASV2_2342_ESMFold_hypothetical_protein	AF-P05413-F1-model_v4	AF-P05413-F1-model_v4 Fatty acid-binding protein, heart	2.392E-01	0.069	27	416	542	542	35	132	133	133	0.234	0.737
LOKIASV2_2342_ESMFold_hypothetical_protein	AF-A8MBV3-F1-model_v4	AF-A8MBV3-F1-model_v4 Arginine decarboxylase proenzyme	4.986E+00	0.069	27	283	341	542	62	120	134	64	0.109	0.440
LOKIASV2_2342_ESMFold_hypothetical_protein	AF-Q9UWU1-F1-model_v4	AF-Q9UWU1-F1-model_v4 Arginine decarboxylase proenzyme	5.568E+00	0.069	27	283	344	542	63	123	134	65	0.114	0.455
LOKIASV2_2342_ESMFold_hypothetical_protein	AF-A7HMP1-F1-model_v4	AF-A7HMP1-F1-model_v4 S-adenosylmethionine decarboxylase proenzyme	1.400E+00	0.069	27	243	344	542	17	104	137	105	0.188	0.642
LOKIASV2_2342_ESMFold_hypothetical_protein	AF-Q965W1-F1-model_v4	AF-Q965W1-F1-model_v4 Fatty acid-binding protein homolog 9	2.264E-01	0.069	27	416	541	542	52	146	152	132	0.232	0.625
LOKIASV2_2342_ESMFold_hypothetical_protein	AF-O24575-F1-model_v4	AF-O24575-F1-model_v4 S-adenosylmethionine decarboxylase proenzyme	4.465E+00	0.069	27	283	338	542	232	289	400	60	0.103	0.145
LOKIASV2_2342_ESMFold_hypothetical_protein	AF-Q5A723-F1-model_v4	AF-Q5A723-F1-model_v4 Vacuolar fusion protein MON1	2.227E-02	0.069	27	22	463	542	142	544	565	523	0.815	0.713
LOKIASV2_2342_ESMFold_hypothetical_protein	AF-P37008-F1-model_v4	AF-P37008-F1-model_v4 Orphan antitoxin YagB	5.568E+00	0.063	26	293	327	542	76	110	116	35	0.065	0.302
LOKIASV2_2342_ESMFold_hypothetical_protein	AF-Q97BP8-F1-model_v4	AF-Q97BP8-F1-model_v4 S-adenosylmethionine decarboxylase proenzyme	4.986E+00	0.063	26	285	341	542	47	102	130	60	0.105	0.431
LOKIASV2_2342_ESMFold_hypothetical_protein	AF-B1L8F1-F1-model_v4	AF-B1L8F1-F1-model_v4 S-adenosylmethionine decarboxylase proenzyme	3.580E+00	0.063	26	285	344	542	46	104	130	63	0.111	0.454
LOKIASV2_2342_ESMFold_hypothetical_protein	AF-Q45KW7-F1-model_v4	AF-Q45KW7-F1-model_v4 Fatty acid-binding protein, intestinal	2.984E-01	0.063	26	416	542	542	33	132	132	136	0.234	0.758
LOKIASV2_2342_ESMFold_hypothetical_protein	AF-P12104-F1-model_v4	AF-P12104-F1-model_v4 Fatty acid-binding protein, intestinal	4.391E-01	0.063	26	416	542	542	33	132	132	137	0.234	0.758
LOKIASV2_2342_ESMFold_hypothetical_protein	AF-O13008-F1-model_v4	AF-O13008-F1-model_v4 Fatty acid-binding protein, heart	2.984E-01	0.063	26	417	542	542	36	132	133	132	0.232	0.729
LOKIASV2_2342_ESMFold_hypothetical_protein	AF-P50120-F1-model_v4	AF-P50120-F1-model_v4 Retinol-binding protein 2	3.332E-01	0.063	26	416	542	542	35	134	134	132	0.234	0.746
LOKIASV2_2342_ESMFold_hypothetical_protein	AF-P0DM59-F1-model_v4	AF-P0DM59-F1-model_v4 Bilirubin-inducible fluorescent protein UnaG	1.815E-01	0.063	26	368	542	542	2	137	139	204	0.323	0.978
LOKIASV2_2342_ESMFold_hypothetical_protein	AF-Q09430-F1-model_v4	AF-Q09430-F1-model_v4 Profilin-2	3.388E+00	0.063	26	274	341	542	60	137	140	81	0.125	0.557
LOKIASV2_2342_ESMFold_hypothetical_protein	AF-S5ZYD3-F1-model_v4	AF-S5ZYD3-F1-model_v4 Odorant-binding protein	4.225E+00	0.063	26	276	342	542	64	129	151	72	0.124	0.437
LOKIASV2_2342_ESMFold_hypothetical_protein	AF-P0CU42-F1-model_v4	AF-P0CU42-F1-model_v4 Secretory-abundant heat soluble protein 68234	5.183E-01	0.063	26	415	542	542	62	163	174	131	0.236	0.586
LOKIASV2_2342_ESMFold_hypothetical_protein	AF-P9WK42-F1-model_v4	AF-P9WK42-F1-model_v4 Putative lipoprotein LprH	3.783E+00	0.063	26	283	339	542	164	224	228	61	0.105	0.268
LOKIASV2_2342_ESMFold_hypothetical_protein	AF-Q9LGR0-F1-model_v4	AF-Q9LGR0-F1-model_v4 FACT complex subunit SSRP1-A	5.693E-02	0.063	26	283	541	542	21	287	641	329	0.478	0.417
LOKIASV2_2342_ESMFold_hypothetical_protein	AF-P86412-F1-model_v4	AF-P86412-F1-model_v4 Myelin P2 protein	4.391E-01	0.057	25	418	542	542	37	132	132	132	0.231	0.727
LOKIASV2_2342_ESMFold_hypothetical_protein	AF-Q56JX9-F1-model_v4	AF-Q56JX9-F1-model_v4 Fatty acid-binding protein, intestinal	3.332E-01	0.057	25	416	542	542	33	132	132	136	0.234	0.758
LOKIASV2_2342_ESMFold_hypothetical_protein	AF-B7SUM8-F1-model_v4	AF-B7SUM8-F1-model_v4 Fatty acid-binding protein 12	3.721E-01	0.057	25	416	542	542	35	132	132	135	0.234	0.742
LOKIASV2_2342_ESMFold_hypothetical_protein	AF-P55050-F1-model_v4	AF-P55050-F1-model_v4 Fatty acid-binding protein, intestinal	3.521E-01	0.057	25	416	542	542	33	132	132	136	0.234	0.758
LOKIASV2_2342_ESMFold_hypothetical_protein	AF-Q05423-F1-model_v4	AF-Q05423-F1-model_v4 Fatty acid-binding protein, brain	2.672E-01	0.057	25	416	542	542	35	132	132	132	0.234	0.742
LOKIASV2_2342_ESMFold_hypothetical_protein	AF-P15090-F1-model_v4	AF-P15090-F1-model_v4 Fatty acid-binding protein, adipocyte	4.156E-01	0.057	25	417	542	542	36	132	132	130	0.232	0.735
LOKIASV2_2342_ESMFold_hypothetical_protein	AF-B2V7P6-F1-model_v4	AF-B2V7P6-F1-model_v4 S-adenosylmethionine decarboxylase proenzyme	6.945E+00	0.057	25	285	344	542	47	105	133	60	0.111	0.444
LOKIASV2_2342_ESMFold_hypothetical_protein	AF-O02772-F1-model_v4	AF-O02772-F1-model_v4 Fatty acid-binding protein, heart	2.672E-01	0.057	25	417	542	542	36	132	133	132	0.232	0.729
LOKIASV2_2342_ESMFold_hypothetical_protein	AF-B4U6K3-F1-model_v4	AF-B4U6K3-F1-model_v4 S-adenosylmethionine decarboxylase proenzyme	2.178E+00	0.057	25	252	341	542	26	99	134	92	0.166	0.552
LOKIASV2_2342_ESMFold_hypothetical_protein	AF-P06768-F1-model_v4	AF-P06768-F1-model_v4 Retinol-binding protein 2	5.183E-01	0.057	25	416	542	542	35	134	134	132	0.234	0.746
LOKIASV2_2342_ESMFold_hypothetical_protein	AF-Q4R4P8-F1-model_v4	AF-Q4R4P8-F1-model_v4 Profilin-2	3.033E+00	0.057	25	241	341	542	45	137	140	114	0.186	0.664
LOKIASV2_2342_ESMFold_hypothetical_protein	AF-A6NFH5-F1-model_v4	AF-A6NFH5-F1-model_v4 Fatty acid-binding protein 12	3.721E-01	0.057	25	416	542	542	35	132	140	134	0.234	0.700
LOKIASV2_2342_ESMFold_hypothetical_protein	AF-A8AAB6-F1-model_v4	AF-A8AAB6-F1-model_v4 Arginine decarboxylase proenzyme	6.218E+00	0.057	25	285	344	542	64	121	144	64	0.111	0.403
LOKIASV2_2342_ESMFold_hypothetical_protein	AF-Q42829-F1-model_v4	AF-Q42829-F1-model_v4 S-adenosylmethionine decarboxylase proenzyme	6.572E+00	0.057	25	283	338	542	225	282	393	60	0.103	0.148
LOKIASV2_2342_ESMFold_hypothetical_protein	AF-A2XV58-F1-model_v4	AF-A2XV58-F1-model_v4 S-adenosylmethionine decarboxylase proenzyme	6.572E+00	0.057	25	283	338	542	232	289	398	59	0.103	0.146
LOKIASV2_2342_ESMFold_hypothetical_protein	AF-P46933-F1-model_v4	AF-P46933-F1-model_v4 Amyloid-beta A4 precursor protein-binding family B member 1	3.101E-02	0.057	25	243	484	542	383	629	711	300	0.446	0.347
LOKIASV2_2342_ESMFold_hypothetical_protein	AF-B1L242-F1-model_v4	AF-B1L242-F1-model_v4 S-adenosylmethionine decarboxylase proenzyme	6.218E+00	0.051	24	285	341	542	46	98	116	58	0.105	0.457
LOKIASV2_2342_ESMFold_hypothetical_protein	AF-C3KUX9-F1-model_v4	AF-C3KUX9-F1-model_v4 S-adenosylmethionine decarboxylase proenzyme	6.572E+00	0.051	24	285	341	542	46	98	116	58	0.105	0.457
LOKIASV2_2342_ESMFold_hypothetical_protein	AF-B9E1Y4-F1-model_v4	AF-B9E1Y4-F1-model_v4 S-adenosylmethionine decarboxylase proenzyme	5.269E+00	0.051	24	283	341	542	44	101	126	62	0.109	0.460
LOKIASV2_2342_ESMFold_hypothetical_protein	AF-A5N8H9-F1-model_v4	AF-A5N8H9-F1-model_v4 S-adenosylmethionine decarboxylase proenzyme	5.269E+00	0.051	24	283	341	542	44	101	126	62	0.109	0.460
LOKIASV2_2342_ESMFold_hypothetical_protein	AF-A5D2A7-F1-model_v4	AF-A5D2A7-F1-model_v4 S-adenosylmethionine decarboxylase proenzyme	5.269E+00	0.051	24	283	338	542	44	99	126	59	0.103	0.444
LOKIASV2_2342_ESMFold_hypothetical_protein	AF-Q3AB53-F1-model_v4	AF-Q3AB53-F1-model_v4 S-adenosylmethionine decarboxylase proenzyme	4.718E+00	0.051	24	283	338	542	44	98	127	59	0.103	0.433
LOKIASV2_2342_ESMFold_hypothetical_protein	AF-Q9K859-F1-model_v4	AF-Q9K859-F1-model_v4 S-adenosylmethionine decarboxylase proenzyme 2	5.568E+00	0.051	24	283	340	542	44	101	127	61	0.107	0.457
LOKIASV2_2342_ESMFold_hypothetical_protein	AF-A9VJP4-F1-model_v4	AF-A9VJP4-F1-model_v4 S-adenosylmethionine decarboxylase proenzyme	4.718E+00	0.051	24	283	341	542	47	104	130	62	0.109	0.446
LOKIASV2_2342_ESMFold_hypothetical_protein	AF-Q817G9-F1-model_v4	AF-Q817G9-F1-model_v4 S-adenosylmethionine decarboxylase proenzyme 1	4.986E+00	0.051	24	283	341	542	47	104	130	62	0.109	0.446
LOKIASV2_2342_ESMFold_hypothetical_protein	AF-Q633L5-F1-model_v4	AF-Q633L5-F1-model_v4 S-adenosylmethionine decarboxylase proenzyme 1	5.568E+00	0.051	24	283	341	542	47	104	130	62	0.109	0.446
LOKIASV2_2342_ESMFold_hypothetical_protein	AF-Q9U5P1-F1-model_v4	AF-Q9U5P1-F1-model_v4 Fatty acid-binding protein	5.477E-01	0.051	24	416	542	542	34	131	131	133	0.234	0.748
LOKIASV2_2342_ESMFold_hypothetical_protein	AF-P02691-F1-model_v4	AF-P02691-F1-model_v4 Myelin P2 protein	5.477E-01	0.051	24	418	542	542	37	132	132	129	0.231	0.727
LOKIASV2_2342_ESMFold_hypothetical_protein	AF-P02690-F1-model_v4	AF-P02690-F1-model_v4 Myelin P2 protein	5.183E-01	0.051	24	418	542	542	37	132	132	130	0.231	0.727
LOKIASV2_2342_ESMFold_hypothetical_protein	AF-P02693-F1-model_v4	AF-P02693-F1-model_v4 Fatty acid-binding protein, intestinal	5.788E-01	0.051	24	416	542	542	33	132	132	136	0.234	0.758
LOKIASV2_2342_ESMFold_hypothetical_protein	AF-P10790-F1-model_v4	AF-P10790-F1-model_v4 Fatty acid-binding protein, heart	3.153E-01	0.051	24	417	542	542	36	132	133	136	0.232	0.729
LOKIASV2_2342_ESMFold_hypothetical_protein	AF-P07483-F1-model_v4	AF-P07483-F1-model_v4 Fatty acid-binding protein, heart	4.156E-01	0.051	24	416	542	542	35	132	133	135	0.234	0.737
LOKIASV2_2342_ESMFold_hypothetical_protein	AF-Q02970-F1-model_v4	AF-Q02970-F1-model_v4 Fatty acid-binding protein homolog 1	6.831E-01	0.051	24	416	542	542	34	132	133	132	0.234	0.744
LOKIASV2_2342_ESMFold_hypothetical_protein	AF-Q4TZH2-F1-model_v4	AF-Q4TZH2-F1-model_v4 Fatty acid-binding protein, heart	2.984E-01	0.051	24	417	542	542	36	132	133	136	0.232	0.729
LOKIASV2_2342_ESMFold_hypothetical_protein	AF-C0QRY8-F1-model_v4	AF-C0QRY8-F1-model_v4 S-adenosylmethionine decarboxylase proenzyme	5.568E+00	0.051	24	285	344	542	47	105	133	62	0.111	0.444
LOKIASV2_2342_ESMFold_hypothetical_protein	AF-Q99P61-F1-model_v4	AF-Q99P61-F1-model_v4 Fatty acid-binding protein, heart	3.153E-01	0.051	24	416	542	542	35	132	133	134	0.234	0.737
LOKIASV2_2342_ESMFold_hypothetical_protein	AF-P11404-F1-model_v4	AF-P11404-F1-model_v4 Fatty acid-binding protein, heart	3.521E-01	0.051	24	416	542	542	35	132	133	133	0.234	0.737
LOKIASV2_2342_ESMFold_hypothetical_protein	AF-Q5RBM7-F1-model_v4	AF-Q5RBM7-F1-model_v4 Retinol-binding protein 5	5.477E-01	0.051	24	417	542	542	36	134	135	133	0.232	0.733
LOKIASV2_2342_ESMFold_hypothetical_protein	AF-P35080-F1-model_v4	AF-P35080-F1-model_v4 Profilin-2	3.033E+00	0.051	24	241	341	542	45	137	140	114	0.186	0.664
LOKIASV2_2342_ESMFold_hypothetical_protein	AF-A6VCN1-F1-model_v4	AF-A6VCN1-F1-model_v4 S-adenosylmethionine decarboxylase proenzyme	2.870E+00	0.051	24	245	344	542	29	114	160	103	0.185	0.538
LOKIASV2_2342_ESMFold_hypothetical_protein	AF-B8QYR5-F1-model_v4	AF-B8QYR5-F1-model_v4 Profilin	3.388E+00	0.051	24	207	341	542	59	167	174	150	0.249	0.626
LOKIASV2_2342_ESMFold_hypothetical_protein	AF-Q57133-F1-model_v4	AF-Q57133-F1-model_v4 Uncharacterized protein HI_0973	8.061E-01	0.051	24	374	542	542	78	289	289	227	0.312	0.734
LOKIASV2_2342_ESMFold_hypothetical_protein	AF-Q8VWJ2-F1-model_v4	AF-Q8VWJ2-F1-model_v4 WRKY transcription factor 28	1.062E+00	0.051	24	262	348	542	165	254	318	96	0.161	0.283
LOKIASV2_2342_ESMFold_hypothetical_protein	AF-O22900-F1-model_v4	AF-O22900-F1-model_v4 WRKY transcription factor 23	2.061E+00	0.051	24	262	328	542	167	232	337	72	0.124	0.196
LOKIASV2_2342_ESMFold_hypothetical_protein	AF-Q96471-F1-model_v4	AF-Q96471-F1-model_v4 S-adenosylmethionine decarboxylase proenzyme	6.945E+00	0.051	24	283	340	542	223	279	362	61	0.107	0.157
LOKIASV2_2342_ESMFold_hypothetical_protein	AF-P50244-F1-model_v4	AF-P50244-F1-model_v4 S-adenosylmethionine decarboxylase proenzyme	8.196E+00	0.051	24	283	338	542	238	292	370	58	0.103	0.149
LOKIASV2_2342_ESMFold_hypothetical_protein	AF-P47247-F1-model_v4	AF-P47247-F1-model_v4 Beta sliding clamp	3.153E-01	0.051	24	283	542	542	44	377	380	370	0.480	0.879
LOKIASV2_2342_ESMFold_hypothetical_protein	AF-O00213-F1-model_v4	AF-O00213-F1-model_v4 Amyloid-beta A4 precursor protein-binding family B member 1	5.387E-02	0.051	24	243	485	542	382	629	710	296	0.448	0.349
LOKIASV2_2342_ESMFold_hypothetical_protein	AF-E0SGL7-F1-model_v4	AF-E0SGL7-F1-model_v4 Putative deoxyribonuclease RhsC	9.002E-01	0.051	24	372	539	542	512	668	1658	206	0.310	0.095
LOKIASV2_2342_ESMFold_hypothetical_protein	AF-Q7V558-F1-model_v4	AF-Q7V558-F1-model_v4 S-adenosylmethionine decarboxylase proenzyme	4.718E+00	0.045	23	243	344	542	15	102	125	103	0.188	0.704
LOKIASV2_2342_ESMFold_hypothetical_protein	AF-Q0AZ53-F1-model_v4	AF-Q0AZ53-F1-model_v4 S-adenosylmethionine decarboxylase proenzyme	3.580E+00	0.045	23	283	347	542	44	120	126	81	0.120	0.611
LOKIASV2_2342_ESMFold_hypothetical_protein	AF-Q72ZF6-F1-model_v4	AF-Q72ZF6-F1-model_v4 S-adenosylmethionine decarboxylase proenzyme	6.572E+00	0.045	23	283	341	542	47	104	130	62	0.109	0.446
LOKIASV2_2342_ESMFold_hypothetical_protein	AF-Q17284-F1-model_v4	AF-Q17284-F1-model_v4 Fatty acid-binding protein	7.218E-01	0.045	23	417	542	542	34	130	130	132	0.232	0.746
LOKIASV2_2342_ESMFold_hypothetical_protein	AF-A6YLM6-F1-model_v4	AF-A6YLM6-F1-model_v4 Fatty acid-binding protein, adipocyte	6.116E-01	0.045	23	417	542	542	36	132	132	130	0.232	0.735
LOKIASV2_2342_ESMFold_hypothetical_protein	AF-Q09139-F1-model_v4	AF-Q09139-F1-model_v4 Fatty acid-binding protein, brain	4.904E-01	0.045	23	417	542	542	36	132	132	131	0.232	0.735
LOKIASV2_2342_ESMFold_hypothetical_protein	AF-Q9DAK4-F1-model_v4	AF-Q9DAK4-F1-model_v4 Fatty acid-binding protein 12	7.218E-01	0.045	23	416	542	542	35	132	132	132	0.234	0.742
LOKIASV2_2342_ESMFold_hypothetical_protein	AF-C4N147-F1-model_v4	AF-C4N147-F1-model_v4 Sodium/calcium exchanger regulatory protein 1	1.062E+00	0.045	23	417	542	542	36	131	132	127	0.232	0.727
LOKIASV2_2342_ESMFold_hypothetical_protein	AF-Q99P60-F1-model_v4	AF-Q99P60-F1-model_v4 Fatty acid-binding protein, adipocyte	6.116E-01	0.045	23	417	542	542	36	132	132	130	0.232	0.735
LOKIASV2_2342_ESMFold_hypothetical_protein	AF-P04117-F1-model_v4	AF-P04117-F1-model_v4 Fatty acid-binding protein, adipocyte	5.788E-01	0.045	23	417	542	542	36	132	132	130	0.232	0.735
LOKIASV2_2342_ESMFold_hypothetical_protein	AF-P24526-F1-model_v4	AF-P24526-F1-model_v4 Myelin P2 protein	8.061E-01	0.045	23	418	542	542	37	132	132	129	0.231	0.727
LOKIASV2_2342_ESMFold_hypothetical_protein	AF-Q9BMK3-F1-model_v4	AF-Q9BMK3-F1-model_v4 Fatty acid-binding protein homolog 2	4.641E-01	0.045	23	369	541	542	2	130	133	197	0.319	0.970
LOKIASV2_2342_ESMFold_hypothetical_protein	AF-B5YI28-F1-model_v4	AF-B5YI28-F1-model_v4 S-adenosylmethionine decarboxylase proenzyme	3.033E+00	0.045	23	245	335	542	18	96	135	95	0.168	0.585
LOKIASV2_2342_ESMFold_hypothetical_protein	AF-A6Q574-F1-model_v4	AF-A6Q574-F1-model_v4 S-adenosylmethionine decarboxylase proenzyme	3.388E+00	0.045	23	243	344	542	17	104	139	105	0.188	0.633
LOKIASV2_2342_ESMFold_hypothetical_protein	AF-Q9JJV2-F1-model_v4	AF-Q9JJV2-F1-model_v4 Profilin-2	8.661E+00	0.045	23	289	341	542	83	137	140	57	0.098	0.393
LOKIASV2_2342_ESMFold_hypothetical_protein	AF-Q5R4E2-F1-model_v4	AF-Q5R4E2-F1-model_v4 Profilin-2	3.783E+00	0.045	23	241	341	542	45	137	140	114	0.186	0.664
LOKIASV2_2342_ESMFold_hypothetical_protein	AF-P09465-F1-model_v4	AF-P09465-F1-model_v4 Aphrodisin	8.196E+00	0.045	23	279	341	542	83	147	167	69	0.116	0.389
LOKIASV2_2342_ESMFold_hypothetical_protein	AF-Q8I2J4-F1-model_v4	AF-Q8I2J4-F1-model_v4 Profilin	2.432E+00	0.045	23	206	341	542	59	164	171	150	0.251	0.620
LOKIASV2_2342_ESMFold_hypothetical_protein	AF-A2AEP0-F1-model_v4	AF-A2AEP0-F1-model_v4 Odorant-binding protein 1b	8.661E+00	0.045	23	283	341	542	91	151	171	63	0.109	0.357
LOKIASV2_2342_ESMFold_hypothetical_protein	AF-Q8VWQ4-F1-model_v4	AF-Q8VWQ4-F1-model_v4 Probable WRKY transcription factor 56	1.254E+00	0.045	23	263	341	542	108	185	195	84	0.146	0.400
LOKIASV2_2342_ESMFold_hypothetical_protein	AF-P9WK43-F1-model_v4	AF-P9WK43-F1-model_v4 Putative lipoprotein LprH	6.572E+00	0.045	23	283	339	542	164	224	228	61	0.105	0.268
LOKIASV2_2342_ESMFold_hypothetical_protein	AF-P86949-F1-model_v4	AF-P86949-F1-model_v4 Shematrin-like protein 1	4.718E+00	0.045	23	264	324	542	156	210	336	62	0.113	0.164
LOKIASV2_2342_ESMFold_hypothetical_protein	AF-Q9LSU6-F1-model_v4	AF-Q9LSU6-F1-model_v4 S-adenosylmethionine decarboxylase proenzyme 3	8.661E+00	0.045	23	283	340	542	224	280	349	60	0.107	0.163
LOKIASV2_2342_ESMFold_hypothetical_protein	AF-Q6F985-F1-model_v4	AF-Q6F985-F1-model_v4 Tol-Pal system protein TolB	2.392E-01	0.045	23	285	538	542	100	321	425	294	0.469	0.522
LOKIASV2_2342_ESMFold_hypothetical_protein	AF-Q9LEF5-F1-model_v4	AF-Q9LEF5-F1-model_v4 FACT complex subunit SSRP1	1.538E-01	0.045	23	283	541	542	21	287	639	333	0.478	0.418
LOKIASV2_2342_ESMFold_hypothetical_protein	AF-Q05153-F1-model_v4	AF-Q05153-F1-model_v4 FACT complex subunit SSRP1	1.455E-01	0.045	23	283	541	542	31	288	646	323	0.478	0.399
LOKIASV2_2342_ESMFold_hypothetical_protein	AF-Q57763-F1-model_v4	AF-Q57763-F1-model_v4 S-adenosylmethionine decarboxylase proenzyme	6.945E+00	0.040	22	283	341	542	45	102	124	62	0.109	0.468
LOKIASV2_2342_ESMFold_hypothetical_protein	AF-Q6KZI1-F1-model_v4	AF-Q6KZI1-F1-model_v4 S-adenosylmethionine decarboxylase proenzyme	5.568E+00	0.040	22	253	341	542	31	102	130	89	0.164	0.554
LOKIASV2_2342_ESMFold_hypothetical_protein	AF-P31417-F1-model_v4	AF-P31417-F1-model_v4 Fatty acid-binding protein 2	5.477E-01	0.040	22	420	540	542	38	131	132	127	0.223	0.712
LOKIASV2_2342_ESMFold_hypothetical_protein	AF-O15540-F1-model_v4	AF-O15540-F1-model_v4 Fatty acid-binding protein, brain	6.831E-01	0.040	22	417	542	542	36	132	132	132	0.232	0.735
LOKIASV2_2342_ESMFold_hypothetical_protein	AF-A0A0K0MJN3-F1-model_v4	AF-A0A0K0MJN3-F1-model_v4 Fatty acid-binding protein, adipocyte	7.628E-01	0.040	22	417	541	542	36	127	132	129	0.231	0.697
LOKIASV2_2342_ESMFold_hypothetical_protein	AF-Q7M4G1-F1-model_v4	AF-Q7M4G1-F1-model_v4 Fatty acid-binding protein type 2	7.628E-01	0.040	22	414	542	542	32	132	132	137	0.238	0.765
LOKIASV2_2342_ESMFold_hypothetical_protein	AF-P29498-F1-model_v4	AF-P29498-F1-model_v4 14 kDa fatty acid-binding protein	7.218E-01	0.040	22	417	542	542	35	132	133	133	0.232	0.737
LOKIASV2_2342_ESMFold_hypothetical_protein	AF-A4WIW6-F1-model_v4	AF-A4WIW6-F1-model_v4 Arginine decarboxylase proenzyme	6.572E+00	0.040	22	243	344	542	32	122	133	107	0.188	0.684
LOKIASV2_2342_ESMFold_hypothetical_protein	AF-Q08652-F1-model_v4	AF-Q08652-F1-model_v4 Retinol-binding protein 2	9.513E-01	0.040	22	416	542	542	35	134	134	132	0.234	0.746
LOKIASV2_2342_ESMFold_hypothetical_protein	AF-O66615-F1-model_v4	AF-O66615-F1-model_v4 S-adenosylmethionine decarboxylase proenzyme	5.884E+00	0.040	22	285	344	542	47	105	135	65	0.111	0.437
LOKIASV2_2342_ESMFold_hypothetical_protein	AF-P82980-F1-model_v4	AF-P82980-F1-model_v4 Retinol-binding protein 5	8.519E-01	0.040	22	417	542	542	36	134	135	133	0.232	0.733
LOKIASV2_2342_ESMFold_hypothetical_protein	AF-J7MFT5-F1-model_v4	AF-J7MFT5-F1-model_v4 Secretory-abundant heat soluble protein 1	1.005E+00	0.040	22	420	542	542	70	166	169	128	0.227	0.574
LOKIASV2_2342_ESMFold_hypothetical_protein	AF-Q9M6K1-F1-model_v4	AF-Q9M6K1-F1-model_v4 S-adenosylmethionine decarboxylase proenzyme	8.196E+00	0.040	22	283	340	542	223	279	362	61	0.107	0.157
LOKIASV2_2342_ESMFold_hypothetical_protein	AF-A1AWG2-F1-model_v4	AF-A1AWG2-F1-model_v4 Tol-Pal system protein TolB	2.823E-01	0.040	22	285	538	542	96	319	424	286	0.469	0.528
LOKIASV2_2342_ESMFold_hypothetical_protein	AF-A5CWT2-F1-model_v4	AF-A5CWT2-F1-model_v4 Tol-Pal system protein TolB	3.721E-01	0.040	22	285	541	542	96	409	424	351	0.474	0.741
LOKIASV2_2342_ESMFold_hypothetical_protein	AF-A1K2H9-F1-model_v4	AF-A1K2H9-F1-model_v4 Tol-Pal system protein TolB	4.391E-01	0.040	22	293	538	542	100	365	427	311	0.454	0.623
LOKIASV2_2342_ESMFold_hypothetical_protein	AF-Q0VRJ2-F1-model_v4	AF-Q0VRJ2-F1-model_v4 Tol-Pal system protein TolB	9.888E-02	0.040	22	285	538	542	109	372	434	321	0.469	0.608
LOKIASV2_2342_ESMFold_hypothetical_protein	AF-Q1LJX8-F1-model_v4	AF-Q1LJX8-F1-model_v4 Tol-Pal system protein TolB	2.823E-01	0.040	22	293	541	542	116	438	446	353	0.459	0.724
LOKIASV2_2342_ESMFold_hypothetical_protein	AF-Q9UPM8-F1-model_v4	AF-Q9UPM8-F1-model_v4 AP-4 complex subunit epsilon-1	4.986E+00	0.040	22	283	341	542	1078	1136	1137	60	0.109	0.052
LOKIASV2_2342_ESMFold_hypothetical_protein	AF-O28663-F1-model_v4	AF-O28663-F1-model_v4 S-adenosylmethionine decarboxylase proenzyme	5.568E+00	0.034	21	275	338	542	39	97	112	69	0.118	0.527
LOKIASV2_2342_ESMFold_hypothetical_protein	AF-Q6LWX1-F1-model_v4	AF-Q6LWX1-F1-model_v4 S-adenosylmethionine decarboxylase proenzyme	4.225E+00	0.034	21	243	344	542	17	104	122	105	0.188	0.721
LOKIASV2_2342_ESMFold_hypothetical_protein	AF-A6VHH1-F1-model_v4	AF-A6VHH1-F1-model_v4 S-adenosylmethionine decarboxylase proenzyme	5.269E+00	0.034	21	243	344	542	16	104	122	106	0.188	0.730
LOKIASV2_2342_ESMFold_hypothetical_protein	AF-A4G0Y9-F1-model_v4	AF-A4G0Y9-F1-model_v4 S-adenosylmethionine decarboxylase proenzyme	4.986E+00	0.034	21	243	344	542	17	104	122	105	0.188	0.721
LOKIASV2_2342_ESMFold_hypothetical_protein	AF-Q815E7-F1-model_v4	AF-Q815E7-F1-model_v4 S-adenosylmethionine decarboxylase proenzyme 2	7.755E+00	0.034	21	283	344	542	46	106	123	65	0.114	0.496
LOKIASV2_2342_ESMFold_hypothetical_protein	AF-A3DDC1-F1-model_v4	AF-A3DDC1-F1-model_v4 S-adenosylmethionine decarboxylase proenzyme	8.661E+00	0.034	21	283	338	542	44	98	124	59	0.103	0.444
LOKIASV2_2342_ESMFold_hypothetical_protein	AF-Q2RIZ3-F1-model_v4	AF-Q2RIZ3-F1-model_v4 S-adenosylmethionine decarboxylase proenzyme	5.269E+00	0.034	21	283	347	542	44	120	125	81	0.120	0.616
LOKIASV2_2342_ESMFold_hypothetical_protein	AF-B1YD10-F1-model_v4	AF-B1YD10-F1-model_v4 Arginine decarboxylase proenzyme	7.339E+00	0.034	21	243	344	542	25	115	126	108	0.188	0.722
LOKIASV2_2342_ESMFold_hypothetical_protein	AF-O97788-F1-model_v4	AF-O97788-F1-model_v4 Fatty acid-binding protein, adipocyte	1.062E+00	0.034	21	417	542	542	36	132	132	130	0.232	0.735
LOKIASV2_2342_ESMFold_hypothetical_protein	AF-P02689-F1-model_v4	AF-P02689-F1-model_v4 Myelin P2 protein	1.062E+00	0.034	21	418	542	542	37	132	132	134	0.231	0.727
LOKIASV2_2342_ESMFold_hypothetical_protein	AF-P80049-F1-model_v4	AF-P80049-F1-model_v4 Fatty acid-binding protein, liver	8.519E-01	0.034	21	417	542	542	35	131	132	131	0.232	0.735
LOKIASV2_2342_ESMFold_hypothetical_protein	AF-Q96R05-F1-model_v4	AF-Q96R05-F1-model_v4 Retinoid-binding protein 7	1.123E+00	0.034	21	417	542	542	36	134	134	133	0.232	0.739
LOKIASV2_2342_ESMFold_hypothetical_protein	AF-Q9EPC5-F1-model_v4	AF-Q9EPC5-F1-model_v4 Retinoid-binding protein 7	1.123E+00	0.034	21	417	542	542	36	134	134	133	0.232	0.739
LOKIASV2_2342_ESMFold_hypothetical_protein	AF-A0A0K0MJ13-F1-model_v4	AF-A0A0K0MJ13-F1-model_v4 Fatty acid-binding protein 5	9.002E-01	0.034	21	366	542	542	1	134	134	205	0.327	1.000
LOKIASV2_2342_ESMFold_hypothetical_protein	AF-Q0V987-F1-model_v4	AF-Q0V987-F1-model_v4 Pleckstrin homology-like domain family A member 2	9.672E+00	0.034	21	453	539	542	9	88	136	94	0.161	0.588
LOKIASV2_2342_ESMFold_hypothetical_protein	AF-P0CU40-F1-model_v4	AF-P0CU40-F1-model_v4 Secretory-abundant heat soluble protein 53582	1.746E+00	0.034	21	412	542	542	55	158	163	134	0.242	0.638
LOKIASV2_2342_ESMFold_hypothetical_protein	AF-P0CU41-F1-model_v4	AF-P0CU41-F1-model_v4 Secretory-abundant heat soluble protein 64681	1.005E+00	0.034	21	292	459	542	68	172	172	170	0.310	0.610
LOKIASV2_2342_ESMFold_hypothetical_protein	AF-P65317-F1-model_v4	AF-P65317-F1-model_v4 Putative lipoprotein LprH	8.661E+00	0.034	21	283	339	542	164	224	228	61	0.105	0.268
LOKIASV2_2342_ESMFold_hypothetical_protein	AF-P97355-F1-model_v4	AF-P97355-F1-model_v4 Spermine synthase	9.513E-01	0.034	21	283	438	542	37	164	366	169	0.288	0.350
LOKIASV2_2342_ESMFold_hypothetical_protein	AF-Q31H79-F1-model_v4	AF-Q31H79-F1-model_v4 Tol-Pal system protein TolB	2.528E-01	0.034	21	150	541	542	46	416	432	471	0.723	0.859
LOKIASV2_2342_ESMFold_hypothetical_protein	AF-L7WR46-F1-model_v4	AF-L7WR46-F1-model_v4 FAD-dependent monooxygenase notI'	8.661E+00	0.034	21	292	341	542	219	269	433	51	0.092	0.118
LOKIASV2_2342_ESMFold_hypothetical_protein	AF-B2STJ5-F1-model_v4	AF-B2STJ5-F1-model_v4 Tol-Pal system protein TolB	6.831E-01	0.034	21	293	542	542	105	331	439	273	0.461	0.517
LOKIASV2_2342_ESMFold_hypothetical_protein	AF-B6EGK3-F1-model_v4	AF-B6EGK3-F1-model_v4 Tol-Pal system protein TolB	3.721E-01	0.034	21	290	538	542	96	390	450	340	0.459	0.656
LOKIASV2_2342_ESMFold_hypothetical_protein	AF-Q9LG05-F1-model_v4	AF-Q9LG05-F1-model_v4 Probable WRKY transcription factor 10	2.432E+00	0.034	21	264	328	542	302	365	485	70	0.120	0.132
LOKIASV2_2342_ESMFold_hypothetical_protein	AF-Q9P3U0-F1-model_v4	AF-Q9P3U0-F1-model_v4 Probable ubiquitin carboxyl-terminal hydrolase 2	1.746E+00	0.034	21	262	354	542	81	169	1141	105	0.172	0.078
LOKIASV2_2342_ESMFold_hypothetical_protein	AF-B9KXN0-F1-model_v4	AF-B9KXN0-F1-model_v4 S-adenosylmethionine decarboxylase proenzyme	5.884E+00	0.029	20	258	338	542	30	97	116	84	0.149	0.586
LOKIASV2_2342_ESMFold_hypothetical_protein	AF-A1RV83-F1-model_v4	AF-A1RV83-F1-model_v4 Arginine decarboxylase proenzyme	6.945E+00	0.029	20	243	344	542	25	115	126	107	0.188	0.722
LOKIASV2_2342_ESMFold_hypothetical_protein	AF-P80425-F1-model_v4	AF-P80425-F1-model_v4 Fatty acid-binding protein, liver	1.746E+00	0.029	20	416	542	542	33	127	127	133	0.234	0.748
LOKIASV2_2342_ESMFold_hypothetical_protein	AF-Q81L09-F1-model_v4	AF-Q81L09-F1-model_v4 S-adenosylmethionine decarboxylase proenzyme 1	9.672E+00	0.029	20	283	341	542	47	104	130	62	0.109	0.446
LOKIASV2_2342_ESMFold_hypothetical_protein	AF-O45035-F1-model_v4	AF-O45035-F1-model_v4 Fatty acid-binding protein	1.400E+00	0.029	20	417	542	542	35	132	132	135	0.232	0.742
LOKIASV2_2342_ESMFold_hypothetical_protein	AF-P48035-F1-model_v4	AF-P48035-F1-model_v4 Fatty acid-binding protein, adipocyte	1.480E+00	0.029	20	417	542	542	36	132	132	130	0.232	0.735
LOKIASV2_2342_ESMFold_hypothetical_protein	AF-P55054-F1-model_v4	AF-P55054-F1-model_v4 Fatty acid-binding protein 9	1.186E+00	0.029	20	368	542	542	2	132	132	194	0.323	0.992
LOKIASV2_2342_ESMFold_hypothetical_protein	AF-C3N6F7-F1-model_v4	AF-C3N6F7-F1-model_v4 Arginine decarboxylase proenzyme	3.033E+00	0.029	20	243	344	542	34	123	134	106	0.188	0.672
LOKIASV2_2342_ESMFold_hypothetical_protein	AF-A0A0F8V8L2-F1-model_v4	AF-A0A0F8V8L2-F1-model_v4 Loki profilin-1	8.661E+00	0.029	20	247	343	542	38	134	134	104	0.179	0.724
LOKIASV2_2342_ESMFold_hypothetical_protein	AF-P55052-F1-model_v4	AF-P55052-F1-model_v4 Fatty acid-binding protein 5	7.628E-01	0.029	20	417	542	542	38	134	135	135	0.232	0.719
LOKIASV2_2342_ESMFold_hypothetical_protein	AF-O02323-F1-model_v4	AF-O02323-F1-model_v4 Fatty acid-binding protein homolog 7	1.062E+00	0.029	20	417	542	542	38	137	137	135	0.232	0.730
LOKIASV2_2342_ESMFold_hypothetical_protein	AF-Q9S763-F1-model_v4	AF-Q9S763-F1-model_v4 Probable WRKY transcription factor 45	4.718E+00	0.029	20	264	322	542	60	117	147	64	0.109	0.395
LOKIASV2_2342_ESMFold_hypothetical_protein	AF-B7V1I5-F1-model_v4	AF-B7V1I5-F1-model_v4 S-adenosylmethionine decarboxylase proenzyme	7.339E+00	0.029	20	245	341	542	29	111	160	98	0.179	0.519
LOKIASV2_2342_ESMFold_hypothetical_protein	AF-P9WLN5-F1-model_v4	AF-P9WLN5-F1-model_v4 Uncharacterized protein Rv2001	7.339E+00	0.029	20	283	319	542	208	247	250	40	0.068	0.160
LOKIASV2_2342_ESMFold_hypothetical_protein	AF-P9WLN4-F1-model_v4	AF-P9WLN4-F1-model_v4 Uncharacterized protein MT2057	7.339E+00	0.029	20	283	319	542	208	247	250	40	0.068	0.160
LOKIASV2_2342_ESMFold_hypothetical_protein	AF-Q9FHR7-F1-model_v4	AF-Q9FHR7-F1-model_v4 Probable WRKY transcription factor 49	1.950E+00	0.029	20	262	362	542	107	188	274	106	0.186	0.299
LOKIASV2_2342_ESMFold_hypothetical_protein	AF-Q07456-F1-model_v4	AF-Q07456-F1-model_v4 Protein AMBP	5.884E+00	0.029	20	276	341	542	97	170	349	75	0.122	0.212
LOKIASV2_2342_ESMFold_hypothetical_protein	AF-Q9JKV1-F1-model_v4	AF-Q9JKV1-F1-model_v4 Proteasomal ubiquitin receptor ADRM1	5.884E+00	0.029	20	383	455	542	46	113	407	80	0.135	0.167
LOKIASV2_2342_ESMFold_hypothetical_protein	AF-B2JGA0-F1-model_v4	AF-B2JGA0-F1-model_v4 Tol-Pal system protein TolB	5.477E-01	0.029	20	293	541	542	99	414	430	342	0.459	0.735
LOKIASV2_2342_ESMFold_hypothetical_protein	AF-Q9Z1A9-F1-model_v4	AF-Q9Z1A9-F1-model_v4 TBC1 domain family member 8	6.116E-01	0.029	20	304	540	542	62	375	1134	345	0.437	0.277
LOKIASV2_2342_ESMFold_hypothetical_protein	AF-B1IFK1-F1-model_v4	AF-B1IFK1-F1-model_v4 S-adenosylmethionine decarboxylase proenzyme	9.672E+00	0.024	19	285	341	542	46	98	116	60	0.105	0.457
LOKIASV2_2342_ESMFold_hypothetical_protein	AF-P31416-F1-model_v4	AF-P31416-F1-model_v4 Fatty acid-binding protein 1	2.302E+00	0.024	19	414	542	542	32	132	132	135	0.238	0.765
LOKIASV2_2342_ESMFold_hypothetical_protein	AF-Q9UAS2-F1-model_v4	AF-Q9UAS2-F1-model_v4 Fatty acid-binding protein 1	1.480E+00	0.024	19	414	542	542	32	132	132	136	0.238	0.765
LOKIASV2_2342_ESMFold_hypothetical_protein	AF-Q67SD7-F1-model_v4	AF-Q67SD7-F1-model_v4 S-adenosylmethionine decarboxylase proenzyme	8.661E+00	0.024	19	275	340	542	42	102	132	69	0.122	0.462
LOKIASV2_2342_ESMFold_hypothetical_protein	AF-Q9U1G6-F1-model_v4	AF-Q9U1G6-F1-model_v4 Fatty acid-binding protein type 3	1.254E+00	0.024	19	416	542	542	34	132	132	136	0.234	0.750
LOKIASV2_2342_ESMFold_hypothetical_protein	AF-Q8MUC1-F1-model_v4	AF-Q8MUC1-F1-model_v4 Fatty acid-binding protein	1.845E+00	0.024	19	416	541	542	34	131	133	130	0.232	0.737
LOKIASV2_2342_ESMFold_hypothetical_protein	AF-B5EL74-F1-model_v4	AF-B5EL74-F1-model_v4 S-adenosylmethionine decarboxylase proenzyme	9.153E+00	0.024	19	243	341	542	17	101	133	100	0.183	0.639
LOKIASV2_2342_ESMFold_hypothetical_protein	AF-C3NGS9-F1-model_v4	AF-C3NGS9-F1-model_v4 Arginine decarboxylase proenzyme	2.716E+00	0.024	19	243	344	542	34	123	134	106	0.188	0.672
LOKIASV2_2342_ESMFold_hypothetical_protein	AF-Q9HV35-F1-model_v4	AF-Q9HV35-F1-model_v4 S-adenosylmethionine decarboxylase proenzyme	6.945E+00	0.024	19	245	341	542	29	111	160	100	0.179	0.519
LOKIASV2_2342_ESMFold_hypothetical_protein	AF-Q7VJC7-F1-model_v4	AF-Q7VJC7-F1-model_v4 Outer-membrane lipoprotein carrier protein	1.564E+00	0.024	19	368	541	542	21	149	179	189	0.321	0.721
LOKIASV2_2342_ESMFold_hypothetical_protein	AF-P0AEE2-F1-model_v4	AF-P0AEE2-F1-model_v4 Protein DcrB	9.672E+00	0.024	19	283	341	542	119	180	185	64	0.109	0.335
LOKIASV2_2342_ESMFold_hypothetical_protein	AF-Q02188-F1-model_v4	AF-Q02188-F1-model_v4 Chromophore lyase CpcS/CpeS	7.755E+00	0.024	19	283	342	542	133	194	200	65	0.111	0.310
LOKIASV2_2342_ESMFold_hypothetical_protein	AF-O49292-F1-model_v4	AF-O49292-F1-model_v4 PsbP domain-containing protein 4, chloroplastic	6.945E+00	0.024	19	283	340	542	200	251	260	58	0.107	0.200
LOKIASV2_2342_ESMFold_hypothetical_protein	AF-Q8D4F7-F1-model_v4	AF-Q8D4F7-F1-model_v4 Nitric oxide reductase FlRd-NAD(+) reductase	8.661E+00	0.024	19	283	340	542	314	381	382	68	0.107	0.178
LOKIASV2_2342_ESMFold_hypothetical_protein	AF-C3LND9-F1-model_v4	AF-C3LND9-F1-model_v4 Tol-Pal system protein TolB	7.628E-01	0.024	19	290	541	542	96	346	450	307	0.465	0.558
LOKIASV2_2342_ESMFold_hypothetical_protein	AF-P36938-F1-model_v4	AF-P36938-F1-model_v4 Phosphoglucomutase	1.005E+00	0.024	19	35	341	542	310	537	546	333	0.566	0.418
LOKIASV2_2342_ESMFold_hypothetical_protein	AF-P54576-F1-model_v4	AF-P54576-F1-model_v4 Methyl-accepting chemotaxis protein McpC	9.672E+00	0.024	19	295	341	542	236	276	655	47	0.087	0.063
LOKIASV2_2342_ESMFold_hypothetical_protein	AF-Q9BKZ9-F1-model_v4	AF-Q9BKZ9-F1-model_v4 Protein Fe65 homolog	7.628E-01	0.024	19	283	496	542	389	581	665	243	0.395	0.290
LOKIASV2_2342_ESMFold_hypothetical_protein	AF-Q9K0V0-F1-model_v4	AF-Q9K0V0-F1-model_v4 Transferrin-binding protein B	1.455E-01	0.024	19	266	542	542	313	711	712	444	0.511	0.560
LOKIASV2_2342_ESMFold_hypothetical_protein	AF-A8WRV1-F1-model_v4	AF-A8WRV1-F1-model_v4 Serine/threonine-protein kinase kin-29	5.884E+00	0.024	19	292	341	542	755	801	813	50	0.092	0.058
LOKIASV2_2342_ESMFold_hypothetical_protein	AF-F1M3L7-F1-model_v4	AF-F1M3L7-F1-model_v4 Epidermal growth factor receptor kinase substrate 8	3.998E+00	0.024	19	283	341	542	115	186	822	72	0.109	0.088
LOKIASV2_2342_ESMFold_hypothetical_protein	AF-A5GIW2-F1-model_v4	AF-A5GIW2-F1-model_v4 S-adenosylmethionine decarboxylase proenzyme	5.568E+00	0.020	18	243	363	542	15	127	128	132	0.223	0.883
LOKIASV2_2342_ESMFold_hypothetical_protein	AF-Q4J932-F1-model_v4	AF-Q4J932-F1-model_v4 Arginine decarboxylase proenzyme	3.033E+00	0.020	18	243	344	542	30	119	130	106	0.188	0.692
LOKIASV2_2342_ESMFold_hypothetical_protein	AF-P70623-F1-model_v4	AF-P70623-F1-model_v4 Fatty acid-binding protein, adipocyte	2.716E+00	0.020	18	417	542	542	36	132	132	130	0.232	0.735
LOKIASV2_2342_ESMFold_hypothetical_protein	AF-Q0Z7S8-F1-model_v4	AF-Q0Z7S8-F1-model_v4 Fatty acid-binding protein 9	1.186E+00	0.020	18	368	542	542	2	132	132	202	0.323	0.992
LOKIASV2_2342_ESMFold_hypothetical_protein	AF-C3NEW5-F1-model_v4	AF-C3NEW5-F1-model_v4 Arginine decarboxylase proenzyme	4.986E+00	0.020	18	243	344	542	34	123	134	106	0.188	0.672
LOKIASV2_2342_ESMFold_hypothetical_protein	AF-P41496-F1-model_v4	AF-P41496-F1-model_v4 Fatty acid-binding protein, muscle	1.254E+00	0.020	18	379	541	542	35	132	134	165	0.301	0.731
LOKIASV2_2342_ESMFold_hypothetical_protein	AF-Q05816-F1-model_v4	AF-Q05816-F1-model_v4 Fatty acid-binding protein 5	1.845E+00	0.020	18	417	542	542	38	134	135	134	0.232	0.719
LOKIASV2_2342_ESMFold_hypothetical_protein	AF-O01814-F1-model_v4	AF-O01814-F1-model_v4 Fatty acid-binding protein homolog 5	2.178E+00	0.020	18	417	542	542	37	136	136	135	0.232	0.735
LOKIASV2_2342_ESMFold_hypothetical_protein	AF-Q02FP9-F1-model_v4	AF-Q02FP9-F1-model_v4 S-adenosylmethionine decarboxylase proenzyme	8.661E+00	0.020	18	245	341	542	29	111	160	100	0.179	0.519
LOKIASV2_2342_ESMFold_hypothetical_protein	AF-Q7VUG9-F1-model_v4	AF-Q7VUG9-F1-model_v4 Outer-membrane lipoprotein LolB	1.950E+00	0.020	18	283	454	542	68	199	199	196	0.317	0.663
LOKIASV2_2342_ESMFold_hypothetical_protein	AF-B9LU30-F1-model_v4	AF-B9LU30-F1-model_v4 DNA polymerase sliding clamp	9.513E-01	0.020	18	374	541	542	27	240	247	233	0.310	0.866
LOKIASV2_2342_ESMFold_hypothetical_protein	AF-Q9P9H8-F1-model_v4	AF-Q9P9H8-F1-model_v4 DNA polymerase sliding clamp	1.254E+00	0.020	18	374	518	542	27	229	247	213	0.268	0.822
LOKIASV2_2342_ESMFold_hypothetical_protein	AF-Q8T1E3-F1-model_v4	AF-Q8T1E3-F1-model_v4 S-adenosylmethionine decarboxylase proenzyme	9.672E+00	0.020	18	283	341	542	243	297	379	59	0.109	0.145
LOKIASV2_2342_ESMFold_hypothetical_protein	AF-Q8WV24-F1-model_v4	AF-Q8WV24-F1-model_v4 Pleckstrin homology-like domain family A member 1	5.884E+00	0.020	18	295	367	542	240	312	401	76	0.135	0.182
LOKIASV2_2342_ESMFold_hypothetical_protein	AF-Q8Y1F5-F1-model_v4	AF-Q8Y1F5-F1-model_v4 Tol-Pal system protein TolB	1.254E+00	0.020	18	282	538	542	105	369	432	319	0.474	0.613
LOKIASV2_2342_ESMFold_hypothetical_protein	AF-Q8DAM3-F1-model_v4	AF-Q8DAM3-F1-model_v4 Tol-Pal system protein TolB	1.186E+00	0.020	18	290	538	542	96	389	449	332	0.459	0.655
LOKIASV2_2342_ESMFold_hypothetical_protein	AF-Q87QT9-F1-model_v4	AF-Q87QT9-F1-model_v4 Tol-Pal system protein TolB	7.628E-01	0.020	18	290	538	542	96	390	450	341	0.459	0.656
LOKIASV2_2342_ESMFold_hypothetical_protein	AF-B7VMJ2-F1-model_v4	AF-B7VMJ2-F1-model_v4 Tol-Pal system protein TolB	1.186E+00	0.020	18	290	538	542	96	390	450	342	0.459	0.656
LOKIASV2_2342_ESMFold_hypothetical_protein	AF-P57002-F1-model_v4	AF-P57002-F1-model_v4 Phosphoglucomutase	1.564E+00	0.020	18	234	343	542	337	453	460	130	0.203	0.254
LOKIASV2_2342_ESMFold_hypothetical_protein	AF-Q8TE67-F1-model_v4	AF-Q8TE67-F1-model_v4 Epidermal growth factor receptor kinase substrate 8-like protein 3	6.945E+00	0.020	18	283	347	542	68	157	593	90	0.120	0.152
LOKIASV2_2342_ESMFold_hypothetical_protein	AF-Q5LUF3-F1-model_v4	AF-Q5LUF3-F1-model_v4 Propionyl-CoA carboxylase alpha chain	6.116E-01	0.020	18	212	541	542	279	681	681	451	0.609	0.592
LOKIASV2_2342_ESMFold_hypothetical_protein	AF-Q19640-F1-model_v4	AF-Q19640-F1-model_v4 Bardet-Biedl syndrome 2 protein homolog	1.918E-01	0.020	18	282	509	542	258	457	714	270	0.421	0.280
LOKIASV2_2342_ESMFold_hypothetical_protein	AF-Q6TAS3-F1-model_v4	AF-Q6TAS3-F1-model_v4 Aminodeoxychorismate synthase, chloroplastic	4.986E+00	0.020	18	305	374	542	555	617	902	72	0.129	0.070
LOKIASV2_2342_ESMFold_hypothetical_protein	AF-B1L7Q7-F1-model_v4	AF-B1L7Q7-F1-model_v4 DNA-directed RNA polymerase subunit L	3.998E+00	0.016	17	292	341	542	13	78	98	69	0.092	0.673
LOKIASV2_2342_ESMFold_hypothetical_protein	AF-A5I788-F1-model_v4	AF-A5I788-F1-model_v4 S-adenosylmethionine decarboxylase proenzyme	6.945E+00	0.016	17	243	341	542	17	98	116	105	0.183	0.707
LOKIASV2_2342_ESMFold_hypothetical_protein	AF-C1FM32-F1-model_v4	AF-C1FM32-F1-model_v4 S-adenosylmethionine decarboxylase proenzyme	6.945E+00	0.016	17	243	341	542	17	98	116	105	0.183	0.707
LOKIASV2_2342_ESMFold_hypothetical_protein	AF-A7FYV9-F1-model_v4	AF-A7FYV9-F1-model_v4 S-adenosylmethionine decarboxylase proenzyme	6.945E+00	0.016	17	243	341	542	17	98	116	105	0.183	0.707
LOKIASV2_2342_ESMFold_hypothetical_protein	AF-A4YH98-F1-model_v4	AF-A4YH98-F1-model_v4 Arginine decarboxylase proenzyme	4.225E+00	0.016	17	291	344	542	53	117	128	66	0.100	0.508
LOKIASV2_2342_ESMFold_hypothetical_protein	AF-O08716-F1-model_v4	AF-O08716-F1-model_v4 Fatty acid-binding protein 9	2.061E+00	0.016	17	420	542	542	39	132	132	131	0.227	0.712
LOKIASV2_2342_ESMFold_hypothetical_protein	AF-P0DPB6-F1-model_v4	AF-P0DPB6-F1-model_v4 DNA-directed RNA polymerases I and III subunit RPAC2	9.672E+00	0.016	17	295	341	542	27	105	133	80	0.087	0.594
LOKIASV2_2342_ESMFold_hypothetical_protein	AF-C3MQN7-F1-model_v4	AF-C3MQN7-F1-model_v4 Arginine decarboxylase proenzyme	3.783E+00	0.016	17	291	344	542	59	123	134	66	0.100	0.485
LOKIASV2_2342_ESMFold_hypothetical_protein	AF-P41509-F1-model_v4	AF-P41509-F1-model_v4 Fatty acid-binding protein, muscle	1.746E+00	0.016	17	379	541	542	35	132	134	165	0.301	0.731
LOKIASV2_2342_ESMFold_hypothetical_protein	AF-Q01469-F1-model_v4	AF-Q01469-F1-model_v4 Fatty acid-binding protein 5	2.302E+00	0.016	17	417	542	542	38	134	135	135	0.232	0.719
LOKIASV2_2342_ESMFold_hypothetical_protein	AF-Q6T499-F1-model_v4	AF-Q6T499-F1-model_v4 Cellular retinoic acid-binding protein 1	1.950E+00	0.016	17	420	542	542	40	137	137	132	0.227	0.715
LOKIASV2_2342_ESMFold_hypothetical_protein	AF-P62966-F1-model_v4	AF-P62966-F1-model_v4 Cellular retinoic acid-binding protein 1	3.206E+00	0.016	17	420	542	542	40	137	137	130	0.227	0.715
LOKIASV2_2342_ESMFold_hypothetical_protein	AF-P62965-F1-model_v4	AF-P62965-F1-model_v4 Cellular retinoic acid-binding protein 1	3.206E+00	0.016	17	420	542	542	40	137	137	130	0.227	0.715
LOKIASV2_2342_ESMFold_hypothetical_protein	AF-O02324-F1-model_v4	AF-O02324-F1-model_v4 Fatty acid-binding protein homolog 8	1.950E+00	0.016	17	416	542	542	37	137	137	137	0.234	0.737
LOKIASV2_2342_ESMFold_hypothetical_protein	AF-Q6D9I9-F1-model_v4	AF-Q6D9I9-F1-model_v4 Chorismate pyruvate-lyase	5.884E+00	0.016	17	283	329	542	126	170	177	53	0.087	0.254
LOKIASV2_2342_ESMFold_hypothetical_protein	AF-Q7W183-F1-model_v4	AF-Q7W183-F1-model_v4 Outer-membrane lipoprotein LolB	2.061E+00	0.016	17	283	454	542	68	199	199	196	0.317	0.663
LOKIASV2_2342_ESMFold_hypothetical_protein	AF-O18423-F1-model_v4	AF-O18423-F1-model_v4 Lysenin	3.206E+00	0.016	17	420	541	542	113	285	297	187	0.225	0.582
LOKIASV2_2342_ESMFold_hypothetical_protein	AF-B2T077-F1-model_v4	AF-B2T077-F1-model_v4 Tol-Pal system protein TolB	1.746E+00	0.016	17	243	538	542	57	369	430	366	0.546	0.728
LOKIASV2_2342_ESMFold_hypothetical_protein	AF-Q8Z3P2-F1-model_v4	AF-Q8Z3P2-F1-model_v4 Sensor protein QseC	5.884E+00	0.016	17	287	341	542	111	166	449	57	0.101	0.125
LOKIASV2_2342_ESMFold_hypothetical_protein	AF-P0DOW1-F1-model_v4	AF-P0DOW1-F1-model_v4 Asperlicin C monooxygenase	7.628E-01	0.016	17	207	334	542	92	260	459	194	0.236	0.368
LOKIASV2_2342_ESMFold_hypothetical_protein	AF-P38569-F1-model_v4	AF-P38569-F1-model_v4 Phosphoglucomutase	2.716E+00	0.016	17	35	341	542	312	543	555	327	0.566	0.418
LOKIASV2_2342_ESMFold_hypothetical_protein	AF-O68937-F1-model_v4	AF-O68937-F1-model_v4 Transferrin-binding protein B	6.116E-01	0.016	17	267	533	542	301	622	698	362	0.493	0.461
LOKIASV2_2342_ESMFold_hypothetical_protein	AF-Q42777-F1-model_v4	AF-Q42777-F1-model_v4 Methylcrotonoyl-CoA carboxylase subunit alpha, mitochondrial	8.519E-01	0.016	17	209	541	542	307	729	731	468	0.614	0.579
LOKIASV2_2342_ESMFold_hypothetical_protein	AF-Q2QMG2-F1-model_v4	AF-Q2QMG2-F1-model_v4 Methylcrotonoyl-CoA carboxylase subunit alpha, mitochondrial	9.513E-01	0.016	17	214	541	542	319	732	737	459	0.605	0.562
LOKIASV2_2342_ESMFold_hypothetical_protein	AF-Q54IL5-F1-model_v4	AF-Q54IL5-F1-model_v4 UDP-sugar-dependent glycosyltransferase 52	1.480E+00	0.016	17	291	496	542	344	488	1697	216	0.380	0.085
LOKIASV2_2342_ESMFold_hypothetical_protein	AF-A7GIV2-F1-model_v4	AF-A7GIV2-F1-model_v4 S-adenosylmethionine decarboxylase proenzyme	9.153E+00	0.014	16	243	341	542	17	98	116	105	0.183	0.707
LOKIASV2_2342_ESMFold_hypothetical_protein	AF-Q32P79-F1-model_v4	AF-Q32P79-F1-model_v4 DNA-directed RNA polymerase II subunit RPB11	6.572E+00	0.014	16	283	341	542	19	96	117	87	0.109	0.667
LOKIASV2_2342_ESMFold_hypothetical_protein	AF-A3MTU5-F1-model_v4	AF-A3MTU5-F1-model_v4 Arginine decarboxylase proenzyme	4.718E+00	0.014	16	243	344	542	25	115	126	106	0.188	0.722
LOKIASV2_2342_ESMFold_hypothetical_protein	AF-C3MWN7-F1-model_v4	AF-C3MWN7-F1-model_v4 Arginine decarboxylase proenzyme	5.269E+00	0.014	16	243	344	542	34	123	134	106	0.188	0.672
LOKIASV2_2342_ESMFold_hypothetical_protein	AF-P55053-F1-model_v4	AF-P55053-F1-model_v4 Fatty acid-binding protein 5	2.870E+00	0.014	16	417	542	542	38	134	135	133	0.232	0.719
LOKIASV2_2342_ESMFold_hypothetical_protein	AF-O01812-F1-model_v4	AF-O01812-F1-model_v4 Fatty acid-binding protein homolog 6	3.580E+00	0.014	16	416	542	542	35	135	135	137	0.234	0.748
LOKIASV2_2342_ESMFold_hypothetical_protein	AF-O42386-F1-model_v4	AF-O42386-F1-model_v4 Cellular retinoic acid-binding protein 1	2.716E+00	0.014	16	420	542	542	40	137	137	130	0.227	0.715
LOKIASV2_2342_ESMFold_hypothetical_protein	AF-P62964-F1-model_v4	AF-P62964-F1-model_v4 Cellular retinoic acid-binding protein 1	3.783E+00	0.014	16	420	542	542	40	137	137	130	0.227	0.715
LOKIASV2_2342_ESMFold_hypothetical_protein	AF-P29762-F1-model_v4	AF-P29762-F1-model_v4 Cellular retinoic acid-binding protein 1	3.783E+00	0.014	16	420	542	542	40	137	137	130	0.227	0.715
LOKIASV2_2342_ESMFold_hypothetical_protein	AF-Q7WNY6-F1-model_v4	AF-Q7WNY6-F1-model_v4 Outer-membrane lipoprotein LolB	3.206E+00	0.014	16	283	454	542	68	199	199	196	0.317	0.663
LOKIASV2_2342_ESMFold_hypothetical_protein	AF-P58340-F1-model_v4	AF-P58340-F1-model_v4 Myeloid leukemia factor 1	9.672E+00	0.014	16	283	354	542	143	217	268	79	0.133	0.280
LOKIASV2_2342_ESMFold_hypothetical_protein	AF-Q1RI29-F1-model_v4	AF-Q1RI29-F1-model_v4 S-adenosylmethionine:tRNA ribosyltransferase-isomerase	8.196E+00	0.014	16	282	324	542	92	142	353	55	0.079	0.144
LOKIASV2_2342_ESMFold_hypothetical_protein	AF-A6VXD7-F1-model_v4	AF-A6VXD7-F1-model_v4 Tol-Pal system protein TolB	7.218E-01	0.014	16	293	538	542	101	371	432	321	0.454	0.627
LOKIASV2_2342_ESMFold_hypothetical_protein	AF-Q87CZ5-F1-model_v4	AF-Q87CZ5-F1-model_v4 Tol-Pal system protein TolB	6.831E-01	0.014	16	293	542	542	105	421	439	359	0.461	0.722
LOKIASV2_2342_ESMFold_hypothetical_protein	AF-P40390-F1-model_v4	AF-P40390-F1-model_v4 Phosphoglucomutase	2.870E+00	0.014	16	234	341	542	337	448	460	128	0.199	0.243
LOKIASV2_2342_ESMFold_hypothetical_protein	AF-C3LP77-F1-model_v4	AF-C3LP77-F1-model_v4 Membrane protein insertase YidC	9.672E+00	0.014	16	283	323	542	251	289	541	41	0.076	0.072
LOKIASV2_2342_ESMFold_hypothetical_protein	AF-P47723-F1-model_v4	AF-P47723-F1-model_v4 Phosphomannomutase	3.388E+00	0.014	16	234	341	542	425	540	544	131	0.199	0.213
LOKIASV2_2342_ESMFold_hypothetical_protein	AF-P53438-F1-model_v4	AF-P53438-F1-model_v4 Protein SOK2	6.945E+00	0.014	16	404	500	542	374	446	785	97	0.179	0.093
LOKIASV2_2342_ESMFold_hypothetical_protein	AF-Q12929-F1-model_v4	AF-Q12929-F1-model_v4 Epidermal growth factor receptor kinase substrate 8	6.945E+00	0.014	16	283	341	542	115	186	822	72	0.109	0.088
LOKIASV2_2342_ESMFold_hypothetical_protein	AF-O95759-F1-model_v4	AF-O95759-F1-model_v4 TBC1 domain family member 8	1.653E+00	0.014	16	304	540	542	62	375	1140	347	0.437	0.275
LOKIASV2_2342_ESMFold_hypothetical_protein	AF-A8MUU1-F1-model_v4	AF-A8MUU1-F1-model_v4 Putative fatty acid-binding protein 5-like protein 3	5.568E+00	0.011	15	417	532	542	6	99	101	121	0.214	0.931
LOKIASV2_2342_ESMFold_hypothetical_protein	AF-P40220-F1-model_v4	AF-P40220-F1-model_v4 Cellular retinoic acid-binding protein 1	3.998E+00	0.011	15	420	542	542	40	137	137	131	0.227	0.715
LOKIASV2_2342_ESMFold_hypothetical_protein	AF-Q87KM8-F1-model_v4	AF-Q87KM8-F1-model_v4 Probable chorismate pyruvate-lyase	4.465E+00	0.011	15	283	321	542	137	167	179	39	0.072	0.173
LOKIASV2_2342_ESMFold_hypothetical_protein	AF-Q9C983-F1-model_v4	AF-Q9C983-F1-model_v4 Probable WRKY transcription factor 57	3.206E+00	0.011	15	266	368	542	144	236	287	113	0.190	0.324
LOKIASV2_2342_ESMFold_hypothetical_protein	AF-Q84JN6-F1-model_v4	AF-Q84JN6-F1-model_v4 F-box protein At1g20360	2.870E+00	0.011	15	334	524	542	7	224	302	245	0.352	0.722
LOKIASV2_2342_ESMFold_hypothetical_protein	AF-Q145B2-F1-model_v4	AF-Q145B2-F1-model_v4 Tol-Pal system protein TolB	2.570E+00	0.011	15	283	539	542	103	412	430	351	0.474	0.721
LOKIASV2_2342_ESMFold_hypothetical_protein	AF-Q6LYB4-F1-model_v4	AF-Q6LYB4-F1-model_v4 Phosphoglucosamine mutase	3.206E+00	0.011	15	3	341	542	207	438	447	358	0.625	0.519
LOKIASV2_2342_ESMFold_hypothetical_protein	AF-Q8QFV1-F1-model_v4	AF-Q8QFV1-F1-model_v4 Isthmin	3.206E+00	0.011	15	295	450	542	206	371	449	191	0.288	0.370
LOKIASV2_2342_ESMFold_hypothetical_protein	AF-Q8RXE5-F1-model_v4	AF-Q8RXE5-F1-model_v4 Probable serine/threonine-protein kinase WNK10	2.432E+00	0.011	15	62	343	542	117	396	524	338	0.520	0.534
LOKIASV2_2342_ESMFold_hypothetical_protein	AF-Q2KJ24-F1-model_v4	AF-Q2KJ24-F1-model_v4 Myotubularin-related protein 9-like	3.998E+00	0.011	15	283	391	542	35	171	543	147	0.201	0.252
LOKIASV2_2342_ESMFold_hypothetical_protein	AF-P39217-F1-model_v4	AF-P39217-F1-model_v4 Methyl-accepting chemotaxis protein TlpB	6.945E+00	0.011	15	295	341	542	239	281	662	49	0.087	0.065
LOKIASV2_2342_ESMFold_hypothetical_protein	AF-Q9WVI9-F1-model_v4	AF-Q9WVI9-F1-model_v4 C-Jun-amino-terminal kinase-interacting protein 1	6.218E+00	0.011	15	372	540	542	473	668	707	223	0.312	0.277
LOKIASV2_2342_ESMFold_hypothetical_protein	AF-Q08509-F1-model_v4	AF-Q08509-F1-model_v4 Epidermal growth factor receptor kinase substrate 8	9.153E+00	0.011	15	283	341	542	115	186	821	72	0.109	0.088
LOKIASV2_2342_ESMFold_hypothetical_protein	AF-Q8ZWK3-F1-model_v4	AF-Q8ZWK3-F1-model_v4 Arginine decarboxylase proenzyme	8.661E+00	0.010	14	243	344	542	25	115	126	106	0.188	0.722
LOKIASV2_2342_ESMFold_hypothetical_protein	AF-Q5R2J5-F1-model_v4	AF-Q5R2J5-F1-model_v4 Cellular retinoic acid-binding protein 1	3.783E+00	0.010	14	420	542	542	40	137	137	135	0.227	0.715
LOKIASV2_2342_ESMFold_hypothetical_protein	AF-P95483-F1-model_v4	AF-P95483-F1-model_v4 Aminopyrrolnitrin oxygenase PrnD	8.196E+00	0.010	14	283	345	542	253	332	363	82	0.116	0.220
LOKIASV2_2342_ESMFold_hypothetical_protein	AF-A6TCX6-F1-model_v4	AF-A6TCX6-F1-model_v4 Nitric oxide reductase FlRd-NAD(+) reductase	9.153E+00	0.010	14	283	335	542	312	371	377	64	0.098	0.159
LOKIASV2_2342_ESMFold_hypothetical_protein	AF-B7NSJ1-F1-model_v4	AF-B7NSJ1-F1-model_v4 Nitric oxide reductase FlRd-NAD(+) reductase	8.661E+00	0.010	14	283	335	542	312	371	377	64	0.098	0.159
LOKIASV2_2342_ESMFold_hypothetical_protein	AF-A8GG95-F1-model_v4	AF-A8GG95-F1-model_v4 Nitric oxide reductase FlRd-NAD(+) reductase	9.153E+00	0.010	14	237	343	542	288	379	379	118	0.197	0.243
LOKIASV2_2342_ESMFold_hypothetical_protein	AF-Q5M824-F1-model_v4	AF-Q5M824-F1-model_v4 SHC-transforming protein 1	9.672E+00	0.010	14	283	352	542	122	217	469	96	0.129	0.205
LOKIASV2_2342_ESMFold_hypothetical_protein	AF-Q7EY72-F1-model_v4	AF-Q7EY72-F1-model_v4 Vacuolar fusion protein CCZ1 homolog	1.400E+00	0.010	14	59	465	542	110	477	492	468	0.751	0.748
LOKIASV2_2342_ESMFold_hypothetical_protein	AF-Q9ZE97-F1-model_v4	AF-Q9ZE97-F1-model_v4 Membrane protein insertase YidC	2.870E+00	0.010	14	333	529	542	44	198	560	213	0.363	0.277
LOKIASV2_2342_ESMFold_hypothetical_protein	AF-B2IAR7-F1-model_v4	AF-B2IAR7-F1-model_v4 Membrane protein insertase YidC	1.564E+00	0.010	14	383	540	542	124	318	565	222	0.292	0.345
LOKIASV2_2342_ESMFold_hypothetical_protein	AF-Q6FU19-F1-model_v4	AF-Q6FU19-F1-model_v4 Vacuolar fusion protein MON1	1.186E+00	0.010	14	16	453	542	135	562	597	548	0.808	0.717
LOKIASV2_2342_ESMFold_hypothetical_protein	AF-Q54UQ2-F1-model_v4	AF-Q54UQ2-F1-model_v4 Probable phosphoglucomutase-2	2.870E+00	0.010	14	203	360	542	407	595	603	208	0.292	0.313
LOKIASV2_2342_ESMFold_hypothetical_protein	AF-Q54M77-F1-model_v4	AF-Q54M77-F1-model_v4 Probable serine/threonine-protein kinase roco8	1.005E+00	0.010	14	283	458	542	1310	1530	1867	242	0.325	0.118
LOKIASV2_2342_ESMFold_hypothetical_protein	AF-O31806-F1-model_v4	AF-O31806-F1-model_v4 Uncharacterized protein YndB	9.153E+00	0.009	13	283	321	542	51	101	144	51	0.072	0.354
LOKIASV2_2342_ESMFold_hypothetical_protein	AF-Q9Z1I7-F1-model_v4	AF-Q9Z1I7-F1-model_v4 Aphrodisin	7.339E+00	0.009	13	365	541	542	16	130	167	193	0.327	0.689
LOKIASV2_2342_ESMFold_hypothetical_protein	AF-Q7MZB5-F1-model_v4	AF-Q7MZB5-F1-model_v4 Chorismate pyruvate-lyase	7.755E+00	0.009	13	283	321	542	131	159	168	39	0.072	0.173
LOKIASV2_2342_ESMFold_hypothetical_protein	AF-A9IWF5-F1-model_v4	AF-A9IWF5-F1-model_v4 Probable chorismate pyruvate-lyase	3.998E+00	0.009	13	283	321	542	130	158	169	39	0.072	0.172
LOKIASV2_2342_ESMFold_hypothetical_protein	AF-P26950-F1-model_v4	AF-P26950-F1-model_v4 F1 operon positive regulatory protein	2.302E+00	0.009	13	62	345	542	3	290	301	375	0.524	0.957
LOKIASV2_2342_ESMFold_hypothetical_protein	AF-O46914-F1-model_v4	AF-O46914-F1-model_v4 DNA-directed RNA polymerase subunit alpha	7.339E+00	0.009	13	303	382	542	177	252	318	84	0.148	0.239
LOKIASV2_2342_ESMFold_hypothetical_protein	AF-Q8GHB2-F1-model_v4	AF-Q8GHB2-F1-model_v4 4-hydroxyphenylpyruvate 3-dimethylallyltransferase	4.718E+00	0.009	13	168	344	542	132	324	324	238	0.327	0.596
LOKIASV2_2342_ESMFold_hypothetical_protein	AF-B5XVA0-F1-model_v4	AF-B5XVA0-F1-model_v4 Nitric oxide reductase FlRd-NAD(+) reductase	9.672E+00	0.009	13	283	341	542	312	373	377	70	0.109	0.164
LOKIASV2_2342_ESMFold_hypothetical_protein	AF-Q9P7E3-F1-model_v4	AF-Q9P7E3-F1-model_v4 S-adenosylmethionine decarboxylase proenzyme	5.269E+00	0.009	13	154	341	542	102	322	378	256	0.347	0.585
LOKIASV2_2342_ESMFold_hypothetical_protein	AF-Q9NGA0-F1-model_v4	AF-Q9NGA0-F1-model_v4 S-adenosylmethionine decarboxylase proenzyme	7.755E+00	0.009	13	283	451	542	253	369	392	174	0.312	0.298
LOKIASV2_2342_ESMFold_hypothetical_protein	AF-Q0JC10-F1-model_v4	AF-Q0JC10-F1-model_v4 S-adenosylmethionine decarboxylase proenzyme	7.339E+00	0.009	13	180	338	542	47	289	398	258	0.293	0.611
LOKIASV2_2342_ESMFold_hypothetical_protein	AF-Q8ZLZ9-F1-model_v4	AF-Q8ZLZ9-F1-model_v4 Sensor protein QseC	6.945E+00	0.009	13	242	341	542	51	166	449	126	0.185	0.258
LOKIASV2_2342_ESMFold_hypothetical_protein	AF-P86791-F1-model_v4	AF-P86791-F1-model_v4 Vacuolar fusion protein CCZ1 homolog	2.061E+00	0.009	13	4	348	542	205	479	482	379	0.637	0.571
LOKIASV2_2342_ESMFold_hypothetical_protein	AF-P47299-F1-model_v4	AF-P47299-F1-model_v4 Phosphomannomutase	3.206E+00	0.009	13	215	344	542	393	549	550	174	0.240	0.285
LOKIASV2_2342_ESMFold_hypothetical_protein	AF-Q8S8Y8-F1-model_v4	AF-Q8S8Y8-F1-model_v4 Probable serine/threonine-protein kinase WNK6	3.783E+00	0.009	13	71	369	542	182	445	567	326	0.552	0.466
LOKIASV2_2342_ESMFold_hypothetical_protein	AF-Q4UNK8-F1-model_v4	AF-Q4UNK8-F1-model_v4 Membrane protein insertase YidC	3.580E+00	0.009	13	409	540	542	140	327	573	202	0.244	0.328
LOKIASV2_2342_ESMFold_hypothetical_protein	AF-Q8BJW5-F1-model_v4	AF-Q8BJW5-F1-model_v4 Nucleolar protein 11	5.269E+00	0.009	13	375	529	542	112	275	723	189	0.286	0.227
LOKIASV2_2342_ESMFold_hypothetical_protein	AF-B3N9E4-F1-model_v4	AF-B3N9E4-F1-model_v4 Protein kintoun	1.950E+00	0.009	13	283	530	542	305	580	845	323	0.458	0.327
LOKIASV2_2342_ESMFold_hypothetical_protein	AF-Q4WRC2-F1-model_v4	AF-Q4WRC2-F1-model_v4 Endoribonuclease ysh1	9.153E+00	0.009	13	247	341	542	597	674	872	100	0.175	0.089
LOKIASV2_2342_ESMFold_hypothetical_protein	AF-Q9ULD6-F1-model_v4	AF-Q9ULD6-F1-model_v4 Protein inturned	3.580E+00	0.009	13	1	341	542	279	634	942	430	0.629	0.378
LOKIASV2_2342_ESMFold_hypothetical_protein	AF-Q0ULF5-F1-model_v4	AF-Q0ULF5-F1-model_v4 Protein transport protein SEC31	6.218E+00	0.009	13	372	532	542	13	209	1256	211	0.297	0.157
LOKIASV2_2342_ESMFold_hypothetical_protein	AF-P0DUB4-F1-model_v4	AF-P0DUB4-F1-model_v4 Cytotoxin-L	6.945E+00	0.009	13	265	529	542	1368	1557	2364	280	0.489	0.080
LOKIASV2_2342_ESMFold_hypothetical_protein	AF-Q55GE6-F1-model_v4	AF-Q55GE6-F1-model_v4 Probable serine/threonine-protein kinase roco7	8.661E+00	0.009	13	401	542	542	2405	2540	2615	160	0.262	0.052
LOKIASV2_2342_ESMFold_hypothetical_protein	AF-Q810Z1-F1-model_v4	AF-Q810Z1-F1-model_v4 Epididymal-specific lipocalin-10	4.225E+00	0.008	12	343	496	542	8	133	182	174	0.284	0.692
LOKIASV2_2342_ESMFold_hypothetical_protein	AF-Q0VTA8-F1-model_v4	AF-Q0VTA8-F1-model_v4 Probable chorismate pyruvate-lyase	6.218E+00	0.008	12	292	362	542	127	203	204	81	0.131	0.377
LOKIASV2_2342_ESMFold_hypothetical_protein	AF-O18424-F1-model_v4	AF-O18424-F1-model_v4 Lysenin-related protein 1	5.269E+00	0.008	12	374	540	542	171	294	300	179	0.308	0.413
LOKIASV2_2342_ESMFold_hypothetical_protein	AF-A0T0K0-F1-model_v4	AF-A0T0K0-F1-model_v4 DNA-directed RNA polymerase subunit alpha	7.339E+00	0.008	12	303	382	542	177	257	311	87	0.148	0.260
LOKIASV2_2342_ESMFold_hypothetical_protein	AF-O22932-F1-model_v4	AF-O22932-F1-model_v4 CBL-interacting serine/threonine-protein kinase 11	2.570E+00	0.008	12	60	347	542	121	427	435	356	0.531	0.706
LOKIASV2_2342_ESMFold_hypothetical_protein	AF-C0Z274-F1-model_v4	AF-C0Z274-F1-model_v4 Vacuolar fusion protein CCZ1 homolog B	1.746E+00	0.008	12	47	457	542	94	474	497	480	0.758	0.767
LOKIASV2_2342_ESMFold_hypothetical_protein	AF-Q5X0M2-F1-model_v4	AF-Q5X0M2-F1-model_v4 Membrane protein insertase YidC	5.884E+00	0.008	12	373	540	542	128	314	556	220	0.310	0.336
LOKIASV2_2342_ESMFold_hypothetical_protein	AF-Q21DG0-F1-model_v4	AF-Q21DG0-F1-model_v4 Membrane protein insertase YidC	3.783E+00	0.008	12	376	539	542	167	324	557	188	0.303	0.284
LOKIASV2_2342_ESMFold_hypothetical_protein	AF-Q944Q0-F1-model_v4	AF-Q944Q0-F1-model_v4 Serine/threonine-protein kinase WNK8	8.196E+00	0.008	12	62	343	542	130	403	563	335	0.520	0.487
LOKIASV2_2342_ESMFold_hypothetical_protein	AF-B1Z8E7-F1-model_v4	AF-B1Z8E7-F1-model_v4 Membrane protein insertase YidC	4.718E+00	0.008	12	372	518	542	146	309	614	195	0.271	0.267
LOKIASV2_2342_ESMFold_hypothetical_protein	AF-P75441-F1-model_v4	AF-P75441-F1-model_v4 Uncharacterized protein MG241 homolog	8.196E+00	0.008	12	243	322	542	69	152	621	99	0.148	0.135
LOKIASV2_2342_ESMFold_hypothetical_protein	AF-P29041-F1-model_v4	AF-P29041-F1-model_v4 Secretin XpsD	1.950E+00	0.008	12	262	529	542	400	631	759	313	0.494	0.306
LOKIASV2_2342_ESMFold_hypothetical_protein	AF-F6U5F9-F1-model_v4	AF-F6U5F9-F1-model_v4 Protein inturned	6.572E+00	0.008	12	204	344	542	810	952	953	171	0.260	0.150
LOKIASV2_2342_ESMFold_hypothetical_protein	AF-Q6W4X9-F1-model_v4	AF-Q6W4X9-F1-model_v4 Mucin-6	1.746E+00	0.008	12	268	539	542	121	516	2439	449	0.502	0.162
LOKIASV2_2342_ESMFold_hypothetical_protein	AF-Q28133-F1-model_v4	AF-Q28133-F1-model_v4 Allergen Bos d 2	6.572E+00	0.007	11	359	539	542	16	129	172	197	0.334	0.663
LOKIASV2_2342_ESMFold_hypothetical_protein	AF-C4K6Q1-F1-model_v4	AF-C4K6Q1-F1-model_v4 Chorismate pyruvate-lyase	9.153E+00	0.007	11	283	339	542	131	174	175	57	0.105	0.251
LOKIASV2_2342_ESMFold_hypothetical_protein	AF-Q9GV45-F1-model_v4	AF-Q9GV45-F1-model_v4 Oplophorus-luciferin 2-monooxygenase catalytic subunit	6.218E+00	0.007	11	353	542	542	15	194	196	235	0.351	0.918
LOKIASV2_2342_ESMFold_hypothetical_protein	AF-Q9HXE2-F1-model_v4	AF-Q9HXE2-F1-model_v4 Transcriptional regulator DauR	5.884E+00	0.007	11	244	358	542	44	141	210	124	0.212	0.467
LOKIASV2_2342_ESMFold_hypothetical_protein	AF-Q9M2W6-F1-model_v4	AF-Q9M2W6-F1-model_v4 Putative mitochondrial outer membrane protein porin 5	9.672E+00	0.007	11	283	534	542	43	196	226	255	0.465	0.681
LOKIASV2_2342_ESMFold_hypothetical_protein	AF-A9WC41-F1-model_v4	AF-A9WC41-F1-model_v4 Mesaconyl-C(4)-CoA hydratase	7.755E+00	0.007	11	283	453	542	111	279	280	222	0.315	0.604
LOKIASV2_2342_ESMFold_hypothetical_protein	AF-Q3LX99-F1-model_v4	AF-Q3LX99-F1-model_v4 Lysenin-related protein 3	2.432E+00	0.007	11	292	542	542	116	298	300	283	0.463	0.610
LOKIASV2_2342_ESMFold_hypothetical_protein	AF-P36625-F1-model_v4	AF-P36625-F1-model_v4 Meiotic recombination protein rec7	4.718E+00	0.007	11	283	458	542	33	206	339	206	0.325	0.513
LOKIASV2_2342_ESMFold_hypothetical_protein	AF-O76240-F1-model_v4	AF-O76240-F1-model_v4 S-adenosylmethionine decarboxylase proenzyme	8.661E+00	0.007	11	250	452	542	217	356	370	217	0.375	0.378
LOKIASV2_2342_ESMFold_hypothetical_protein	AF-Q9QZA1-F1-model_v4	AF-Q9QZA1-F1-model_v4 Pleckstrin homology-like domain family A member 1	8.196E+00	0.007	11	262	460	542	214	361	407	202	0.367	0.364
LOKIASV2_2342_ESMFold_hypothetical_protein	AF-Q4WLW7-F1-model_v4	AF-Q4WLW7-F1-model_v4 FAD-dependent monooxygenase fmqB	3.783E+00	0.007	11	206	327	542	39	206	418	189	0.225	0.402
LOKIASV2_2342_ESMFold_hypothetical_protein	AF-A5F484-F1-model_v4	AF-A5F484-F1-model_v4 Membrane protein insertase YidC	6.572E+00	0.007	11	192	323	542	201	289	541	135	0.244	0.165
LOKIASV2_2342_ESMFold_hypothetical_protein	AF-Q4UN76-F1-model_v4	AF-Q4UN76-F1-model_v4 Membrane protein insertase YidC	8.196E+00	0.007	11	333	529	542	36	198	560	211	0.363	0.291
LOKIASV2_2342_ESMFold_hypothetical_protein	AF-Q879S3-F1-model_v4	AF-Q879S3-F1-model_v4 Membrane protein insertase YidC	3.388E+00	0.007	11	383	540	542	124	318	565	217	0.292	0.345
LOKIASV2_2342_ESMFold_hypothetical_protein	AF-Q98D88-F1-model_v4	AF-Q98D88-F1-model_v4 Membrane protein insertase YidC	4.986E+00	0.007	11	383	541	542	177	314	603	179	0.293	0.229
LOKIASV2_2342_ESMFold_hypothetical_protein	AF-Q8FV29-F1-model_v4	AF-Q8FV29-F1-model_v4 Membrane protein insertase YidC	7.339E+00	0.007	11	374	541	542	185	338	610	201	0.310	0.252
LOKIASV2_2342_ESMFold_hypothetical_protein	AF-Q6HNQ4-F1-model_v4	AF-Q6HNQ4-F1-model_v4 Probable methyl-accepting chemotaxis protein BT9727_0469	6.572E+00	0.007	11	207	341	542	151	279	658	153	0.249	0.196
LOKIASV2_2342_ESMFold_hypothetical_protein	AF-Q5V5V4-F1-model_v4	AF-Q5V5V4-F1-model_v4 Sensory rhodopsin II transducer	4.718E+00	0.007	11	217	341	542	173	293	773	152	0.231	0.157
LOKIASV2_2342_ESMFold_hypothetical_protein	AF-Q21017-F1-model_v4	AF-Q21017-F1-model_v4 Serine/threonine-protein kinase kin-29	5.884E+00	0.007	11	142	343	542	584	816	822	265	0.373	0.283
LOKIASV2_2342_ESMFold_hypothetical_protein	AF-P14291-F1-model_v4	AF-P14291-F1-model_v4 Protein RED1	3.998E+00	0.007	11	84	459	542	102	433	827	432	0.694	0.401
LOKIASV2_2342_ESMFold_hypothetical_protein	AF-Q8LPN3-F1-model_v4	AF-Q8LPN3-F1-model_v4 Aminodeoxychorismate synthase, chloroplastic	6.572E+00	0.007	11	305	437	542	576	727	919	176	0.245	0.165
LOKIASV2_2342_ESMFold_hypothetical_protein	AF-Q2I0E5-F1-model_v4	AF-Q2I0E5-F1-model_v4 Protein inturned	8.196E+00	0.007	11	197	341	542	803	947	951	175	0.268	0.152
LOKIASV2_2342_ESMFold_hypothetical_protein	AF-O48686-F1-model_v4	AF-O48686-F1-model_v4 Paired amphipathic helix protein Sin3-like 3	5.568E+00	0.007	11	303	458	542	1192	1308	1330	165	0.288	0.088
LOKIASV2_2342_ESMFold_hypothetical_protein	AF-B1AKI9-F1-model_v4	AF-B1AKI9-F1-model_v4 Isthmin-1	5.568E+00	0.000	10	262	440	542	200	388	464	229	0.330	0.407
LOKIASV2_2342_ESMFold_hypothetical_protein	AF-A5CVI2-F1-model_v4	AF-A5CVI2-F1-model_v4 Membrane protein insertase YidC	7.339E+00	0.000	10	365	542	542	72	315	541	257	0.328	0.451
LOKIASV2_2342_ESMFold_hypothetical_protein	AF-Q602M6-F1-model_v4	AF-Q602M6-F1-model_v4 Membrane protein insertase YidC	5.568E+00	0.000	10	375	542	542	161	295	545	190	0.310	0.248
LOKIASV2_2342_ESMFold_hypothetical_protein	AF-Q0A4L5-F1-model_v4	AF-Q0A4L5-F1-model_v4 Membrane protein insertase YidC	4.718E+00	0.000	10	383	539	542	160	311	562	198	0.290	0.270
LOKIASV2_2342_ESMFold_hypothetical_protein	AF-B0U6I1-F1-model_v4	AF-B0U6I1-F1-model_v4 Membrane protein insertase YidC	4.465E+00	0.000	10	383	540	542	124	318	565	218	0.292	0.345
LOKIASV2_2342_ESMFold_hypothetical_protein	AF-B4SPG0-F1-model_v4	AF-B4SPG0-F1-model_v4 Membrane protein insertase YidC	5.884E+00	0.000	10	373	540	542	132	321	571	219	0.310	0.333
LOKIASV2_2342_ESMFold_hypothetical_protein	AF-A8LMA0-F1-model_v4	AF-A8LMA0-F1-model_v4 Membrane protein insertase YidC	8.661E+00	0.000	10	375	539	542	153	324	606	207	0.304	0.284
LOKIASV2_2342_ESMFold_hypothetical_protein	AF-B1LTW1-F1-model_v4	AF-B1LTW1-F1-model_v4 Membrane protein insertase YidC	8.196E+00	0.000	10	375	540	542	180	318	617	198	0.306	0.225
LOKIASV2_2342_ESMFold_hypothetical_protein	AF-Q8CJH6-F1-model_v4	AF-Q8CJH6-F1-model_v4 Neuronal PAS domain-containing protein 4	7.339E+00	0.000	10	235	453	542	108	317	802	274	0.404	0.262
LOKIASV2_2342_ESMFold_hypothetical_protein	AF-Q17ZF3-F1-model_v4	AF-Q17ZF3-F1-model_v4 Alanine--tRNA ligase	2.432E+00	0.000	10	203	489	542	506	822	847	382	0.530	0.374
LOKIASV2_2342_ESMFold_hypothetical_protein	AF-Q5BEP0-F1-model_v4	AF-Q5BEP0-F1-model_v4 Endoribonuclease ysh1	5.568E+00	0.000	10	250	493	542	598	817	884	278	0.450	0.249
LOKIASV2_2342_ESMFold_hypothetical_protein	AF-B4KSY3-F1-model_v4	AF-B4KSY3-F1-model_v4 Protein kintoun	1.325E+00	0.000	10	177	535	542	170	590	885	505	0.662	0.476
LOKIASV2_2342_ESMFold_hypothetical_protein	AF-Q976E4-F1-model_v4	AF-Q976E4-F1-model_v4 Phosphoglucosamine/phosphogalactosamine mutase	8.661E+00	0.000	9	203	341	542	319	446	455	158	0.256	0.281
LOKIASV2_2342_ESMFold_hypothetical_protein	AF-B8D6T3-F1-model_v4	AF-B8D6T3-F1-model_v4 Membrane protein insertase YidC	8.196E+00	0.000	9	333	540	542	8	298	532	321	0.384	0.547
LOKIASV2_2342_ESMFold_hypothetical_protein	AF-Q9P9U1-F1-model_v4	AF-Q9P9U1-F1-model_v4 Membrane protein insertase YidC	7.339E+00	0.000	9	383	540	542	124	318	565	217	0.292	0.345
LOKIASV2_2342_ESMFold_hypothetical_protein	AF-Q8S8Y9-F1-model_v4	AF-Q8S8Y9-F1-model_v4 Serine/threonine-protein kinase WNK2	9.672E+00	0.000	9	83	352	542	194	401	568	281	0.498	0.366
LOKIASV2_2342_ESMFold_hypothetical_protein	AF-Q61161-F1-model_v4	AF-Q61161-F1-model_v4 Mitogen-activated protein kinase kinase kinase kinase 2	9.153E+00	0.000	9	283	541	542	540	815	821	354	0.478	0.336
LOKIASV2_2342_ESMFold_hypothetical_protein	AF-Q6FK84-F1-model_v4	AF-Q6FK84-F1-model_v4 Vacuolar membrane-associated protein IML1	5.269E+00	0.000	9	50	341	542	1358	1616	1804	344	0.539	0.144
LOKIASV2_2342_ESMFold_hypothetical_protein	AF-Q6KI29-F1-model_v4	AF-Q6KI29-F1-model_v4 DNA-directed RNA polymerase subunit alpha	8.661E+00	0.000	8	191	382	542	101	276	333	221	0.354	0.529
LOKIASV2_2342_ESMFold_hypothetical_protein	AF-O88797-F1-model_v4	AF-O88797-F1-model_v4 Disabled homolog 2	7.339E+00	0.000	8	283	459	542	93	272	768	210	0.327	0.234
LOKIASV2_2342_ESMFold_hypothetical_protein	AF-Q3ZZP6-F1-model_v4	AF-Q3ZZP6-F1-model_v4 DNA-directed RNA polymerase subunit alpha	9.153E+00	0.000	7	206	382	542	99	255	330	209	0.327	0.476
LOKIASV2_2342_ESMFold_hypothetical_protein	AF-Q0VKU7-F1-model_v4	AF-Q0VKU7-F1-model_v4 Membrane protein insertase YidC	9.153E+00	0.000	7	383	539	542	178	335	582	198	0.290	0.271
