LOKIASV2_1209_ESMFold_hypothetical_protein	AF-K7UWW6-F1-model_v4	AF-K7UWW6-F1-model_v4 Mov34/MPN/PAD-1 family protein	3.098E-08	1.000	220	10	186	258	3	162	246	185	0.686	0.650
LOKIASV2_1209_ESMFold_hypothetical_protein	AF-A0A077ZII6-F1-model_v4	AF-A0A077ZII6-F1-model_v4 26S proteasome regulatory subunit RPN11	3.133E-07	1.000	200	1	197	258	2	202	202	234	0.764	0.995
LOKIASV2_1209_ESMFold_hypothetical_protein	AF-I1MEX0-F1-model_v4	AF-I1MEX0-F1-model_v4 26S proteasome regulatory subunit RPN11	3.511E-08	1.000	190	1	255	258	15	290	309	312	0.988	0.893
LOKIASV2_1209_ESMFold_hypothetical_protein	AF-A0A175W8R6-F1-model_v4	AF-A0A175W8R6-F1-model_v4 26S proteasome regulatory subunit RPN11	5.439E-08	1.000	188	2	232	258	21	267	338	279	0.895	0.731
LOKIASV2_1209_ESMFold_hypothetical_protein	AF-Q9V3H2-F1-model_v4	AF-Q9V3H2-F1-model_v4 26S proteasome non-ATPase regulatory subunit 14	6.164E-08	1.000	185	11	235	258	27	261	308	270	0.872	0.763
LOKIASV2_1209_ESMFold_hypothetical_protein	AF-P41878-F1-model_v4	AF-P41878-F1-model_v4 26S proteasome regulatory subunit rpn11	2.765E-07	1.000	182	1	198	258	13	223	308	242	0.767	0.685
LOKIASV2_1209_ESMFold_hypothetical_protein	AF-I1M1N6-F1-model_v4	AF-I1M1N6-F1-model_v4 26S proteasome regulatory subunit RPN11	1.390E-07	1.000	181	1	235	258	15	263	309	285	0.911	0.806
LOKIASV2_1209_ESMFold_hypothetical_protein	AF-B4FLQ8-F1-model_v4	AF-B4FLQ8-F1-model_v4 26S proteasome regulatory subunit RPN11	1.785E-07	1.000	180	1	235	258	15	261	307	283	0.911	0.805
LOKIASV2_1209_ESMFold_hypothetical_protein	AF-P43588-F1-model_v4	AF-P43588-F1-model_v4 Ubiquitin carboxyl-terminal hydrolase RPN11	1.226E-07	1.000	179	1	256	258	13	291	306	312	0.992	0.912
LOKIASV2_1209_ESMFold_hypothetical_protein	AF-A0A077ZBC5-F1-model_v4	AF-A0A077ZBC5-F1-model_v4 26S proteasome regulatory subunit RPN11	1.165E-06	1.000	178	1	197	258	20	220	225	234	0.764	0.893
LOKIASV2_1209_ESMFold_hypothetical_protein	AF-Q60EW3-F1-model_v4	AF-Q60EW3-F1-model_v4 26S proteasome regulatory subunit RPN11	2.440E-07	1.000	178	1	235	258	15	261	307	283	0.911	0.805
LOKIASV2_1209_ESMFold_hypothetical_protein	AF-U7PY46-F1-model_v4	AF-U7PY46-F1-model_v4 26S proteasome regulatory subunit RPN11	1.479E-07	1.000	178	1	232	258	20	267	336	280	0.899	0.738
LOKIASV2_1209_ESMFold_hypothetical_protein	AF-Q86IJ1-F1-model_v4	AF-Q86IJ1-F1-model_v4 26S proteasome non-ATPase regulatory subunit 14	3.738E-08	1.000	177	1	243	258	14	271	306	291	0.942	0.843
LOKIASV2_1209_ESMFold_hypothetical_protein	AF-A0A0K0EQL4-F1-model_v4	AF-A0A0K0EQL4-F1-model_v4 26S proteasome regulatory subunit RPN11	1.152E-07	1.000	177	1	243	258	13	272	311	298	0.942	0.836
LOKIASV2_1209_ESMFold_hypothetical_protein	AF-C6T3E5-F1-model_v4	AF-C6T3E5-F1-model_v4 MPN domain-containing protein	6.635E-07	1.000	176	10	208	258	5	191	204	219	0.771	0.917
LOKIASV2_1209_ESMFold_hypothetical_protein	AF-Q9SDD1-F1-model_v4	AF-Q9SDD1-F1-model_v4 26S proteasome regulatory subunit RPN11	2.765E-07	1.000	176	1	235	258	15	261	307	282	0.911	0.805
LOKIASV2_1209_ESMFold_hypothetical_protein	AF-I1M8K6-F1-model_v4	AF-I1M8K6-F1-model_v4 26S proteasome regulatory subunit RPN11	1.676E-07	1.000	176	1	235	258	18	266	316	285	0.911	0.788
LOKIASV2_1209_ESMFold_hypothetical_protein	AF-A0A1C1C704-F1-model_v4	AF-A0A1C1C704-F1-model_v4 26S proteasome regulatory subunit RPN11	1.226E-07	1.000	176	10	237	258	27	264	337	276	0.884	0.706
LOKIASV2_1209_ESMFold_hypothetical_protein	AF-Q4V8E2-F1-model_v4	AF-Q4V8E2-F1-model_v4 26S proteasome regulatory subunit RPN11	1.676E-07	1.000	175	11	235	258	29	263	310	270	0.872	0.758
LOKIASV2_1209_ESMFold_hypothetical_protein	AF-I1K935-F1-model_v4	AF-I1K935-F1-model_v4 MPN domain-containing protein	1.106E-05	1.000	174	11	130	258	76	194	409	126	0.465	0.291
LOKIASV2_1209_ESMFold_hypothetical_protein	AF-Q9LT08-F1-model_v4	AF-Q9LT08-F1-model_v4 26S proteasome non-ATPase regulatory subunit 14 homolog	2.292E-07	1.000	173	11	235	258	28	262	308	270	0.872	0.763
LOKIASV2_1209_ESMFold_hypothetical_protein	AF-A0A0A2UZL6-F1-model_v4	AF-A0A0A2UZL6-F1-model_v4 26S proteasome regulatory subunit RPN11	4.853E-07	1.000	172	1	243	258	4	253	320	289	0.942	0.781
LOKIASV2_1209_ESMFold_hypothetical_protein	AF-C0NBF2-F1-model_v4	AF-C0NBF2-F1-model_v4 26S proteasome regulatory subunit RPN11	3.550E-07	1.000	172	2	232	258	22	268	334	279	0.895	0.740
LOKIASV2_1209_ESMFold_hypothetical_protein	AF-A0A0R4IER2-F1-model_v4	AF-A0A0R4IER2-F1-model_v4 Lys-63-specific deubiquitinase	5.379E-09	1.000	170	10	252	258	4	258	261	286	0.942	0.977
LOKIASV2_1209_ESMFold_hypothetical_protein	AF-Q5Z816-F1-model_v4	AF-Q5Z816-F1-model_v4 Os06g0703600 protein	4.023E-07	1.000	170	11	247	258	24	274	308	285	0.919	0.815
LOKIASV2_1209_ESMFold_hypothetical_protein	AF-A0A0K0IZC2-F1-model_v4	AF-A0A0K0IZC2-F1-model_v4 26S proteasome regulatory subunit RPN11	4.023E-07	1.000	170	10	243	258	32	275	314	281	0.907	0.777
LOKIASV2_1209_ESMFold_hypothetical_protein	AF-A0A0N4UIL5-F1-model_v4	AF-A0A0N4UIL5-F1-model_v4 26S proteasome regulatory subunit RPN11	2.597E-07	1.000	170	1	243	258	21	276	315	294	0.942	0.813
LOKIASV2_1209_ESMFold_hypothetical_protein	AF-Q12468-F1-model_v4	AF-Q12468-F1-model_v4 COP9 signalosome complex subunit 5	2.910E-08	1.000	170	1	258	258	60	303	440	280	1.000	0.555
LOKIASV2_1209_ESMFold_hypothetical_protein	AF-F1QHE5-F1-model_v4	AF-F1QHE5-F1-model_v4 26S proteasome regulatory subunit RPN11	1.390E-07	1.000	169	10	235	258	28	263	310	271	0.876	0.761
LOKIASV2_1209_ESMFold_hypothetical_protein	AF-O16154-F1-model_v4	AF-O16154-F1-model_v4 26S proteasome regulatory subunit RPN11	1.900E-07	1.000	169	10	235	258	31	266	313	273	0.876	0.754
LOKIASV2_1209_ESMFold_hypothetical_protein	AF-A0A3P7FFW3-F1-model_v4	AF-A0A3P7FFW3-F1-model_v4 26S proteasome regulatory subunit RPN11	4.559E-07	1.000	169	10	243	258	32	275	314	281	0.907	0.777
LOKIASV2_1209_ESMFold_hypothetical_protein	AF-C6SYG0-F1-model_v4	AF-C6SYG0-F1-model_v4 MPN domain-containing protein	1.094E-06	1.000	168	10	208	258	5	191	204	224	0.771	0.917
LOKIASV2_1209_ESMFold_hypothetical_protein	AF-Q4DRE9-F1-model_v4	AF-Q4DRE9-F1-model_v4 Uncharacterized protein	2.022E-07	1.000	168	1	225	258	1	193	215	239	0.872	0.898
LOKIASV2_1209_ESMFold_hypothetical_protein	AF-O35593-F1-model_v4	AF-O35593-F1-model_v4 26S proteasome non-ATPase regulatory subunit 14	5.855E-07	1.000	166	1	235	258	14	263	310	285	0.911	0.806
LOKIASV2_1209_ESMFold_hypothetical_protein	AF-Q8ID28-F1-model_v4	AF-Q8ID28-F1-model_v4 26S proteasome regulatory subunit RPN11	3.335E-07	1.000	166	1	246	258	21	277	311	294	0.953	0.826
LOKIASV2_1209_ESMFold_hypothetical_protein	AF-O00487-F1-model_v4	AF-O00487-F1-model_v4 26S proteasome non-ATPase regulatory subunit 14	5.855E-07	1.000	165	11	235	258	29	263	310	270	0.872	0.758
LOKIASV2_1209_ESMFold_hypothetical_protein	AF-A0A1D8PFZ8-F1-model_v4	AF-A0A1D8PFZ8-F1-model_v4 26S proteasome regulatory subunit RPN11	3.335E-07	1.000	165	1	235	258	17	265	312	285	0.911	0.798
LOKIASV2_1209_ESMFold_hypothetical_protein	AF-O76577-F1-model_v4	AF-O76577-F1-model_v4 26S proteasome non-ATPase regulatory subunit 14	9.070E-07	1.000	165	10	243	258	30	273	312	281	0.907	0.782
LOKIASV2_1209_ESMFold_hypothetical_protein	AF-A0A044SES1-F1-model_v4	AF-A0A044SES1-F1-model_v4 26S proteasome regulatory subunit RPN11	8.004E-07	1.000	165	10	243	258	32	275	314	281	0.907	0.777
LOKIASV2_1209_ESMFold_hypothetical_protein	AF-A0A077ZKC9-F1-model_v4	AF-A0A077ZKC9-F1-model_v4 26S proteasome regulatory subunit RPN11	6.164E-08	1.000	164	1	235	258	18	264	310	280	0.911	0.797
LOKIASV2_1209_ESMFold_hypothetical_protein	AF-P9WHS1-F1-model_v4	AF-P9WHS1-F1-model_v4 CysO-cysteine peptidase	2.343E-05	1.000	163	1	184	258	1	143	146	190	0.713	0.979
LOKIASV2_1209_ESMFold_hypothetical_protein	AF-A0A5K4F948-F1-model_v4	AF-A0A5K4F948-F1-model_v4 MPN domain-containing protein	4.068E-06	1.000	163	9	195	258	1	163	191	196	0.725	0.853
LOKIASV2_1209_ESMFold_hypothetical_protein	AF-P46737-F1-model_v4	AF-P46737-F1-model_v4 Lys-63-specific deubiquitinase BRCC36	2.910E-08	1.000	163	2	254	258	1	289	291	317	0.981	0.993
LOKIASV2_1209_ESMFold_hypothetical_protein	AF-Q4DKG4-F1-model_v4	AF-Q4DKG4-F1-model_v4 26S proteasome regulatory subunit RPN11	3.550E-07	1.000	162	1	231	258	15	263	264	285	0.895	0.943
LOKIASV2_1209_ESMFold_hypothetical_protein	AF-Q7M757-F1-model_v4	AF-Q7M757-F1-model_v4 Lys-63-specific deubiquitinase BRCC36-like	1.765E-08	1.000	162	1	254	258	1	289	291	318	0.984	0.993
LOKIASV2_1209_ESMFold_hypothetical_protein	AF-A0A1D6LII6-F1-model_v4	AF-A0A1D6LII6-F1-model_v4 Eukaryotic translation initiation factor 3 subunit F	8.970E-08	1.000	162	10	247	258	19	257	305	280	0.922	0.784
LOKIASV2_1209_ESMFold_hypothetical_protein	AF-Q55FM0-F1-model_v4	AF-Q55FM0-F1-model_v4 ER membrane protein complex subunit 8/9 homolog	1.496E-06	1.000	161	9	195	258	1	165	192	203	0.725	0.859
LOKIASV2_1209_ESMFold_hypothetical_protein	AF-P41883-F1-model_v4	AF-P41883-F1-model_v4 Uncharacterized protein F37A4.5	2.153E-07	1.000	161	4	245	258	16	284	319	299	0.938	0.843
LOKIASV2_1209_ESMFold_hypothetical_protein	AF-Q54C49-F1-model_v4	AF-Q54C49-F1-model_v4 Eukaryotic translation initiation factor 3 subunit F	5.790E-08	1.000	160	1	256	258	3	254	284	293	0.992	0.887
LOKIASV2_1209_ESMFold_hypothetical_protein	AF-P91001-F1-model_v4	AF-P91001-F1-model_v4 COP9 signalosome complex subunit 5	4.559E-07	1.000	158	11	253	258	54	309	368	294	0.942	0.696
LOKIASV2_1209_ESMFold_hypothetical_protein	AF-A0A0N4UB32-F1-model_v4	AF-A0A0N4UB32-F1-model_v4 MPN domain-containing protein	4.331E-06	1.000	157	9	208	258	3	176	200	209	0.775	0.870
LOKIASV2_1209_ESMFold_hypothetical_protein	AF-C0NQU7-F1-model_v4	AF-C0NQU7-F1-model_v4 Eukaryotic translation initiation factor 3 subunit F	2.153E-07	1.000	157	1	247	258	14	259	351	283	0.957	0.701
LOKIASV2_1209_ESMFold_hypothetical_protein	AF-Q38FY1-F1-model_v4	AF-Q38FY1-F1-model_v4 Mov34/MPN/PAD-1 metallopeptidase, putative	2.022E-07	1.000	156	10	252	258	6	276	277	304	0.942	0.978
LOKIASV2_1209_ESMFold_hypothetical_protein	AF-B2RYM5-F1-model_v4	AF-B2RYM5-F1-model_v4 Lys-63-specific deubiquitinase BRCC36	6.164E-08	1.000	156	1	254	258	1	289	291	320	0.984	0.993
LOKIASV2_1209_ESMFold_hypothetical_protein	AF-Q5ADU3-F1-model_v4	AF-Q5ADU3-F1-model_v4 Eukaryotic translation initiation factor 3 subunit H	1.695E-06	1.000	156	8	255	258	5	260	328	291	0.961	0.780
LOKIASV2_1209_ESMFold_hypothetical_protein	AF-A0A0N4U3M4-F1-model_v4	AF-A0A0N4U3M4-F1-model_v4 MPN domain-containing protein	2.153E-07	1.000	155	11	241	258	81	311	312	267	0.895	0.740
LOKIASV2_1209_ESMFold_hypothetical_protein	AF-A0A077Z1I6-F1-model_v4	AF-A0A077Z1I6-F1-model_v4 Diacylglycerol kinase	5.855E-07	1.000	155	10	243	258	543	813	830	299	0.907	0.327
LOKIASV2_1209_ESMFold_hypothetical_protein	AF-O00303-F1-model_v4	AF-O00303-F1-model_v4 Eukaryotic translation initiation factor 3 subunit F	1.152E-07	1.000	154	1	256	258	78	347	357	311	0.992	0.756
LOKIASV2_1209_ESMFold_hypothetical_protein	AF-U7Q1S8-F1-model_v4	AF-U7Q1S8-F1-model_v4 Eukaryotic translation initiation factor 3 subunit F	7.063E-07	1.000	154	1	256	258	20	284	383	307	0.992	0.692
LOKIASV2_1209_ESMFold_hypothetical_protein	AF-Q9Y3B6-F1-model_v4	AF-Q9Y3B6-F1-model_v4 ER membrane protein complex subunit 9	5.920E-06	1.000	153	11	195	258	2	166	208	197	0.717	0.793
LOKIASV2_1209_ESMFold_hypothetical_protein	AF-P46736-F1-model_v4	AF-P46736-F1-model_v4 Lys-63-specific deubiquitinase BRCC36	3.979E-08	1.000	152	1	254	258	1	314	316	338	0.984	0.994
LOKIASV2_1209_ESMFold_hypothetical_protein	AF-A0A044V940-F1-model_v4	AF-A0A044V940-F1-model_v4 MPN domain-containing protein	2.467E-06	1.000	152	11	195	258	59	251	348	218	0.717	0.555
LOKIASV2_1209_ESMFold_hypothetical_protein	AF-Q7XWV6-F1-model_v4	AF-Q7XWV6-F1-model_v4 Os04g0270200 protein	7.142E-06	1.000	151	10	208	258	4	196	209	228	0.771	0.923
LOKIASV2_1209_ESMFold_hypothetical_protein	AF-O04202-F1-model_v4	AF-O04202-F1-model_v4 Eukaryotic translation initiation factor 3 subunit F	1.082E-07	1.000	151	1	247	258	16	245	293	268	0.957	0.785
LOKIASV2_1209_ESMFold_hypothetical_protein	AF-Q38BU2-F1-model_v4	AF-Q38BU2-F1-model_v4 26S proteasome regulatory subunit RPN11	2.177E-06	1.000	151	11	255	258	25	286	305	291	0.950	0.859
LOKIASV2_1209_ESMFold_hypothetical_protein	AF-Q8BPZ8-F1-model_v4	AF-Q8BPZ8-F1-model_v4 BRCA1-A complex subunit Abraxas 1	1.305E-07	1.000	151	11	257	258	5	258	407	292	0.957	0.624
LOKIASV2_1209_ESMFold_hypothetical_protein	AF-A0A0D2G5Q0-F1-model_v4	AF-A0A0D2G5Q0-F1-model_v4 Eukaryotic translation initiation factor 3 subunit F	8.521E-07	1.000	150	1	247	258	14	260	346	290	0.957	0.714
LOKIASV2_1209_ESMFold_hypothetical_protein	AF-A0A077Z6L2-F1-model_v4	AF-A0A077Z6L2-F1-model_v4 COP9 signalosome complex subunit 5	4.283E-07	1.000	150	11	235	258	49	283	347	263	0.872	0.677
LOKIASV2_1209_ESMFold_hypothetical_protein	AF-Q6UWZ7-F1-model_v4	AF-Q6UWZ7-F1-model_v4 BRCA1-A complex subunit Abraxas 1	2.292E-07	1.000	150	10	256	258	5	258	409	293	0.957	0.621
LOKIASV2_1209_ESMFold_hypothetical_protein	AF-A0A3P7E858-F1-model_v4	AF-A0A3P7E858-F1-model_v4 26S proteasome regulatory subunit RPN11	2.317E-06	1.000	149	1	227	258	8	262	330	287	0.880	0.773
LOKIASV2_1209_ESMFold_hypothetical_protein	AF-A0A0R0K5E1-F1-model_v4	AF-A0A0R0K5E1-F1-model_v4 MPN domain-containing protein	1.805E-06	1.000	149	11	236	258	75	307	374	270	0.876	0.623
LOKIASV2_1209_ESMFold_hypothetical_protein	AF-O94454-F1-model_v4	AF-O94454-F1-model_v4 COP9 signalosome complex subunit 5	2.045E-06	1.000	148	11	254	258	33	295	299	293	0.946	0.880
LOKIASV2_1209_ESMFold_hypothetical_protein	AF-X8F1Y7-F1-model_v4	AF-X8F1Y7-F1-model_v4 CysO-cysteine peptidase	8.712E-05	1.000	147	12	184	258	2	134	137	180	0.671	0.971
LOKIASV2_1209_ESMFold_hypothetical_protein	AF-K0EP97-F1-model_v4	AF-K0EP97-F1-model_v4 Mov34/MPN/PAD-1 family protein	8.712E-05	1.000	147	12	184	258	2	134	140	179	0.671	0.950
LOKIASV2_1209_ESMFold_hypothetical_protein	AF-A0A1C1CQ75-F1-model_v4	AF-A0A1C1CQ75-F1-model_v4 Eukaryotic translation initiation factor 3 subunit F	1.165E-06	1.000	147	1	256	258	17	277	346	304	0.992	0.754
LOKIASV2_1209_ESMFold_hypothetical_protein	AF-I1JI63-F1-model_v4	AF-I1JI63-F1-model_v4 Eukaryotic translation initiation factor 3 subunit F	5.500E-07	1.000	146	1	247	258	6	241	289	278	0.957	0.817
LOKIASV2_1209_ESMFold_hypothetical_protein	AF-A0A0D2GT65-F1-model_v4	AF-A0A0D2GT65-F1-model_v4 26S proteasome regulatory subunit RPN11	5.500E-07	1.000	146	11	237	258	29	265	343	274	0.880	0.691
LOKIASV2_1209_ESMFold_hypothetical_protein	AF-C0NWL5-F1-model_v4	AF-C0NWL5-F1-model_v4 COP9 signalosome complex subunit 5	8.094E-06	1.000	146	11	195	258	49	242	352	224	0.717	0.551
LOKIASV2_1209_ESMFold_hypothetical_protein	AF-Q5I0F1-F1-model_v4	AF-Q5I0F1-F1-model_v4 BRCA1-A complex subunit Abraxas 1	4.283E-07	1.000	146	11	256	258	5	258	405	291	0.953	0.627
LOKIASV2_1209_ESMFold_hypothetical_protein	AF-A0A5S6PFK8-F1-model_v4	AF-A0A5S6PFK8-F1-model_v4 BMA-CSN-5, isoform d	2.467E-06	1.000	145	11	254	258	53	312	348	297	0.946	0.747
LOKIASV2_1209_ESMFold_hypothetical_protein	AF-Q9VN50-F1-model_v4	AF-Q9VN50-F1-model_v4 Eukaryotic translation initiation factor 3 subunit F-1	2.440E-07	1.000	144	11	247	258	6	233	280	269	0.919	0.814
LOKIASV2_1209_ESMFold_hypothetical_protein	AF-D4A415-F1-model_v4	AF-D4A415-F1-model_v4 Abraxas 2, BRISC complex subunit	2.177E-06	1.000	144	2	256	258	1	268	424	300	0.988	0.632
LOKIASV2_1209_ESMFold_hypothetical_protein	AF-Q5RGA4-F1-model_v4	AF-Q5RGA4-F1-model_v4 Histone H2A deubiquitinase MYSM1	7.142E-06	1.000	144	9	184	258	513	672	822	192	0.682	0.195
LOKIASV2_1209_ESMFold_hypothetical_protein	AF-A0A2K6W3U5-F1-model_v4	AF-A0A2K6W3U5-F1-model_v4 MPN domain-containing protein	1.106E-05	1.000	143	12	219	258	3	192	200	226	0.806	0.950
LOKIASV2_1209_ESMFold_hypothetical_protein	AF-Q8AWD7-F1-model_v4	AF-Q8AWD7-F1-model_v4 ER membrane protein complex subunit 9	4.610E-06	1.000	143	11	196	258	2	166	205	200	0.721	0.805
LOKIASV2_1209_ESMFold_hypothetical_protein	AF-A0A0P0X2C5-F1-model_v4	AF-A0A0P0X2C5-F1-model_v4 Os07g0129600 protein	6.635E-07	1.000	143	1	215	258	13	256	258	275	0.833	0.946
LOKIASV2_1209_ESMFold_hypothetical_protein	AF-O43060-F1-model_v4	AF-O43060-F1-model_v4 Eukaryotic translation initiation factor 3 subunit F	4.283E-07	1.000	143	1	230	258	3	240	302	280	0.891	0.788
LOKIASV2_1209_ESMFold_hypothetical_protein	AF-A0A044V9V5-F1-model_v4	AF-A0A044V9V5-F1-model_v4 COP9 signalosome complex subunit 6	1.575E-07	1.000	143	3	247	258	10	255	323	281	0.950	0.762
LOKIASV2_1209_ESMFold_hypothetical_protein	AF-Q9DCH4-F1-model_v4	AF-Q9DCH4-F1-model_v4 Eukaryotic translation initiation factor 3 subunit F	1.676E-07	1.000	143	1	256	258	82	351	361	316	0.992	0.748
LOKIASV2_1209_ESMFold_hypothetical_protein	AF-Q4CYA0-F1-model_v4	AF-Q4CYA0-F1-model_v4 26S proteasome regulatory subunit RPN11	4.610E-06	1.000	143	11	241	258	83	329	363	277	0.895	0.680
LOKIASV2_1209_ESMFold_hypothetical_protein	AF-I1M5R8-F1-model_v4	AF-I1M5R8-F1-model_v4 MPN domain-containing protein	1.421E-05	1.000	143	10	169	258	3	146	436	171	0.620	0.330
LOKIASV2_1209_ESMFold_hypothetical_protein	AF-Q9FG71-F1-model_v4	AF-Q9FG71-F1-model_v4 ER membrane protein complex subunit 8/9 homolog	4.068E-06	1.000	142	6	208	258	3	195	208	233	0.787	0.928
LOKIASV2_1209_ESMFold_hypothetical_protein	AF-A0A044UZ48-F1-model_v4	AF-A0A044UZ48-F1-model_v4 26S proteasome regulatory subunit RPN11	7.063E-07	1.000	142	2	227	258	16	259	327	285	0.876	0.746
LOKIASV2_1209_ESMFold_hypothetical_protein	AF-Q9W1Y1-F1-model_v4	AF-Q9W1Y1-F1-model_v4 ER membrane protein complex subunit 8/9 homolog	1.335E-05	1.000	141	11	196	258	2	168	203	200	0.721	0.823
LOKIASV2_1209_ESMFold_hypothetical_protein	AF-C6TIT4-F1-model_v4	AF-C6TIT4-F1-model_v4 Eukaryotic translation initiation factor 3 subunit F	5.500E-07	1.000	141	1	247	258	3	241	289	282	0.957	0.827
LOKIASV2_1209_ESMFold_hypothetical_protein	AF-A0A0N4UJL6-F1-model_v4	AF-A0A0N4UJL6-F1-model_v4 MPN domain-containing protein	5.500E-07	1.000	141	11	249	258	5	250	293	287	0.926	0.840
LOKIASV2_1209_ESMFold_hypothetical_protein	AF-A4I9N5-F1-model_v4	AF-A4I9N5-F1-model_v4 26S proteasome regulatory subunit RPN11	6.709E-06	1.000	141	1	253	258	14	290	309	308	0.981	0.896
LOKIASV2_1209_ESMFold_hypothetical_protein	AF-C1GPD1-F1-model_v4	AF-C1GPD1-F1-model_v4 Eukaryotic translation initiation factor 3 subunit F	4.559E-07	1.000	141	1	256	258	14	293	351	319	0.992	0.798
LOKIASV2_1209_ESMFold_hypothetical_protein	AF-Q15018-F1-model_v4	AF-Q15018-F1-model_v4 BRISC complex subunit Abraxas 2	1.805E-06	1.000	141	12	256	258	2	259	415	290	0.950	0.622
LOKIASV2_1209_ESMFold_hypothetical_protein	AF-K7V686-F1-model_v4	AF-K7V686-F1-model_v4 Eukaryotic translation initiation factor 3 subunit F	4.023E-07	1.000	140	1	247	258	9	239	287	273	0.957	0.805
LOKIASV2_1209_ESMFold_hypothetical_protein	AF-I1LMP4-F1-model_v4	AF-I1LMP4-F1-model_v4 Eukaryotic translation initiation factor 3 subunit F	1.094E-06	1.000	140	9	247	258	19	240	288	262	0.926	0.771
LOKIASV2_1209_ESMFold_hypothetical_protein	AF-Q7XHK9-F1-model_v4	AF-Q7XHK9-F1-model_v4 Os07g0540200 protein	4.610E-06	1.000	140	1	198	258	3	190	292	226	0.767	0.644
LOKIASV2_1209_ESMFold_hypothetical_protein	AF-D4AC36-F1-model_v4	AF-D4AC36-F1-model_v4 Eukaryotic translation initiation factor 3 subunit F	2.943E-07	1.000	140	1	256	258	82	351	361	316	0.992	0.748
LOKIASV2_1209_ESMFold_hypothetical_protein	AF-A4I1K7-F1-model_v4	AF-A4I1K7-F1-model_v4 Hypothetical_protein_-_conserved	3.133E-07	1.000	139	10	255	258	4	279	326	312	0.953	0.847
LOKIASV2_1209_ESMFold_hypothetical_protein	AF-Q9FVU9-F1-model_v4	AF-Q9FVU9-F1-model_v4 COP9 signalosome complex subunit 5b	3.590E-06	1.000	139	11	231	258	57	284	358	264	0.857	0.637
LOKIASV2_1209_ESMFold_hypothetical_protein	AF-A0A175W6Z7-F1-model_v4	AF-A0A175W6Z7-F1-model_v4 Eukaryotic translation initiation factor 3 subunit F	1.805E-06	1.000	139	9	256	258	27	297	366	308	0.961	0.740
LOKIASV2_1209_ESMFold_hypothetical_protein	AF-U7PZH4-F1-model_v4	AF-U7PZH4-F1-model_v4 Eukaryotic translation initiation factor 3 subunit H	2.045E-06	1.000	139	1	198	258	1	219	372	258	0.767	0.589
LOKIASV2_1209_ESMFold_hypothetical_protein	AF-Q93568-F1-model_v4	AF-Q93568-F1-model_v4 MPN domain-containing protein	1.610E-05	1.000	138	9	195	258	1	159	196	194	0.725	0.811
LOKIASV2_1209_ESMFold_hypothetical_protein	AF-A0A0K0JAX4-F1-model_v4	AF-A0A0K0JAX4-F1-model_v4 Bm3583	2.494E-05	1.000	138	11	208	258	2	174	199	209	0.767	0.869
LOKIASV2_1209_ESMFold_hypothetical_protein	AF-C6T923-F1-model_v4	AF-C6T923-F1-model_v4 MPN domain-containing protein	1.513E-05	1.000	138	10	154	258	3	146	436	156	0.562	0.330
LOKIASV2_1209_ESMFold_hypothetical_protein	AF-Q59PG6-F1-model_v4	AF-Q59PG6-F1-model_v4 COP9 signalosome complex subunit 5	9.764E-06	1.000	138	11	196	258	73	284	609	242	0.721	0.348
LOKIASV2_1209_ESMFold_hypothetical_protein	AF-A0A3Q0KI52-F1-model_v4	AF-A0A3Q0KI52-F1-model_v4 Eukaryotic translation initiation factor 3 subunit 5 (M67 family)	1.405E-06	1.000	137	8	248	258	2	232	273	272	0.934	0.846
LOKIASV2_1209_ESMFold_hypothetical_protein	AF-A0A077Z0K6-F1-model_v4	AF-A0A077Z0K6-F1-model_v4 Eukaryotic translation initiation	1.094E-06	1.000	137	5	250	258	1	246	287	289	0.953	0.857
LOKIASV2_1209_ESMFold_hypothetical_protein	AF-F4JC55-F1-model_v4	AF-F4JC55-F1-model_v4 Mov34/MPN/PAD-1 family protein	1.610E-05	1.000	137	10	169	258	3	147	405	173	0.620	0.358
LOKIASV2_1209_ESMFold_hypothetical_protein	AF-Q69Z66-F1-model_v4	AF-Q69Z66-F1-model_v4 Deubiquitinase MYSM1	1.106E-05	1.000	137	9	199	258	564	747	819	223	0.740	0.225
LOKIASV2_1209_ESMFold_hypothetical_protein	AF-A0A3Q0KLT6-F1-model_v4	AF-A0A3Q0KLT6-F1-model_v4 Jab1/MPN domain metalloenzyme (M67 family)	3.590E-06	1.000	136	11	246	258	75	303	347	269	0.915	0.660
LOKIASV2_1209_ESMFold_hypothetical_protein	AF-E7F7R8-F1-model_v4	AF-E7F7R8-F1-model_v4 ER membrane protein complex subunit 8	1.178E-05	1.000	135	12	195	258	2	169	202	199	0.713	0.832
LOKIASV2_1209_ESMFold_hypothetical_protein	AF-C6TC72-F1-model_v4	AF-C6TC72-F1-model_v4 Eukaryotic translation initiation factor 3 subunit F	1.592E-06	1.000	135	1	247	258	1	241	289	284	0.957	0.834
LOKIASV2_1209_ESMFold_hypothetical_protein	AF-Q7XMI6-F1-model_v4	AF-Q7XMI6-F1-model_v4 Eukaryotic translation initiation factor 3 subunit H	1.513E-05	1.000	135	3	255	258	24	280	347	291	0.981	0.741
LOKIASV2_1209_ESMFold_hypothetical_protein	AF-A0A0J9Y695-F1-model_v4	AF-A0A0J9Y695-F1-model_v4 Eukaryotic translation initiation factor 3 subunit H	1.921E-06	1.000	135	1	256	258	1	288	365	319	0.992	0.789
LOKIASV2_1209_ESMFold_hypothetical_protein	AF-Q1LVP6-F1-model_v4	AF-Q1LVP6-F1-model_v4 BRCA1-A complex subunit Abraxas 1	5.500E-07	1.000	135	11	256	258	4	259	391	289	0.953	0.655
LOKIASV2_1209_ESMFold_hypothetical_protein	AF-Q8RW94-F1-model_v4	AF-Q8RW94-F1-model_v4 At1g80210/F18B13_28	1.714E-05	1.000	135	10	169	258	3	147	406	173	0.620	0.357
LOKIASV2_1209_ESMFold_hypothetical_protein	AF-Q5U1W7-F1-model_v4	AF-Q5U1W7-F1-model_v4 ER membrane protein complex subunit 9	1.421E-05	1.000	134	11	228	258	2	203	206	239	0.845	0.981
LOKIASV2_1209_ESMFold_hypothetical_protein	AF-Q75M19-F1-model_v4	AF-Q75M19-F1-model_v4 Eukaryotic translation initiation factor 3 subunit F	8.521E-07	1.000	134	9	247	258	15	236	284	265	0.926	0.782
LOKIASV2_1209_ESMFold_hypothetical_protein	AF-A0A0K0EEE9-F1-model_v4	AF-A0A0K0EEE9-F1-model_v4 MPN domain-containing protein	2.317E-06	1.000	134	5	239	258	25	284	325	293	0.911	0.800
LOKIASV2_1209_ESMFold_hypothetical_protein	AF-Q92905-F1-model_v4	AF-Q92905-F1-model_v4 COP9 signalosome complex subunit 5	2.976E-06	1.000	134	11	236	258	53	285	334	263	0.876	0.698
LOKIASV2_1209_ESMFold_hypothetical_protein	AF-C1H792-F1-model_v4	AF-C1H792-F1-model_v4 COP9 signalosome complex subunit 5	1.335E-05	1.000	134	11	254	258	49	307	342	295	0.946	0.757
LOKIASV2_1209_ESMFold_hypothetical_protein	AF-A0A3P7GBN5-F1-model_v4	AF-A0A3P7GBN5-F1-model_v4 Eukaryotic translation initiation factor 3 subunit H	4.068E-06	1.000	134	1	256	258	1	288	382	319	0.992	0.754
LOKIASV2_1209_ESMFold_hypothetical_protein	AF-Q08CH3-F1-model_v4	AF-Q08CH3-F1-model_v4 MPN domain-containing protein	2.626E-06	1.000	134	9	199	258	225	411	458	216	0.740	0.408
LOKIASV2_1209_ESMFold_hypothetical_protein	AF-Q8RY09-F1-model_v4	AF-Q8RY09-F1-model_v4 AT3g08780/F17O14_25	1.805E-06	1.000	133	8	257	258	4	306	313	334	0.969	0.968
LOKIASV2_1209_ESMFold_hypothetical_protein	AF-A0A0K0JZZ2-F1-model_v4	AF-A0A0K0JZZ2-F1-model_v4 Bm9636	1.191E-04	1.000	132	1	128	258	159	288	345	142	0.496	0.377
LOKIASV2_1209_ESMFold_hypothetical_protein	AF-A0A1P6BSX5-F1-model_v4	AF-A0A1P6BSX5-F1-model_v4 BMA-CSN-5, isoform d	3.590E-06	1.000	132	11	254	258	62	321	357	297	0.946	0.728
LOKIASV2_1209_ESMFold_hypothetical_protein	AF-F7EUU4-F1-model_v4	AF-F7EUU4-F1-model_v4 COP9 signalosome subunit 5	3.372E-06	1.000	132	11	235	258	108	339	389	262	0.872	0.596
LOKIASV2_1209_ESMFold_hypothetical_protein	AF-D4A7T9-F1-model_v4	AF-D4A7T9-F1-model_v4 Myb-like, SWIRM and MPN domain-containing protein 1	9.764E-06	1.000	132	9	250	258	556	808	811	292	0.938	0.312
LOKIASV2_1209_ESMFold_hypothetical_protein	AF-A0A1C1CTP9-F1-model_v4	AF-A0A1C1CTP9-F1-model_v4 Eukaryotic translation initiation factor 3 subunit H	8.094E-06	1.000	131	1	198	258	29	240	406	249	0.767	0.522
LOKIASV2_1209_ESMFold_hypothetical_protein	AF-O70378-F1-model_v4	AF-O70378-F1-model_v4 ER membrane protein complex subunit 8	1.106E-05	1.000	130	11	212	258	2	192	207	221	0.783	0.923
LOKIASV2_1209_ESMFold_hypothetical_protein	AF-A0A3P7EW17-F1-model_v4	AF-A0A3P7EW17-F1-model_v4 Uncharacterized protein	4.379E-05	1.000	130	1	208	258	29	211	236	221	0.806	0.775
LOKIASV2_1209_ESMFold_hypothetical_protein	AF-A0A3P7DRZ4-F1-model_v4	AF-A0A3P7DRZ4-F1-model_v4 COP9 signalosome complex subunit 6	2.440E-07	1.000	130	3	247	258	11	257	332	275	0.950	0.744
LOKIASV2_1209_ESMFold_hypothetical_protein	AF-Q54PF3-F1-model_v4	AF-Q54PF3-F1-model_v4 COP9 signalosome complex subunit 5	4.331E-06	1.000	130	11	232	258	52	280	332	259	0.860	0.690
LOKIASV2_1209_ESMFold_hypothetical_protein	AF-O35864-F1-model_v4	AF-O35864-F1-model_v4 COP9 signalosome complex subunit 5	4.908E-06	1.000	130	11	236	258	53	285	334	263	0.876	0.698
LOKIASV2_1209_ESMFold_hypothetical_protein	AF-A0A044TN62-F1-model_v4	AF-A0A044TN62-F1-model_v4 Eukaryotic translation initiation factor 3 subunit H	5.920E-06	1.000	130	8	256	258	6	283	358	310	0.965	0.777
LOKIASV2_1209_ESMFold_hypothetical_protein	AF-Q8H936-F1-model_v4	AF-Q8H936-F1-model_v4 COP9 signalosome complex subunit 5	1.028E-06	1.000	130	11	231	258	58	285	360	262	0.857	0.633
LOKIASV2_1209_ESMFold_hypothetical_protein	AF-B4FUK9-F1-model_v4	AF-B4FUK9-F1-model_v4 COP9 signalosome complex subunit 5b	2.626E-06	1.000	130	11	231	258	58	285	362	260	0.857	0.630
LOKIASV2_1209_ESMFold_hypothetical_protein	AF-Q4CYA6-F1-model_v4	AF-Q4CYA6-F1-model_v4 Proteasome regulatory non-ATPase subunit 8, putative	2.976E-06	1.000	130	12	250	258	85	318	406	264	0.926	0.576
LOKIASV2_1209_ESMFold_hypothetical_protein	AF-A0A077ZAI8-F1-model_v4	AF-A0A077ZAI8-F1-model_v4 Eukaryotic translation initiation factor 3 subuni t H	8.616E-06	1.000	130	1	257	258	58	329	1020	302	0.996	0.267
LOKIASV2_1209_ESMFold_hypothetical_protein	AF-A0A132ZEM0-F1-model_v4	AF-A0A132ZEM0-F1-model_v4 Prok-JAB domain-containing protein	7.222E-05	1.000	129	13	178	258	11	149	153	185	0.643	0.908
LOKIASV2_1209_ESMFold_hypothetical_protein	AF-Q5FVL2-F1-model_v4	AF-Q5FVL2-F1-model_v4 ER membrane protein complex subunit 8	1.942E-05	1.000	129	11	212	258	2	192	207	221	0.783	0.923
LOKIASV2_1209_ESMFold_hypothetical_protein	AF-O74440-F1-model_v4	AF-O74440-F1-model_v4 26S proteasome regulatory subunit rpn8	1.094E-06	1.000	129	1	250	258	5	242	324	286	0.969	0.735
LOKIASV2_1209_ESMFold_hypothetical_protein	AF-Q3TCJ1-F1-model_v4	AF-Q3TCJ1-F1-model_v4 BRISC complex subunit Abraxas 2	6.709E-06	1.000	129	12	256	258	2	259	415	290	0.950	0.622
LOKIASV2_1209_ESMFold_hypothetical_protein	AF-B0BMT2-F1-model_v4	AF-B0BMT2-F1-model_v4 MPN domain-containing	2.626E-06	1.000	129	9	212	258	254	464	487	238	0.791	0.433
LOKIASV2_1209_ESMFold_hypothetical_protein	AF-Q9DB76-F1-model_v4	AF-Q9DB76-F1-model_v4 ER membrane protein complex subunit 9	2.827E-05	1.000	128	11	195	258	2	166	206	201	0.717	0.801
LOKIASV2_1209_ESMFold_hypothetical_protein	AF-A0A0I9R2Z7-F1-model_v4	AF-A0A0I9R2Z7-F1-model_v4 BMA-EIF-3.F	4.068E-06	1.000	128	11	249	258	5	252	295	284	0.926	0.841
LOKIASV2_1209_ESMFold_hypothetical_protein	AF-A0A044QVK1-F1-model_v4	AF-A0A044QVK1-F1-model_v4 MPN domain-containing protein	2.467E-06	1.000	128	11	249	258	5	254	297	294	0.926	0.842
LOKIASV2_1209_ESMFold_hypothetical_protein	AF-Q6PC30-F1-model_v4	AF-Q6PC30-F1-model_v4 COP9 signalosome complex subunit 5	5.224E-06	1.000	128	11	231	258	51	278	334	258	0.857	0.683
LOKIASV2_1209_ESMFold_hypothetical_protein	AF-C0NJF2-F1-model_v4	AF-C0NJF2-F1-model_v4 Eukaryotic translation initiation factor 3 subunit H	9.764E-06	1.000	128	8	200	258	6	208	365	242	0.748	0.556
LOKIASV2_1209_ESMFold_hypothetical_protein	AF-O01974-F1-model_v4	AF-O01974-F1-model_v4 Eukaryotic translation initiation factor 3 subunit H	8.616E-06	1.000	128	1	256	258	1	280	365	315	0.992	0.767
LOKIASV2_1209_ESMFold_hypothetical_protein	AF-O43402-F1-model_v4	AF-O43402-F1-model_v4 ER membrane protein complex subunit 8	1.942E-05	1.000	127	11	219	258	2	204	210	236	0.810	0.967
LOKIASV2_1209_ESMFold_hypothetical_protein	AF-A4HT47-F1-model_v4	AF-A4HT47-F1-model_v4 Uncharacterized_protein_family_(UPF0172)_-_putati ve	7.688E-05	1.000	127	6	129	258	1	151	254	155	0.481	0.594
LOKIASV2_1209_ESMFold_hypothetical_protein	AF-A0A044T8X7-F1-model_v4	AF-A0A044T8X7-F1-model_v4 MPN domain-containing protein	1.628E-04	1.000	126	1	128	258	162	288	345	139	0.496	0.368
LOKIASV2_1209_ESMFold_hypothetical_protein	AF-J9BLC6-F1-model_v4	AF-J9BLC6-F1-model_v4 Mov34/MPN/PAD-1 family protein	1.805E-06	1.000	125	12	249	258	6	258	301	288	0.922	0.841
LOKIASV2_1209_ESMFold_hypothetical_protein	AF-Q4CUS2-F1-model_v4	AF-Q4CUS2-F1-model_v4 Metallopeptidase, putative	8.616E-06	1.000	125	8	245	258	4	301	303	329	0.922	0.983
LOKIASV2_1209_ESMFold_hypothetical_protein	AF-Q8LAZ7-F1-model_v4	AF-Q8LAZ7-F1-model_v4 COP9 signalosome complex subunit 5a	2.467E-06	1.000	125	11	236	258	57	289	357	265	0.876	0.653
LOKIASV2_1209_ESMFold_hypothetical_protein	AF-Q95PZ0-F1-model_v4	AF-Q95PZ0-F1-model_v4 COP9 signalosome complex subunit 6	3.372E-06	1.000	125	10	255	258	11	272	426	302	0.953	0.615
LOKIASV2_1209_ESMFold_hypothetical_protein	AF-A0A077Z9V8-F1-model_v4	AF-A0A077Z9V8-F1-model_v4 UPF0172 domain containing protein	2.858E-04	1.000	124	11	119	258	2	116	147	122	0.422	0.782
LOKIASV2_1209_ESMFold_hypothetical_protein	AF-A1Z6K7-F1-model_v4	AF-A1Z6K7-F1-model_v4 Eukaryotic translation initiation factor 3 subunit F-2	2.626E-06	1.000	124	2	248	258	1	239	285	280	0.957	0.839
LOKIASV2_1209_ESMFold_hypothetical_protein	AF-Q4D3R6-F1-model_v4	AF-Q4D3R6-F1-model_v4 Metallopeptidase, putative	1.106E-05	1.000	124	8	245	258	4	303	305	329	0.922	0.984
LOKIASV2_1209_ESMFold_hypothetical_protein	AF-Q54UD0-F1-model_v4	AF-Q54UD0-F1-model_v4 Eukaryotic translation initiation factor 3 subunit H	2.343E-05	1.000	124	6	252	258	12	259	319	283	0.957	0.777
LOKIASV2_1209_ESMFold_hypothetical_protein	AF-Q4DXR1-F1-model_v4	AF-Q4DXR1-F1-model_v4 JAB_MPN domain-containing protein	1.695E-06	1.000	124	6	217	258	1	210	345	242	0.822	0.609
LOKIASV2_1209_ESMFold_hypothetical_protein	AF-Q9XZ58-F1-model_v4	AF-Q9XZ58-F1-model_v4 COP9 signalosome complex subunit 5	3.590E-06	1.000	123	11	247	258	50	293	327	276	0.919	0.746
LOKIASV2_1209_ESMFold_hypothetical_protein	AF-A0A1C1C8E6-F1-model_v4	AF-A0A1C1C8E6-F1-model_v4 COP9 signalosome complex subunit 5	1.921E-06	1.000	123	11	258	258	52	297	369	286	0.961	0.667
LOKIASV2_1209_ESMFold_hypothetical_protein	AF-Q4DH98-F1-model_v4	AF-Q4DH98-F1-model_v4 Proteasome regulatory non-ATPase subunit 8, putative	7.142E-06	1.000	123	8	250	258	43	282	370	268	0.942	0.649
LOKIASV2_1209_ESMFold_hypothetical_protein	AF-Q54Z40-F1-model_v4	AF-Q54Z40-F1-model_v4 Myb-like protein H	8.616E-06	1.000	123	9	199	258	774	966	1217	236	0.740	0.159
LOKIASV2_1209_ESMFold_hypothetical_protein	AF-A0A1D6EED4-F1-model_v4	AF-A0A1D6EED4-F1-model_v4 ER membrane protein complex subunit 8/9-like protein	3.671E-04	1.000	122	9	114	258	1	110	145	112	0.411	0.759
LOKIASV2_1209_ESMFold_hypothetical_protein	AF-A0A1D6NQ33-F1-model_v4	AF-A0A1D6NQ33-F1-model_v4 Uncharacterized protein	9.764E-06	1.000	122	1	200	258	3	198	287	245	0.775	0.683
LOKIASV2_1209_ESMFold_hypothetical_protein	AF-Q18967-F1-model_v4	AF-Q18967-F1-model_v4 Eukaryotic translation initiation factor 3 subunit F	9.764E-06	1.000	122	12	250	258	6	252	294	288	0.926	0.840
LOKIASV2_1209_ESMFold_hypothetical_protein	AF-Q5AG96-F1-model_v4	AF-Q5AG96-F1-model_v4 JAB_MPN domain-containing protein	1.039E-05	1.000	121	9	255	258	25	283	335	301	0.957	0.773
LOKIASV2_1209_ESMFold_hypothetical_protein	AF-A4I7K3-F1-model_v4	AF-A4I7K3-F1-model_v4 19S_proteasome_non-atpase_subunit_8	3.590E-06	1.000	120	1	247	258	26	274	359	291	0.957	0.694
LOKIASV2_1209_ESMFold_hypothetical_protein	AF-Q388E9-F1-model_v4	AF-Q388E9-F1-model_v4 Proteasome regulatory non-ATPase subunit 8	1.094E-06	1.000	120	1	252	258	36	280	381	281	0.977	0.643
LOKIASV2_1209_ESMFold_hypothetical_protein	AF-Q5PR67-F1-model_v4	AF-Q5PR67-F1-model_v4 Eukaryotic translation initiation factor 3 subunit H-B	5.624E-05	1.000	119	1	257	258	8	264	333	294	0.996	0.772
LOKIASV2_1209_ESMFold_hypothetical_protein	AF-Q9C5Z2-F1-model_v4	AF-Q9C5Z2-F1-model_v4 Eukaryotic translation initiation factor 3 subunit H	4.114E-05	1.000	119	1	253	258	1	261	337	295	0.981	0.774
LOKIASV2_1209_ESMFold_hypothetical_protein	AF-A0A1D6J5G8-F1-model_v4	AF-A0A1D6J5G8-F1-model_v4 Eukaryotic translation initiation factor 3 subunit H	3.630E-05	1.000	119	3	255	258	50	306	373	294	0.981	0.689
LOKIASV2_1209_ESMFold_hypothetical_protein	AF-Q4CMJ7-F1-model_v4	AF-Q4CMJ7-F1-model_v4 Metallopeptidase, putative	4.379E-05	1.000	118	8	245	258	4	305	307	331	0.922	0.984
LOKIASV2_1209_ESMFold_hypothetical_protein	AF-Q4DQZ2-F1-model_v4	AF-Q4DQZ2-F1-model_v4 JAB_MPN domain-containing protein	4.908E-06	1.000	118	6	253	258	1	269	345	308	0.961	0.780
LOKIASV2_1209_ESMFold_hypothetical_protein	AF-Q5VVJ2-F1-model_v4	AF-Q5VVJ2-F1-model_v4 Deubiquitinase MYSM1	9.172E-06	1.000	118	9	216	258	573	751	828	231	0.806	0.216
LOKIASV2_1209_ESMFold_hypothetical_protein	AF-I1N504-F1-model_v4	AF-I1N504-F1-model_v4 Eukaryotic translation initiation factor 3 subunit H	4.379E-05	1.000	116	4	253	258	15	261	337	283	0.969	0.733
LOKIASV2_1209_ESMFold_hypothetical_protein	AF-C6TN20-F1-model_v4	AF-C6TN20-F1-model_v4 Eukaryotic translation initiation factor 3 subunit H	5.624E-05	1.000	116	3	253	258	16	263	339	286	0.973	0.732
LOKIASV2_1209_ESMFold_hypothetical_protein	AF-A0A0D2HCH1-F1-model_v4	AF-A0A0D2HCH1-F1-model_v4 COP9 signalosome complex subunit 5	4.908E-06	1.000	116	11	232	258	52	296	370	272	0.860	0.662
LOKIASV2_1209_ESMFold_hypothetical_protein	AF-K7TNP5-F1-model_v4	AF-K7TNP5-F1-model_v4 Eukaryotic translation initiation factor 3 subunit H	2.827E-05	1.000	115	1	255	258	10	276	343	308	0.988	0.778
LOKIASV2_1209_ESMFold_hypothetical_protein	AF-A0A0J9Y997-F1-model_v4	AF-A0A0J9Y997-F1-model_v4 COP9 signalosome complex subunit 6	6.233E-07	1.000	114	3	247	258	6	252	320	289	0.950	0.772
LOKIASV2_1209_ESMFold_hypothetical_protein	AF-Q9U9Q4-F1-model_v4	AF-Q9U9Q4-F1-model_v4 Eukaryotic translation initiation factor 3 subunit H	3.630E-05	1.000	114	6	255	258	15	273	338	298	0.969	0.766
LOKIASV2_1209_ESMFold_hypothetical_protein	AF-O15372-F1-model_v4	AF-O15372-F1-model_v4 Eukaryotic translation initiation factor 3 subunit H	3.864E-05	1.000	114	1	257	258	29	283	352	296	0.996	0.724
LOKIASV2_1209_ESMFold_hypothetical_protein	AF-Q3TV65-F1-model_v4	AF-Q3TV65-F1-model_v4 MPN domain-containing protein	9.172E-06	1.000	114	9	212	258	254	464	487	240	0.791	0.433
LOKIASV2_1209_ESMFold_hypothetical_protein	AF-A0A0N4U1L8-F1-model_v4	AF-A0A0N4U1L8-F1-model_v4 MPN domain-containing protein	1.254E-05	1.000	113	6	232	258	13	232	238	258	0.880	0.924
LOKIASV2_1209_ESMFold_hypothetical_protein	AF-I1LMP2-F1-model_v4	AF-I1LMP2-F1-model_v4 MPN domain-containing protein	5.224E-06	1.000	113	1	250	258	4	243	309	280	0.969	0.777
LOKIASV2_1209_ESMFold_hypothetical_protein	AF-Q6AXJ2-F1-model_v4	AF-Q6AXJ2-F1-model_v4 Eukaryotic translation initiation factor 3 subunit H-A	3.630E-05	1.000	113	1	257	258	10	266	335	295	0.996	0.767
LOKIASV2_1209_ESMFold_hypothetical_protein	AF-A0A077ZK69-F1-model_v4	AF-A0A077ZK69-F1-model_v4 26S proteasome non ATPase regulatory subunit 7	2.827E-05	1.000	113	10	251	258	30	260	336	272	0.938	0.688
LOKIASV2_1209_ESMFold_hypothetical_protein	AF-Q4DDT1-F1-model_v4	AF-Q4DDT1-F1-model_v4 Metallopeptidase, putative	4.963E-05	1.000	112	11	255	258	59	331	398	313	0.950	0.686
LOKIASV2_1209_ESMFold_hypothetical_protein	AF-Q4DPM7-F1-model_v4	AF-Q4DPM7-F1-model_v4 Metallopeptidase, putative	8.712E-05	1.000	112	11	255	258	59	331	398	328	0.950	0.686
LOKIASV2_1209_ESMFold_hypothetical_protein	AF-A0A0D2H4Z4-F1-model_v4	AF-A0A0D2H4Z4-F1-model_v4 Eukaryotic translation initiation factor 3 subunit H	9.873E-05	1.000	111	1	195	258	25	241	406	251	0.756	0.534
LOKIASV2_1209_ESMFold_hypothetical_protein	AF-A0A0D2GEG3-F1-model_v4	AF-A0A0D2GEG3-F1-model_v4 Unplaced genomic scaffold supercont1.4, whole genome shotgun sequence	3.203E-05	1.000	110	10	250	258	13	241	357	273	0.934	0.641
LOKIASV2_1209_ESMFold_hypothetical_protein	AF-A0A0H3GZ85-F1-model_v4	AF-A0A0H3GZ85-F1-model_v4 Putative phage tail protein	2.251E-03	1.000	109	19	137	258	13	115	265	119	0.461	0.389
LOKIASV2_1209_ESMFold_hypothetical_protein	AF-Q54WI8-F1-model_v4	AF-Q54WI8-F1-model_v4 26S proteasome non-ATPase regulatory subunit 7	5.224E-06	1.000	109	6	247	258	1	233	325	272	0.938	0.717
LOKIASV2_1209_ESMFold_hypothetical_protein	AF-A0A1C1CAC7-F1-model_v4	AF-A0A1C1CAC7-F1-model_v4 26S proteasome regulatory subunit rpn-8	3.410E-05	1.000	109	10	250	258	13	241	357	273	0.934	0.641
LOKIASV2_1209_ESMFold_hypothetical_protein	AF-Q580Y4-F1-model_v4	AF-Q580Y4-F1-model_v4 JAB_MPN domain-containing protein	3.203E-05	1.000	109	1	231	258	5	288	368	310	0.895	0.772
LOKIASV2_1209_ESMFold_hypothetical_protein	AF-A0A175WEG5-F1-model_v4	AF-A0A175WEG5-F1-model_v4 Eukaryotic translation initiation factor 3 subunit H	6.373E-05	1.000	109	9	198	258	8	226	379	258	0.736	0.578
LOKIASV2_1209_ESMFold_hypothetical_protein	AF-Q8VYB5-F1-model_v4	AF-Q8VYB5-F1-model_v4 AMSH-like ubiquitin thioesterase 1	2.522E-04	1.000	109	2	128	258	322	444	507	140	0.492	0.243
LOKIASV2_1209_ESMFold_hypothetical_protein	AF-Q580G6-F1-model_v4	AF-Q580G6-F1-model_v4 Uncharacterized protein	1.845E-04	1.000	108	1	217	258	1	247	272	286	0.841	0.908
LOKIASV2_1209_ESMFold_hypothetical_protein	AF-A0A0K0EK04-F1-model_v4	AF-A0A0K0EK04-F1-model_v4 Uncharacterized protein	2.068E-05	1.000	108	10	256	258	3	281	291	321	0.957	0.959
LOKIASV2_1209_ESMFold_hypothetical_protein	AF-A0A1D6DUW9-F1-model_v4	AF-A0A1D6DUW9-F1-model_v4 26S proteasome non-ATPase regulatory subunit 7 homolog A	4.331E-06	1.000	108	3	230	258	7	226	319	260	0.884	0.690
LOKIASV2_1209_ESMFold_hypothetical_protein	AF-Q8I2X0-F1-model_v4	AF-Q8I2X0-F1-model_v4 Eukaryotic translation initiation factor 3 subunit F, putative	4.963E-05	1.000	108	6	248	258	23	274	320	290	0.942	0.788
LOKIASV2_1209_ESMFold_hypothetical_protein	AF-Q08723-F1-model_v4	AF-Q08723-F1-model_v4 26S proteasome regulatory subunit RPN8	1.421E-05	1.000	108	10	250	258	5	234	338	274	0.934	0.680
LOKIASV2_1209_ESMFold_hypothetical_protein	AF-A0A0K0E6L5-F1-model_v4	AF-A0A0K0E6L5-F1-model_v4 MPN domain-containing protein	5.624E-05	1.000	108	6	254	258	1	278	353	312	0.965	0.788
LOKIASV2_1209_ESMFold_hypothetical_protein	AF-Q0DGB3-F1-model_v4	AF-Q0DGB3-F1-model_v4 Os05g0542600 protein	3.908E-04	1.000	108	10	147	258	3	175	420	175	0.535	0.412
LOKIASV2_1209_ESMFold_hypothetical_protein	AF-Q8N594-F1-model_v4	AF-Q8N594-F1-model_v4 MPN domain-containing protein	2.827E-05	1.000	108	9	200	258	268	425	471	204	0.744	0.335
LOKIASV2_1209_ESMFold_hypothetical_protein	AF-O24412-F1-model_v4	AF-O24412-F1-model_v4 26S proteasome non-ATPase regulatory subunit 7 homolog A	1.254E-05	1.000	107	3	252	258	7	264	308	299	0.969	0.838
LOKIASV2_1209_ESMFold_hypothetical_protein	AF-I1MZ47-F1-model_v4	AF-I1MZ47-F1-model_v4 MPN domain-containing protein	1.178E-05	1.000	107	3	250	258	6	243	309	278	0.961	0.770
LOKIASV2_1209_ESMFold_hypothetical_protein	AF-A0A3Q0KDL7-F1-model_v4	AF-A0A3Q0KDL7-F1-model_v4 26S proteasome non-ATPase regulatory subunit 7 (M67 family)	1.513E-05	1.000	107	1	230	258	12	235	349	265	0.891	0.642
LOKIASV2_1209_ESMFold_hypothetical_protein	AF-Q6P9U8-F1-model_v4	AF-Q6P9U8-F1-model_v4 Eukaryotic translation initiation factor 3 subunit H	8.184E-05	1.000	107	1	257	258	29	283	352	295	0.996	0.724
LOKIASV2_1209_ESMFold_hypothetical_protein	AF-Q91WK2-F1-model_v4	AF-Q91WK2-F1-model_v4 Eukaryotic translation initiation factor 3 subunit H	1.119E-04	1.000	107	1	257	258	26	283	352	296	0.996	0.733
LOKIASV2_1209_ESMFold_hypothetical_protein	AF-A0A1D8PNA8-F1-model_v4	AF-A0A1D8PNA8-F1-model_v4 Proteasome regulatory particle lid subunit	2.343E-05	1.000	106	2	250	258	7	243	330	282	0.965	0.718
LOKIASV2_1209_ESMFold_hypothetical_protein	AF-A4HTE9-F1-model_v4	AF-A4HTE9-F1-model_v4 Hypothetical_protein_-_conserved	3.009E-05	1.000	106	10	236	258	38	289	335	290	0.880	0.752
LOKIASV2_1209_ESMFold_hypothetical_protein	AF-Q9VKJ1-F1-model_v4	AF-Q9VKJ1-F1-model_v4 MPN domain-containing protein CG4751	6.373E-05	1.000	106	8	201	258	279	482	1412	235	0.752	0.144
LOKIASV2_1209_ESMFold_hypothetical_protein	AF-A0A1D6JGZ2-F1-model_v4	AF-A0A1D6JGZ2-F1-model_v4 26S proteasome non-ATPase regulatory subunit 7 homolog A	1.335E-05	1.000	105	2	252	258	6	241	331	280	0.973	0.713
LOKIASV2_1209_ESMFold_hypothetical_protein	AF-A0A077Z5D0-F1-model_v4	AF-A0A077Z5D0-F1-model_v4 26S proteasome non ATPase regulatory subunit 7	7.222E-05	1.000	105	10	252	258	38	293	347	297	0.942	0.738
LOKIASV2_1209_ESMFold_hypothetical_protein	AF-A0A0R4J3Q1-F1-model_v4	AF-A0A0R4J3Q1-F1-model_v4 MPN domain-containing protein	4.714E-04	1.000	105	1	128	258	313	436	499	141	0.496	0.248
LOKIASV2_1209_ESMFold_hypothetical_protein	AF-Q9C774-F1-model_v4	AF-Q9C774-F1-model_v4 26S proteasome non-ATPase regulatory subunit 7 homolog B	6.709E-06	1.000	104	3	252	258	7	264	310	299	0.969	0.832
LOKIASV2_1209_ESMFold_hypothetical_protein	AF-A0A3Q0KV84-F1-model_v4	AF-A0A3Q0KV84-F1-model_v4 Eukaryotic translation initiation factor 3 subunit H	1.646E-03	1.000	104	2	125	258	1	128	351	136	0.481	0.365
LOKIASV2_1209_ESMFold_hypothetical_protein	AF-Q6TH47-F1-model_v4	AF-Q6TH47-F1-model_v4 STAM-binding protein-like A	1.063E-03	1.000	104	1	128	258	224	362	418	152	0.496	0.333
LOKIASV2_1209_ESMFold_hypothetical_protein	AF-Q8I323-F1-model_v4	AF-Q8I323-F1-model_v4 26S proteasome regulatory subunit RPN8, putative	1.513E-05	1.000	103	11	232	258	20	228	338	247	0.860	0.618
LOKIASV2_1209_ESMFold_hypothetical_protein	AF-Q9UT48-F1-model_v4	AF-Q9UT48-F1-model_v4 Eukaryotic translation initiation factor 3 subunit H	1.529E-04	1.000	103	1	255	258	4	300	357	331	0.988	0.832
LOKIASV2_1209_ESMFold_hypothetical_protein	AF-Q4DL11-F1-model_v4	AF-Q4DL11-F1-model_v4 Metallopeptidase, putative	1.350E-04	1.000	103	11	234	258	59	332	412	312	0.868	0.665
LOKIASV2_1209_ESMFold_hypothetical_protein	AF-A0A044TU88-F1-model_v4	AF-A0A044TU88-F1-model_v4 MPN domain-containing protein	5.624E-05	1.000	102	1	230	258	26	248	359	263	0.891	0.621
LOKIASV2_1209_ESMFold_hypothetical_protein	AF-A0A0R4IIS6-F1-model_v4	AF-A0A0R4IIS6-F1-model_v4 STAM-binding protein b	1.547E-03	1.000	101	1	133	258	238	378	421	153	0.516	0.335
LOKIASV2_1209_ESMFold_hypothetical_protein	AF-A4HWY1-F1-model_v4	AF-A4HWY1-F1-model_v4 COP9_signalosome_complex_subunit_5_-_putative	1.529E-04	1.000	101	6	230	258	63	334	474	293	0.872	0.574
LOKIASV2_1209_ESMFold_hypothetical_protein	AF-I1KIY6-F1-model_v4	AF-I1KIY6-F1-model_v4 MPN domain-containing protein	7.303E-04	1.000	101	1	128	258	333	456	519	141	0.496	0.239
LOKIASV2_1209_ESMFold_hypothetical_protein	AF-W6JQK2-F1-model_v4	AF-W6JQK2-F1-model_v4 Uncharacterized protein SPBC651.07	3.239E-04	0.999	99	12	258	258	1	232	268	284	0.957	0.866
LOKIASV2_1209_ESMFold_hypothetical_protein	AF-A0A0N4U3S2-F1-model_v4	AF-A0A0N4U3S2-F1-model_v4 MPN domain-containing protein	5.750E-03	0.999	99	12	128	258	184	297	353	125	0.453	0.323
LOKIASV2_1209_ESMFold_hypothetical_protein	AF-C1HB79-F1-model_v4	AF-C1HB79-F1-model_v4 26S proteasome regulatory subunit rpn-8	6.784E-05	0.999	98	1	250	258	1	241	362	282	0.969	0.666
LOKIASV2_1209_ESMFold_hypothetical_protein	AF-A0A3P7E9E2-F1-model_v4	AF-A0A3P7E9E2-F1-model_v4 MPN domain-containing protein	1.437E-04	0.999	98	1	249	258	26	264	399	276	0.965	0.599
LOKIASV2_1209_ESMFold_hypothetical_protein	AF-O61792-F1-model_v4	AF-O61792-F1-model_v4 MPN domain-containing protein	9.873E-05	0.999	97	1	252	258	29	266	362	282	0.977	0.657
LOKIASV2_1209_ESMFold_hypothetical_protein	AF-Q8IHW7-F1-model_v4	AF-Q8IHW7-F1-model_v4 ER membrane protein complex subunit 8, putative	1.753E-03	0.999	96	10	211	258	3	185	198	220	0.783	0.924
LOKIASV2_1209_ESMFold_hypothetical_protein	AF-Q57VN5-F1-model_v4	AF-Q57VN5-F1-model_v4 Uncharacterized protein	3.239E-04	0.999	96	1	236	258	17	290	331	308	0.915	0.828
LOKIASV2_1209_ESMFold_hypothetical_protein	AF-A0A0K0EH53-F1-model_v4	AF-A0A0K0EH53-F1-model_v4 Uncharacterized protein	1.547E-03	0.998	95	7	128	258	179	289	353	128	0.473	0.314
LOKIASV2_1209_ESMFold_hypothetical_protein	AF-Q9VA71-F1-model_v4	AF-Q9VA71-F1-model_v4 FI19924p1	1.453E-03	0.998	95	10	128	258	247	361	420	135	0.461	0.274
LOKIASV2_1209_ESMFold_hypothetical_protein	AF-A0A1D6MBH7-F1-model_v4	AF-A0A1D6MBH7-F1-model_v4 Mov34/MPN/PAD-1 family protein	3.487E-03	0.998	95	9	169	258	2	146	424	172	0.624	0.342
LOKIASV2_1209_ESMFold_hypothetical_protein	AF-D4AEH3-F1-model_v4	AF-D4AEH3-F1-model_v4 Proteasome (Prosome, macropain) 26S subunit, non-ATPase, 7 (Predicted)	4.963E-05	0.998	94	5	230	258	1	218	320	261	0.876	0.681
LOKIASV2_1209_ESMFold_hypothetical_protein	AF-U7PN29-F1-model_v4	AF-U7PN29-F1-model_v4 26S proteasome regulatory subunit rpn-8	1.119E-04	0.998	94	1	232	258	1	225	381	266	0.899	0.591
LOKIASV2_1209_ESMFold_hypothetical_protein	AF-A0A0K0IZC4-F1-model_v4	AF-A0A0K0IZC4-F1-model_v4 Bm13870	1.191E-04	0.998	93	4	230	258	29	248	359	257	0.880	0.613
LOKIASV2_1209_ESMFold_hypothetical_protein	AF-P26270-F1-model_v4	AF-P26270-F1-model_v4 26S proteasome non-ATPase regulatory subunit 7	1.350E-04	0.997	92	1	230	258	1	221	338	268	0.891	0.654
LOKIASV2_1209_ESMFold_hypothetical_protein	AF-A0A0K0E6L8-F1-model_v4	AF-A0A0K0E6L8-F1-model_v4 MPN domain-containing protein	3.630E-05	0.997	92	2	247	258	36	272	350	270	0.953	0.677
LOKIASV2_1209_ESMFold_hypothetical_protein	AF-A0A158Q575-F1-model_v4	AF-A0A158Q575-F1-model_v4 Uncharacterized protein	1.646E-03	0.997	92	1	184	258	4	172	419	212	0.713	0.403
LOKIASV2_1209_ESMFold_hypothetical_protein	AF-I1L4B5-F1-model_v4	AF-I1L4B5-F1-model_v4 MPN domain-containing protein	2.114E-03	0.997	92	1	128	258	334	457	520	144	0.496	0.238
LOKIASV2_1209_ESMFold_hypothetical_protein	AF-A0A0N7KJV4-F1-model_v4	AF-A0A0N7KJV4-F1-model_v4 Os04g0661900 protein	4.714E-04	0.997	91	2	181	258	6	168	170	208	0.698	0.959
LOKIASV2_1209_ESMFold_hypothetical_protein	AF-Q4DG61-F1-model_v4	AF-Q4DG61-F1-model_v4 JAB_MPN domain-containing protein	1.119E-04	0.997	91	10	249	258	24	313	395	318	0.930	0.734
LOKIASV2_1209_ESMFold_hypothetical_protein	AF-K7K687-F1-model_v4	AF-K7K687-F1-model_v4 MPN domain-containing protein	2.551E-03	0.996	90	20	128	258	66	170	183	119	0.422	0.574
LOKIASV2_1209_ESMFold_hypothetical_protein	AF-A0A0P0XT73-F1-model_v4	AF-A0A0P0XT73-F1-model_v4 Os10g0188900 protein	3.043E-04	0.996	90	1	188	258	38	230	308	229	0.729	0.627
LOKIASV2_1209_ESMFold_hypothetical_protein	AF-C0NYE5-F1-model_v4	AF-C0NYE5-F1-model_v4 26S proteasome regulatory subunit	8.184E-05	0.996	90	8	249	258	11	239	362	268	0.938	0.633
LOKIASV2_1209_ESMFold_hypothetical_protein	AF-Q942M1-F1-model_v4	AF-Q942M1-F1-model_v4 Os01g0338200 protein	5.074E-03	0.994	87	9	128	258	329	454	517	138	0.465	0.244
LOKIASV2_1209_ESMFold_hypothetical_protein	AF-A0A175WAG0-F1-model_v4	AF-A0A175WAG0-F1-model_v4 MPN domain-containing protein	2.369E-04	0.993	86	10	232	258	13	225	354	253	0.864	0.602
LOKIASV2_1209_ESMFold_hypothetical_protein	AF-A0A0N4UAN3-F1-model_v4	AF-A0A0N4UAN3-F1-model_v4 Eukaryotic translation initiation factor 3 subunit H	6.860E-04	0.990	83	20	256	258	8	264	341	287	0.919	0.754
LOKIASV2_1209_ESMFold_hypothetical_protein	AF-C1H1Z1-F1-model_v4	AF-C1H1Z1-F1-model_v4 COP9 signalosome complex subunit 6	1.453E-03	0.988	82	11	196	258	17	210	420	222	0.721	0.462
LOKIASV2_1209_ESMFold_hypothetical_protein	AF-Q96FJ0-F1-model_v4	AF-Q96FJ0-F1-model_v4 AMSH-like protease	6.121E-03	0.988	82	3	128	258	256	380	436	142	0.488	0.287
LOKIASV2_1209_ESMFold_hypothetical_protein	AF-B0BMZ5-F1-model_v4	AF-B0BMZ5-F1-model_v4 LOC687696 protein	1.296E-02	0.986	81	12	128	258	268	380	436	129	0.453	0.259
LOKIASV2_1209_ESMFold_hypothetical_protein	AF-Q76N33-F1-model_v4	AF-Q76N33-F1-model_v4 AMSH-like protease	1.075E-02	0.986	81	1	128	258	251	380	436	146	0.496	0.298
LOKIASV2_1209_ESMFold_hypothetical_protein	AF-U7Q6B8-F1-model_v4	AF-U7Q6B8-F1-model_v4 COP9 signalosome complex subunit 6	1.063E-03	0.986	81	1	224	258	12	246	461	267	0.868	0.510
LOKIASV2_1209_ESMFold_hypothetical_protein	AF-I1NB01-F1-model_v4	AF-I1NB01-F1-model_v4 Uncharacterized protein	9.378E-04	0.984	80	12	183	258	130	327	413	215	0.667	0.479
LOKIASV2_1209_ESMFold_hypothetical_protein	AF-A0A0K0EPJ3-F1-model_v4	AF-A0A0K0EPJ3-F1-model_v4 Uncharacterized protein	2.551E-03	0.981	79	14	183	258	2	145	396	197	0.659	0.364
LOKIASV2_1209_ESMFold_hypothetical_protein	AF-A0A1C1D2I4-F1-model_v4	AF-A0A1C1D2I4-F1-model_v4 COP9 signalosome complex subunit 6	1.282E-03	0.978	78	11	196	258	19	208	445	223	0.721	0.427
LOKIASV2_1209_ESMFold_hypothetical_protein	AF-A0A1D6FIR9-F1-model_v4	AF-A0A1D6FIR9-F1-model_v4 AMSH-like ubiquitin thioesterase 3	1.986E-03	0.978	78	7	128	258	325	465	530	161	0.473	0.266
LOKIASV2_1209_ESMFold_hypothetical_protein	AF-Q5QLJ2-F1-model_v4	AF-Q5QLJ2-F1-model_v4 Os01g0499300 protein	5.074E-03	0.975	77	9	133	258	327	468	518	157	0.484	0.274
LOKIASV2_1209_ESMFold_hypothetical_protein	AF-Q8R424-F1-model_v4	AF-Q8R424-F1-model_v4 STAM-binding protein	1.469E-02	0.971	76	1	128	258	241	368	424	152	0.496	0.302
LOKIASV2_1209_ESMFold_hypothetical_protein	AF-Q4E3S5-F1-model_v4	AF-Q4E3S5-F1-model_v4 Uncharacterized protein	1.866E-03	0.967	75	6	226	258	30	279	334	286	0.857	0.749
LOKIASV2_1209_ESMFold_hypothetical_protein	AF-Q9CQ26-F1-model_v4	AF-Q9CQ26-F1-model_v4 STAM-binding protein	1.296E-02	0.967	75	2	128	258	240	368	424	153	0.492	0.304
LOKIASV2_1209_ESMFold_hypothetical_protein	AF-A0A1D6EP51-F1-model_v4	AF-A0A1D6EP51-F1-model_v4 NPL4-like protein 1	2.114E-03	0.961	74	9	183	258	29	232	239	228	0.678	0.854
LOKIASV2_1209_ESMFold_hypothetical_protein	AF-G4VEI6-F1-model_v4	AF-G4VEI6-F1-model_v4 Subfamily M67C unassigned peptidase (M67 family)	8.368E-03	0.961	74	10	133	258	194	321	366	148	0.481	0.350
LOKIASV2_1209_ESMFold_hypothetical_protein	AF-Q4DSJ1-F1-model_v4	AF-Q4DSJ1-F1-model_v4 Uncharacterized protein	3.077E-03	0.956	73	8	226	258	33	279	334	284	0.849	0.740
LOKIASV2_1209_ESMFold_hypothetical_protein	AF-A0A0D2GT14-F1-model_v4	AF-A0A0D2GT14-F1-model_v4 COP9 signalosome complex subunit 6	1.646E-03	0.956	73	11	196	258	19	218	463	225	0.721	0.432
LOKIASV2_1209_ESMFold_hypothetical_protein	AF-I1JV20-F1-model_v4	AF-I1JV20-F1-model_v4 Uncharacterized protein	6.937E-03	0.956	73	9	189	258	1	186	484	220	0.702	0.384
LOKIASV2_1209_ESMFold_hypothetical_protein	AF-A0A1I9LSL4-F1-model_v4	AF-A0A1I9LSL4-F1-model_v4 Oxidoreductase, zinc-binding dehydrogenase family protein	2.890E-03	0.956	73	5	189	258	48	241	542	233	0.717	0.358
LOKIASV2_1209_ESMFold_hypothetical_protein	AF-O95630-F1-model_v4	AF-O95630-F1-model_v4 STAM-binding protein	1.144E-02	0.933	70	2	128	258	240	368	424	143	0.492	0.304
LOKIASV2_1209_ESMFold_hypothetical_protein	AF-I1K9L3-F1-model_v4	AF-I1K9L3-F1-model_v4 Uncharacterized protein	5.750E-03	0.923	69	9	189	258	1	190	488	231	0.702	0.389
LOKIASV2_1209_ESMFold_hypothetical_protein	AF-Q57XW1-F1-model_v4	AF-Q57XW1-F1-model_v4 MPN domain-containing protein	4.767E-03	0.872	65	10	183	258	91	315	408	242	0.674	0.551
LOKIASV2_1209_ESMFold_hypothetical_protein	AF-A0A077ZKF7-F1-model_v4	AF-A0A077ZKF7-F1-model_v4 Prok-JAB and NLPC P60 and Lambda tail I and Phage tail L and Phage min tail domain containing protein	1.683E-01	0.837	63	23	126	258	301	387	698	108	0.403	0.125
LOKIASV2_1209_ESMFold_hypothetical_protein	AF-A0A175W9P2-F1-model_v4	AF-A0A175W9P2-F1-model_v4 COP9 signalosome complex subunit 6	1.564E-02	0.747	59	11	222	258	18	230	443	252	0.822	0.481
LOKIASV2_1209_ESMFold_hypothetical_protein	AF-C0NDR1-F1-model_v4	AF-C0NDR1-F1-model_v4 COP9 signalosome complex subunit 6	9.007E-02	0.537	52	11	196	258	17	234	428	242	0.721	0.509
LOKIASV2_1209_ESMFold_hypothetical_protein	AF-K0EI52-F1-model_v4	AF-K0EI52-F1-model_v4 DNA repair protein RadC	7.467E-02	0.505	51	22	126	258	103	203	217	120	0.407	0.465
LOKIASV2_1209_ESMFold_hypothetical_protein	AF-A0A3P7DWR2-F1-model_v4	AF-A0A3P7DWR2-F1-model_v4 MPN domain-containing protein	1.231E-01	0.505	51	37	258	258	2	205	245	240	0.860	0.833
LOKIASV2_1209_ESMFold_hypothetical_protein	AF-Q58717-F1-model_v4	AF-Q58717-F1-model_v4 Protein argonaute	2.579E-02	0.473	50	20	192	258	472	663	713	210	0.671	0.269
LOKIASV2_1209_ESMFold_hypothetical_protein	AF-A0A1C1D026-F1-model_v4	AF-A0A1C1D026-F1-model_v4 Nuclear protein localization protein 4	7.014E-02	0.353	46	8	183	258	269	516	652	267	0.682	0.380
LOKIASV2_1209_ESMFold_hypothetical_protein	AF-A0A1D6GLV9-F1-model_v4	AF-A0A1D6GLV9-F1-model_v4 26S proteasome regulatory subunit RPN11	2.776E-01	0.326	45	36	171	258	2	107	383	142	0.527	0.277
LOKIASV2_1209_ESMFold_hypothetical_protein	AF-A0A0D2DJI6-F1-model_v4	AF-A0A0D2DJI6-F1-model_v4 Nuclear protein localization protein 4	9.589E-02	0.233	41	8	183	258	251	498	634	264	0.682	0.391
LOKIASV2_1209_ESMFold_hypothetical_protein	AF-A0A1D6G658-F1-model_v4	AF-A0A1D6G658-F1-model_v4 N-acetylglucosaminyl transferase component family protein / Gpi1 family protein	3.146E-01	0.196	39	1	183	258	47	257	1003	254	0.709	0.210
LOKIASV2_1209_ESMFold_hypothetical_protein	AF-A0A044ULI9-F1-model_v4	AF-A0A044ULI9-F1-model_v4 Uncharacterized protein	2.186E+00	0.164	37	33	109	258	1	64	69	77	0.298	0.928
LOKIASV2_1209_ESMFold_hypothetical_protein	AF-Q8ZRZ5-F1-model_v4	AF-Q8ZRZ5-F1-model_v4 Putative cytoplasmic protein	8.556E-01	0.106	32	110	175	258	303	364	417	70	0.256	0.149
LOKIASV2_1209_ESMFold_hypothetical_protein	AF-A0A0P0XGR5-F1-model_v4	AF-A0A0P0XGR5-F1-model_v4 Os08g0460400 protein	2.053E+00	0.098	31	125	183	258	93	152	154	61	0.229	0.390
LOKIASV2_1209_ESMFold_hypothetical_protein	AF-F1QCI3-F1-model_v4	AF-F1QCI3-F1-model_v4 IG domain-containing protein	5.188E-01	0.076	28	152	242	258	85	187	188	113	0.353	0.548
LOKIASV2_1209_ESMFold_hypothetical_protein	AF-A0A077Z622-F1-model_v4	AF-A0A077Z622-F1-model_v4 Coatomer subunit zeta	3.181E+00	0.063	26	124	165	258	10	51	149	42	0.163	0.282
LOKIASV2_1209_ESMFold_hypothetical_protein	AF-A0A0K0E032-F1-model_v4	AF-A0A0K0E032-F1-model_v4 Uncharacterized protein	7.550E-01	0.057	25	1	257	258	35	294	301	301	0.996	0.864
LOKIASV2_1209_ESMFold_hypothetical_protein	AF-Q2V3R1-F1-model_v4	AF-Q2V3R1-F1-model_v4 F-box protein At3g44326	1.170E+00	0.057	25	150	255	258	242	353	363	122	0.411	0.309
LOKIASV2_1209_ESMFold_hypothetical_protein	AF-Q05359-F1-model_v4	AF-Q05359-F1-model_v4 Protein ERP1	6.737E+00	0.051	24	160	252	258	121	201	219	93	0.360	0.370
LOKIASV2_1209_ESMFold_hypothetical_protein	AF-Q9M670-F1-model_v4	AF-Q9M670-F1-model_v4 Protein RESTRICTED TEV MOVEMENT 2	1.502E+00	0.051	24	129	257	258	33	186	366	161	0.500	0.421
LOKIASV2_1209_ESMFold_hypothetical_protein	AF-Q385T4-F1-model_v4	AF-Q385T4-F1-model_v4 Uncharacterized protein	1.502E+00	0.051	24	71	170	258	3	85	386	116	0.388	0.215
LOKIASV2_1209_ESMFold_hypothetical_protein	AF-C1HDX2-F1-model_v4	AF-C1HDX2-F1-model_v4 Uncharacterized protein	1.032E+00	0.051	24	103	257	258	80	227	482	172	0.601	0.307
LOKIASV2_1209_ESMFold_hypothetical_protein	AF-O02297-F1-model_v4	AF-O02297-F1-model_v4 SKN-1 Dependent Zygotic transcript	9.108E-01	0.051	24	150	248	258	353	437	544	102	0.384	0.156
LOKIASV2_1209_ESMFold_hypothetical_protein	AF-A0A0K0ELJ3-F1-model_v4	AF-A0A0K0ELJ3-F1-model_v4 Uncharacterized protein	6.259E-01	0.051	24	126	257	258	372	533	583	171	0.512	0.278
LOKIASV2_1209_ESMFold_hypothetical_protein	AF-Q389U5-F1-model_v4	AF-Q389U5-F1-model_v4 Dynein light chain, putative	3.181E+00	0.045	23	108	172	258	42	108	109	67	0.252	0.615
LOKIASV2_1209_ESMFold_hypothetical_protein	AF-A0A5K1K989-F1-model_v4	AF-A0A5K1K989-F1-model_v4 Uncharacterized protein	7.093E-01	0.045	23	62	200	258	23	141	721	154	0.539	0.165
LOKIASV2_1209_ESMFold_hypothetical_protein	AF-X1WD78-F1-model_v4	AF-X1WD78-F1-model_v4 Immunoglobulin-like and fibronectin type III domain-containing 1, tandem duplicate 2	1.812E+00	0.045	23	127	257	258	330	481	1409	162	0.508	0.108
LOKIASV2_1209_ESMFold_hypothetical_protein	AF-G4VSR3-F1-model_v4	AF-G4VSR3-F1-model_v4 T-complex-associated-testis-expressed 1-related	3.838E+00	0.040	22	109	171	258	48	113	113	66	0.244	0.584
LOKIASV2_1209_ESMFold_hypothetical_protein	AF-A0A0K0E4R4-F1-model_v4	AF-A0A0K0E4R4-F1-model_v4 Uncharacterized protein	2.186E+00	0.040	22	60	173	258	3	116	117	130	0.442	0.974
LOKIASV2_1209_ESMFold_hypothetical_protein	AF-Q38DD2-F1-model_v4	AF-Q38DD2-F1-model_v4 Dynein light chain, putative	2.327E+00	0.040	22	60	172	258	10	124	124	125	0.438	0.927
LOKIASV2_1209_ESMFold_hypothetical_protein	AF-A0A0R0GXY7-F1-model_v4	AF-A0A0R0GXY7-F1-model_v4 Uncharacterized protein	3.838E+00	0.040	22	22	102	258	49	124	128	86	0.314	0.594
LOKIASV2_1209_ESMFold_hypothetical_protein	AF-A0A3P7EAW5-F1-model_v4	AF-A0A3P7EAW5-F1-model_v4 Major sperm protein	1.411E+00	0.040	22	119	257	258	35	198	201	181	0.539	0.816
LOKIASV2_1209_ESMFold_hypothetical_protein	AF-Q5VTP3-F1-model_v4	AF-Q5VTP3-F1-model_v4 Novel immune-type receptor 7b	2.301E-01	0.040	22	11	258	258	23	212	243	285	0.961	0.782
LOKIASV2_1209_ESMFold_hypothetical_protein	AF-A0A2K6W0P8-F1-model_v4	AF-A0A2K6W0P8-F1-model_v4 FHA domain-containing protein	4.928E+00	0.040	22	150	256	258	104	220	434	119	0.415	0.270
LOKIASV2_1209_ESMFold_hypothetical_protein	AF-A0A077ZII9-F1-model_v4	AF-A0A077ZII9-F1-model_v4 Leucine Rich Repeat family protein	3.181E+00	0.040	22	141	255	258	459	585	711	138	0.446	0.179
LOKIASV2_1209_ESMFold_hypothetical_protein	AF-Q4D3B2-F1-model_v4	AF-Q4D3B2-F1-model_v4 Uncharacterized protein	3.565E-01	0.040	22	6	119	258	388	549	745	171	0.442	0.217
LOKIASV2_1209_ESMFold_hypothetical_protein	AF-Q7KTT0-F1-model_v4	AF-Q7KTT0-F1-model_v4 Xe7, isoform A	5.246E+00	0.040	22	151	256	258	241	331	783	107	0.411	0.116
LOKIASV2_1209_ESMFold_hypothetical_protein	AF-C6S3G7-F1-model_v4	AF-C6S3G7-F1-model_v4 Dynein light chain, putative	1.812E+00	0.034	21	68	172	258	14	101	102	112	0.407	0.863
LOKIASV2_1209_ESMFold_hypothetical_protein	AF-Q4D1A9-F1-model_v4	AF-Q4D1A9-F1-model_v4 Dynein light chain, putative	5.246E+00	0.034	21	112	172	258	48	108	109	61	0.236	0.560
LOKIASV2_1209_ESMFold_hypothetical_protein	AF-A0A0P0V871-F1-model_v4	AF-A0A0P0V871-F1-model_v4 Os01g0744550 protein	9.210E+00	0.034	21	33	98	258	38	104	120	70	0.256	0.558
LOKIASV2_1209_ESMFold_hypothetical_protein	AF-X8FFN7-F1-model_v4	AF-X8FFN7-F1-model_v4 Translation initiation factor IF-3	1.170E+00	0.034	21	69	165	258	2	106	136	120	0.376	0.772
LOKIASV2_1209_ESMFold_hypothetical_protein	AF-Q8N7M0-F1-model_v4	AF-Q8N7M0-F1-model_v4 Dynein light chain Tctex-type 5	1.325E+00	0.034	21	60	172	258	64	177	179	133	0.438	0.637
LOKIASV2_1209_ESMFold_hypothetical_protein	AF-Q8N7X8-F1-model_v4	AF-Q8N7X8-F1-model_v4 SIGLEC family-like protein 1	5.246E+00	0.034	21	149	256	258	54	167	197	121	0.419	0.579
LOKIASV2_1209_ESMFold_hypothetical_protein	AF-P12314-F1-model_v4	AF-P12314-F1-model_v4 High affinity immunoglobulin gamma Fc receptor I	3.181E+00	0.034	21	145	257	258	251	357	374	126	0.438	0.286
LOKIASV2_1209_ESMFold_hypothetical_protein	AF-C0P0E2-F1-model_v4	AF-C0P0E2-F1-model_v4 Uncharacterized protein	2.186E+00	0.034	21	103	257	258	58	212	382	176	0.601	0.406
LOKIASV2_1209_ESMFold_hypothetical_protein	AF-Q5VJS5-F1-model_v4	AF-Q5VJS5-F1-model_v4 Dynein assembly factor 4, axonemal	3.181E+00	0.034	21	131	256	258	20	154	420	150	0.488	0.321
LOKIASV2_1209_ESMFold_hypothetical_protein	AF-Q9LIN4-F1-model_v4	AF-Q9LIN4-F1-model_v4 tRNA modification 11 protein	1.325E+00	0.034	21	82	215	258	332	442	477	143	0.519	0.233
LOKIASV2_1209_ESMFold_hypothetical_protein	AF-C0HJX2-F1-model_v4	AF-C0HJX2-F1-model_v4 Leukocyte immunoglobulin-like receptor subfamily B member 3A	4.629E+00	0.034	21	151	252	258	467	584	744	125	0.395	0.159
LOKIASV2_1209_ESMFold_hypothetical_protein	AF-A0A044TPB0-F1-model_v4	AF-A0A044TPB0-F1-model_v4 Receptor protein-tyrosine kinase	9.696E-01	0.034	21	121	251	258	529	671	1416	158	0.508	0.101
LOKIASV2_1209_ESMFold_hypothetical_protein	AF-Q9VH45-F1-model_v4	AF-Q9VH45-F1-model_v4 Dynein light chain	1.929E+00	0.029	20	60	168	258	58	169	173	130	0.422	0.647
LOKIASV2_1209_ESMFold_hypothetical_protein	AF-A0A0B4LEE2-F1-model_v4	AF-A0A0B4LEE2-F1-model_v4 Uncharacterized protein	2.327E+00	0.029	20	66	172	258	64	172	174	123	0.415	0.626
LOKIASV2_1209_ESMFold_hypothetical_protein	AF-A0A5K4FD71-F1-model_v4	AF-A0A5K4FD71-F1-model_v4 CS domain-containing protein	5.246E+00	0.029	20	129	256	258	20	155	188	150	0.496	0.723
LOKIASV2_1209_ESMFold_hypothetical_protein	AF-Q3U497-F1-model_v4	AF-Q3U497-F1-model_v4 CMRF35-like molecule 7	2.477E+00	0.029	20	136	254	258	64	183	209	134	0.461	0.574
LOKIASV2_1209_ESMFold_hypothetical_protein	AF-X8FKK1-F1-model_v4	AF-X8FKK1-F1-model_v4 Metallopeptidase M24 family protein	5.585E+00	0.029	20	150	180	258	209	241	250	33	0.120	0.132
LOKIASV2_1209_ESMFold_hypothetical_protein	AF-A0A0G2JTC1-F1-model_v4	AF-A0A0G2JTC1-F1-model_v4 Leukocyte immunoglobulin-like receptor A5	2.477E+00	0.029	20	151	249	258	168	295	297	135	0.384	0.431
LOKIASV2_1209_ESMFold_hypothetical_protein	AF-K0EQS1-F1-model_v4	AF-K0EQS1-F1-model_v4 Mce family protein	1.411E+00	0.029	20	65	257	258	10	220	344	239	0.748	0.613
LOKIASV2_1209_ESMFold_hypothetical_protein	AF-A0A0R4ID80-F1-model_v4	AF-A0A0R4ID80-F1-model_v4 Dynein assembly factor 4, axonemal	3.605E+00	0.029	20	129	256	258	20	150	420	150	0.496	0.312
LOKIASV2_1209_ESMFold_hypothetical_protein	AF-Q9VWK3-F1-model_v4	AF-Q9VWK3-F1-model_v4 GH13361p	3.838E+00	0.029	20	132	256	258	337	459	481	136	0.484	0.256
LOKIASV2_1209_ESMFold_hypothetical_protein	AF-A0A0K0EB35-F1-model_v4	AF-A0A0K0EB35-F1-model_v4 Uncharacterized protein	3.565E-01	0.029	20	9	236	258	374	600	759	290	0.884	0.299
LOKIASV2_1209_ESMFold_hypothetical_protein	AF-O75147-F1-model_v4	AF-O75147-F1-model_v4 Obscurin-like protein 1	5.585E+00	0.029	20	129	183	258	647	710	1896	64	0.213	0.034
LOKIASV2_1209_ESMFold_hypothetical_protein	AF-Q9ULL4-F1-model_v4	AF-Q9ULL4-F1-model_v4 Plexin-B3	4.085E+00	0.029	20	134	255	258	1180	1322	1909	153	0.473	0.075
LOKIASV2_1209_ESMFold_hypothetical_protein	AF-Q94524-F1-model_v4	AF-Q94524-F1-model_v4 Dynein light chain Tctex-type	6.329E+00	0.024	19	109	171	258	46	111	111	66	0.244	0.595
LOKIASV2_1209_ESMFold_hypothetical_protein	AF-A4HSG4-F1-model_v4	AF-A4HSG4-F1-model_v4 Dynein-light_chain-protein_-_putative	2.327E+00	0.024	19	65	172	258	1	110	111	125	0.419	0.991
LOKIASV2_1209_ESMFold_hypothetical_protein	AF-Q386E6-F1-model_v4	AF-Q386E6-F1-model_v4 Dynein light chain, putative	4.928E+00	0.024	19	61	171	258	3	115	116	134	0.430	0.974
LOKIASV2_1209_ESMFold_hypothetical_protein	AF-Q4CSW4-F1-model_v4	AF-Q4CSW4-F1-model_v4 Uncharacterized protein	2.637E+00	0.024	19	61	166	258	11	118	124	119	0.411	0.871
LOKIASV2_1209_ESMFold_hypothetical_protein	AF-K0F1F4-F1-model_v4	AF-K0F1F4-F1-model_v4 Putative Mce family protein	2.186E+00	0.024	19	71	257	258	23	212	348	229	0.725	0.546
LOKIASV2_1209_ESMFold_hypothetical_protein	AF-A0A2R8PW30-F1-model_v4	AF-A0A2R8PW30-F1-model_v4 X-ray repair-complementing defective repair in Chinese hamster cells 4	4.085E+00	0.024	19	105	257	258	56	209	365	179	0.593	0.422
LOKIASV2_1209_ESMFold_hypothetical_protein	AF-Q586B9-F1-model_v4	AF-Q586B9-F1-model_v4 Uncharacterized protein	1.170E+00	0.024	19	20	255	258	18	335	420	342	0.915	0.757
LOKIASV2_1209_ESMFold_hypothetical_protein	AF-Q9CD12-F1-model_v4	AF-Q9CD12-F1-model_v4 Putative secreted protein	1.702E+00	0.024	19	58	254	258	1	205	519	241	0.764	0.395
LOKIASV2_1209_ESMFold_hypothetical_protein	AF-A4I8A6-F1-model_v4	AF-A4I8A6-F1-model_v4 Dynein assembly factor 4, axonemal	5.246E+00	0.024	19	132	257	258	22	159	639	153	0.488	0.216
LOKIASV2_1209_ESMFold_hypothetical_protein	AF-F1MA46-F1-model_v4	AF-F1MA46-F1-model_v4 Protocadherin 12	3.181E+00	0.024	19	132	248	258	607	759	1179	156	0.453	0.130
LOKIASV2_1209_ESMFold_hypothetical_protein	AF-O55134-F1-model_v4	AF-O55134-F1-model_v4 Protocadherin-12	3.605E+00	0.024	19	132	248	258	607	759	1180	157	0.453	0.130
LOKIASV2_1209_ESMFold_hypothetical_protein	AF-Q9NYQ8-F7-model_v4	AF-Q9NYQ8-F7-model_v4 Protocadherin Fat 2	4.085E+00	0.024	19	133	251	258	21	121	1400	123	0.461	0.072
LOKIASV2_1209_ESMFold_hypothetical_protein	AF-F1Q5L5-F1-model_v4	AF-F1Q5L5-F1-model_v4 Dynein, light chain, Tctex-type 1	7.172E+00	0.020	18	109	171	258	48	113	113	67	0.244	0.584
LOKIASV2_1209_ESMFold_hypothetical_protein	AF-A0A5K4F1M9-F1-model_v4	AF-A0A5K4F1M9-F1-model_v4 Uncharacterized protein	6.329E+00	0.020	18	109	172	258	51	115	116	68	0.248	0.560
LOKIASV2_1209_ESMFold_hypothetical_protein	AF-A4IBH9-F1-model_v4	AF-A4IBH9-F1-model_v4 Dynein_light_chain_-_putative	4.085E+00	0.020	18	62	172	258	11	121	123	129	0.430	0.902
LOKIASV2_1209_ESMFold_hypothetical_protein	AF-A0A3P7E605-F1-model_v4	AF-A0A3P7E605-F1-model_v4 Uncharacterized protein	3.181E+00	0.020	18	121	255	258	159	309	339	162	0.523	0.445
LOKIASV2_1209_ESMFold_hypothetical_protein	AF-Q9D3X9-F1-model_v4	AF-Q9D3X9-F1-model_v4 Microfibrillar-associated protein 3-like	6.329E+00	0.020	18	127	252	258	76	204	409	149	0.488	0.315
LOKIASV2_1209_ESMFold_hypothetical_protein	AF-Q6AYP2-F1-model_v4	AF-Q6AYP2-F1-model_v4 Microfibrillar-associated protein 3-like	5.945E+00	0.020	18	127	252	258	76	204	409	149	0.488	0.315
LOKIASV2_1209_ESMFold_hypothetical_protein	AF-O75121-F1-model_v4	AF-O75121-F1-model_v4 Microfibrillar-associated protein 3-like	6.737E+00	0.020	18	129	252	258	78	204	409	147	0.481	0.311
LOKIASV2_1209_ESMFold_hypothetical_protein	AF-E7F8M0-F1-model_v4	AF-E7F8M0-F1-model_v4 Uncharacterized protein	5.945E+00	0.020	18	125	255	258	271	399	410	147	0.508	0.315
LOKIASV2_1209_ESMFold_hypothetical_protein	AF-O45628-F1-model_v4	AF-O45628-F1-model_v4 Uncharacterized protein	9.210E+00	0.020	18	165	257	258	224	320	444	104	0.360	0.218
LOKIASV2_1209_ESMFold_hypothetical_protein	AF-A0A0K0DWT9-F1-model_v4	AF-A0A0K0DWT9-F1-model_v4 Uncharacterized protein	6.737E+00	0.020	18	134	255	258	327	454	700	150	0.473	0.183
LOKIASV2_1209_ESMFold_hypothetical_protein	AF-Q9VWI6-F1-model_v4	AF-Q9VWI6-F1-model_v4 Kekkon 5, isoform A	2.807E+00	0.020	18	127	252	258	308	445	931	154	0.488	0.148
LOKIASV2_1209_ESMFold_hypothetical_protein	AF-A4I7J7-F1-model_v4	AF-A4I7J7-F1-model_v4 Hypothetical_protein_-_conserved	3.838E+00	0.020	18	58	255	258	376	625	1547	277	0.767	0.162
LOKIASV2_1209_ESMFold_hypothetical_protein	AF-A0A2R8QA44-F1-model_v4	AF-A0A2R8QA44-F1-model_v4 Si:dkey-148f10.4	8.652E+00	0.016	17	109	171	258	47	112	112	66	0.244	0.589
LOKIASV2_1209_ESMFold_hypothetical_protein	AF-Q9Z336-F1-model_v4	AF-Q9Z336-F1-model_v4 Dynein light chain Tctex-type 1	9.210E+00	0.016	17	109	171	258	48	113	113	66	0.244	0.584
LOKIASV2_1209_ESMFold_hypothetical_protein	AF-P63172-F1-model_v4	AF-P63172-F1-model_v4 Dynein light chain Tctex-type 1	9.210E+00	0.016	17	109	171	258	48	113	113	66	0.244	0.584
LOKIASV2_1209_ESMFold_hypothetical_protein	AF-A4HVP6-F1-model_v4	AF-A4HVP6-F1-model_v4 Dynein_light_chain_Tctex-type_-_putative	4.085E+00	0.016	17	67	173	258	2	116	118	132	0.415	0.975
LOKIASV2_1209_ESMFold_hypothetical_protein	AF-A0A044QZJ9-F1-model_v4	AF-A0A044QZJ9-F1-model_v4 Uncharacterized protein	9.804E+00	0.016	17	20	109	258	11	101	121	97	0.349	0.752
LOKIASV2_1209_ESMFold_hypothetical_protein	AF-A0A044TNH7-F1-model_v4	AF-A0A044TNH7-F1-model_v4 Uncharacterized protein	7.172E+00	0.016	17	132	236	258	1	117	132	120	0.407	0.886
LOKIASV2_1209_ESMFold_hypothetical_protein	AF-Q8IB86-F1-model_v4	AF-Q8IB86-F1-model_v4 Translation initiation factor IF-3	3.181E+00	0.016	17	60	165	258	41	153	165	131	0.411	0.685
LOKIASV2_1209_ESMFold_hypothetical_protein	AF-A0A1D6Q0Q9-F1-model_v4	AF-A0A1D6Q0Q9-F1-model_v4 Carboxylesterase SOBER1	6.329E+00	0.016	17	32	200	258	11	181	207	208	0.655	0.826
LOKIASV2_1209_ESMFold_hypothetical_protein	AF-Q5JR98-F1-model_v4	AF-Q5JR98-F1-model_v4 Dynein light chain Tctex-type 4	4.349E+00	0.016	17	56	168	258	96	217	221	140	0.438	0.552
LOKIASV2_1209_ESMFold_hypothetical_protein	AF-P12318-F1-model_v4	AF-P12318-F1-model_v4 Low affinity immunoglobulin gamma Fc region receptor II-a	7.635E+00	0.016	17	152	252	258	182	277	317	118	0.391	0.303
LOKIASV2_1209_ESMFold_hypothetical_protein	AF-A0A0N4UAD4-F1-model_v4	AF-A0A0N4UAD4-F1-model_v4 Uncharacterized protein	7.172E+00	0.016	17	133	256	258	135	243	343	125	0.481	0.318
LOKIASV2_1209_ESMFold_hypothetical_protein	AF-F1QM92-F1-model_v4	AF-F1QM92-F1-model_v4 Sialic acid-binding Ig-like lectin 15, like	3.838E+00	0.016	17	122	256	258	135	282	347	170	0.523	0.427
LOKIASV2_1209_ESMFold_hypothetical_protein	AF-Q4CNM4-F1-model_v4	AF-Q4CNM4-F1-model_v4 Uncharacterized protein	2.327E+00	0.016	17	20	258	258	3	319	433	332	0.926	0.732
LOKIASV2_1209_ESMFold_hypothetical_protein	AF-O07415-F1-model_v4	AF-O07415-F1-model_v4 Mce-family protein Mce1C	3.386E+00	0.016	17	61	257	258	4	215	515	243	0.764	0.412
LOKIASV2_1209_ESMFold_hypothetical_protein	AF-Q9XWK0-F1-model_v4	AF-Q9XWK0-F1-model_v4 Uncharacterized protein	1.929E+00	0.016	17	71	243	258	371	591	592	240	0.671	0.373
LOKIASV2_1209_ESMFold_hypothetical_protein	AF-A0A7I4KQZ7-F1-model_v4	AF-A0A7I4KQZ7-F1-model_v4 Ig-like domain-containing protein	4.928E+00	0.016	17	91	256	258	434	567	739	177	0.643	0.181
LOKIASV2_1209_ESMFold_hypothetical_protein	AF-Q8IZU9-F1-model_v4	AF-Q8IZU9-F1-model_v4 Kin of IRRE-like protein 3	1.032E+00	0.016	17	7	239	258	338	568	778	287	0.903	0.297
LOKIASV2_1209_ESMFold_hypothetical_protein	AF-A0A3P7GBD1-F1-model_v4	AF-A0A3P7GBD1-F1-model_v4 Ig-like domain-containing protein	5.246E+00	0.016	17	91	256	258	471	604	854	177	0.643	0.157
LOKIASV2_1209_ESMFold_hypothetical_protein	AF-A0A0D2FB37-F1-model_v4	AF-A0A0D2FB37-F1-model_v4 Unplaced genomic scaffold supercont1.2, whole genome shotgun sequence	3.386E+00	0.016	17	72	257	258	410	643	944	259	0.721	0.248
LOKIASV2_1209_ESMFold_hypothetical_protein	AF-A0A077ZM95-F1-model_v4	AF-A0A077ZM95-F1-model_v4 Threonyl-tRNA synthetase	1.325E+00	0.016	17	18	231	258	645	901	959	294	0.829	0.268
LOKIASV2_1209_ESMFold_hypothetical_protein	AF-A3A6X4-F1-model_v4	AF-A3A6X4-F1-model_v4 Os02g0484480 protein	8.127E+00	0.014	16	34	109	258	17	96	110	92	0.295	0.727
LOKIASV2_1209_ESMFold_hypothetical_protein	AF-P51807-F1-model_v4	AF-P51807-F1-model_v4 Dynein light chain Tctex-type 1	6.329E+00	0.014	16	60	171	258	1	113	113	127	0.434	1.000
LOKIASV2_1209_ESMFold_hypothetical_protein	AF-P56387-F1-model_v4	AF-P56387-F1-model_v4 Dynein light chain Tctex-type 3	5.945E+00	0.014	16	65	172	258	5	113	116	122	0.419	0.940
LOKIASV2_1209_ESMFold_hypothetical_protein	AF-Q9CQ66-F1-model_v4	AF-Q9CQ66-F1-model_v4 Dynein light chain Tctex-type protein 2B	5.585E+00	0.014	16	60	172	258	30	142	144	131	0.438	0.785
LOKIASV2_1209_ESMFold_hypothetical_protein	AF-C0NQN7-F1-model_v4	AF-C0NQN7-F1-model_v4 DUF814 domain-containing protein	9.210E+00	0.014	16	31	256	258	13	178	202	234	0.876	0.822
LOKIASV2_1209_ESMFold_hypothetical_protein	AF-Q21336-F1-model_v4	AF-Q21336-F1-model_v4 GOLD domain-containing protein	4.349E+00	0.014	16	73	253	258	2	199	234	236	0.702	0.846
LOKIASV2_1209_ESMFold_hypothetical_protein	AF-A0A044V159-F1-model_v4	AF-A0A044V159-F1-model_v4 Uncharacterized protein	2.807E+00	0.014	16	34	257	258	52	237	275	249	0.868	0.676
LOKIASV2_1209_ESMFold_hypothetical_protein	AF-X8EX50-F1-model_v4	AF-X8EX50-F1-model_v4 Mce related family protein	7.635E+00	0.014	16	125	254	258	15	199	315	192	0.504	0.587
LOKIASV2_1209_ESMFold_hypothetical_protein	AF-Q8WXU2-F1-model_v4	AF-Q8WXU2-F1-model_v4 Dynein assembly factor 4, axonemal	9.804E+00	0.014	16	131	256	258	20	154	420	150	0.488	0.321
LOKIASV2_1209_ESMFold_hypothetical_protein	AF-X8FIJ4-F1-model_v4	AF-X8FIJ4-F1-model_v4 Mce related family protein	7.172E+00	0.014	16	127	255	258	27	192	506	172	0.500	0.328
LOKIASV2_1209_ESMFold_hypothetical_protein	AF-Q2FXN7-F1-model_v4	AF-Q2FXN7-F1-model_v4 Sensor protein kinase WalK	2.186E+00	0.014	16	68	226	258	39	172	553	185	0.616	0.242
LOKIASV2_1209_ESMFold_hypothetical_protein	AF-Q4D3F0-F1-model_v4	AF-Q4D3F0-F1-model_v4 Methyltransferase, putative	6.737E+00	0.014	16	111	257	258	414	582	586	186	0.570	0.288
LOKIASV2_1209_ESMFold_hypothetical_protein	AF-A0A0K0EHN3-F1-model_v4	AF-A0A0K0EHN3-F1-model_v4 Uncharacterized protein	3.181E+00	0.014	16	10	165	258	26	166	1120	182	0.605	0.126
LOKIASV2_1209_ESMFold_hypothetical_protein	AF-Q5XI90-F1-model_v4	AF-Q5XI90-F1-model_v4 Dynein light chain Tctex-type 3	5.246E+00	0.011	15	60	172	258	1	113	116	128	0.438	0.974
LOKIASV2_1209_ESMFold_hypothetical_protein	AF-P51808-F1-model_v4	AF-P51808-F1-model_v4 Dynein light chain Tctex-type 3	7.172E+00	0.011	15	60	172	258	1	113	116	126	0.438	0.974
LOKIASV2_1209_ESMFold_hypothetical_protein	AF-A4IAR2-F1-model_v4	AF-A4IAR2-F1-model_v4 Coatomer subunit zeta	9.804E+00	0.011	15	133	234	258	58	183	184	139	0.395	0.685
LOKIASV2_1209_ESMFold_hypothetical_protein	AF-A0A0D2GZX9-F1-model_v4	AF-A0A0D2GZX9-F1-model_v4 Unplaced genomic scaffold supercont1.1, whole genome shotgun sequence	3.386E+00	0.011	15	36	165	258	96	227	232	157	0.504	0.569
LOKIASV2_1209_ESMFold_hypothetical_protein	AF-X8F553-F1-model_v4	AF-X8F553-F1-model_v4 Mce related family protein	5.945E+00	0.011	15	69	254	258	22	235	351	247	0.721	0.610
LOKIASV2_1209_ESMFold_hypothetical_protein	AF-P83556-F1-model_v4	AF-P83556-F1-model_v4 Killer cell immunoglobulin-like receptor 3DL1	2.807E+00	0.011	15	9	251	258	125	374	422	325	0.942	0.592
LOKIASV2_1209_ESMFold_hypothetical_protein	AF-A0A0D2DCB7-F1-model_v4	AF-A0A0D2DCB7-F1-model_v4 Unplaced genomic scaffold supercont1.8, whole genome shotgun sequence	1.929E+00	0.011	15	7	215	258	213	454	508	286	0.810	0.476
LOKIASV2_1209_ESMFold_hypothetical_protein	AF-Q96NY8-F1-model_v4	AF-Q96NY8-F1-model_v4 Nectin-4	8.127E+00	0.011	15	124	256	258	242	397	510	176	0.516	0.306
LOKIASV2_1209_ESMFold_hypothetical_protein	AF-Q8I4C9-F1-model_v4	AF-Q8I4C9-F1-model_v4 Septin-type G domain-containing protein	9.804E+00	0.011	15	11	257	258	169	500	530	367	0.957	0.626
LOKIASV2_1209_ESMFold_hypothetical_protein	AF-A0A0H5SBU6-F1-model_v4	AF-A0A0H5SBU6-F1-model_v4 Bm5748	5.945E+00	0.011	15	77	164	258	75	170	1203	113	0.341	0.080
LOKIASV2_1209_ESMFold_hypothetical_protein	AF-A0A3Q0KT67-F1-model_v4	AF-A0A3Q0KT67-F1-model_v4 Tyrosine kinase	8.127E+00	0.011	15	162	257	258	783	874	1482	111	0.372	0.062
LOKIASV2_1209_ESMFold_hypothetical_protein	AF-A0A0N4UJK9-F1-model_v4	AF-A0A0N4UJK9-F1-model_v4 Major sperm protein	9.210E+00	0.010	14	119	254	258	35	196	231	182	0.527	0.701
LOKIASV2_1209_ESMFold_hypothetical_protein	AF-E7F032-F1-model_v4	AF-E7F032-F1-model_v4 Si:ch73-44m9.1	1.812E+00	0.010	14	6	245	258	123	283	290	268	0.930	0.555
LOKIASV2_1209_ESMFold_hypothetical_protein	AF-Q90Z92-F1-model_v4	AF-Q90Z92-F1-model_v4 Novel immune-type receptor 2b	2.807E+00	0.010	14	2	251	258	19	287	313	329	0.969	0.859
LOKIASV2_1209_ESMFold_hypothetical_protein	AF-Q58EM0-F1-model_v4	AF-Q58EM0-F1-model_v4 HERV-H LTR-associating 2a, tandem duplicate 1	9.804E+00	0.010	14	127	257	258	147	311	324	174	0.508	0.509
LOKIASV2_1209_ESMFold_hypothetical_protein	AF-K0ENU1-F1-model_v4	AF-K0ENU1-F1-model_v4 Mce family protein	6.329E+00	0.010	14	69	254	258	4	214	412	247	0.721	0.512
LOKIASV2_1209_ESMFold_hypothetical_protein	AF-I1KR64-F1-model_v4	AF-I1KR64-F1-model_v4 UPF0020 domain-containing protein	6.737E+00	0.010	14	82	215	258	337	447	483	143	0.519	0.230
LOKIASV2_1209_ESMFold_hypothetical_protein	AF-Q62178-F1-model_v4	AF-Q62178-F1-model_v4 Semaphorin-4A	9.210E+00	0.010	14	125	252	258	586	712	760	145	0.496	0.167
LOKIASV2_1209_ESMFold_hypothetical_protein	AF-A0A4V0IL59-F1-model_v4	AF-A0A4V0IL59-F1-model_v4 Protein kinase domain-containing protein	9.804E+00	0.010	14	119	257	258	275	439	842	171	0.539	0.196
LOKIASV2_1209_ESMFold_hypothetical_protein	AF-A0A044V450-F1-model_v4	AF-A0A044V450-F1-model_v4 Uncharacterized protein	4.629E+00	0.010	14	60	235	258	43	278	1163	250	0.682	0.203
LOKIASV2_1209_ESMFold_hypothetical_protein	AF-C0H568-F1-model_v4	AF-C0H568-F1-model_v4 Dynein light chain, putative	9.804E+00	0.009	13	109	172	258	47	111	112	69	0.248	0.580
LOKIASV2_1209_ESMFold_hypothetical_protein	AF-C6SZA9-F1-model_v4	AF-C6SZA9-F1-model_v4 Bet_v_1 domain-containing protein	6.329E+00	0.009	13	116	212	258	63	151	153	109	0.376	0.582
LOKIASV2_1209_ESMFold_hypothetical_protein	AF-Q9NUS5-F1-model_v4	AF-Q9NUS5-F1-model_v4 AP-5 complex subunit sigma-1	3.386E+00	0.009	13	35	165	258	4	125	200	153	0.508	0.610
LOKIASV2_1209_ESMFold_hypothetical_protein	AF-A0A0G2K3F6-F1-model_v4	AF-A0A0G2K3F6-F1-model_v4 Adaptor-related protein complex 5 subunit sigma 1	4.349E+00	0.009	13	33	165	258	1	125	200	156	0.516	0.625
LOKIASV2_1209_ESMFold_hypothetical_protein	AF-A0A0K0E246-F1-model_v4	AF-A0A0K0E246-F1-model_v4 Uncharacterized protein	2.327E+00	0.009	13	12	246	258	1	251	303	304	0.911	0.828
LOKIASV2_1209_ESMFold_hypothetical_protein	AF-A0A0R4ID07-F1-model_v4	AF-A0A0R4ID07-F1-model_v4 Si:ch73-338a16.3	6.737E+00	0.009	13	71	230	258	44	207	307	195	0.620	0.534
LOKIASV2_1209_ESMFold_hypothetical_protein	AF-A0A0K0E4I1-F1-model_v4	AF-A0A0K0E4I1-F1-model_v4 Uncharacterized protein	8.652E+00	0.009	13	18	201	258	52	219	611	214	0.713	0.275
LOKIASV2_1209_ESMFold_hypothetical_protein	AF-A0A0R4I9J8-F1-model_v4	AF-A0A0R4I9J8-F1-model_v4 Protocadherin 1 gamma b 2	8.652E+00	0.009	13	127	253	258	614	732	951	147	0.492	0.125
LOKIASV2_1209_ESMFold_hypothetical_protein	AF-F1M578-F1-model_v4	AF-F1M578-F1-model_v4 CD300 molecule-like family member b	8.652E+00	0.008	12	3	254	258	11	182	208	280	0.977	0.827
LOKIASV2_1209_ESMFold_hypothetical_protein	AF-B0BNE9-F1-model_v4	AF-B0BNE9-F1-model_v4 LOC684274 protein	6.737E+00	0.008	12	13	195	258	84	259	276	220	0.709	0.638
LOKIASV2_1209_ESMFold_hypothetical_protein	AF-F1REK7-F1-model_v4	AF-F1REK7-F1-model_v4 Ig-like domain-containing protein	8.652E+00	0.008	12	1	249	258	46	311	359	325	0.965	0.741
LOKIASV2_1209_ESMFold_hypothetical_protein	AF-C0NBM6-F1-model_v4	AF-C0NBM6-F1-model_v4 Uncharacterized protein	3.838E+00	0.008	12	7	178	258	194	401	503	250	0.667	0.414
LOKIASV2_1209_ESMFold_hypothetical_protein	AF-Q7XN04-F1-model_v4	AF-Q7XN04-F1-model_v4 Os04g0544100 protein	8.652E+00	0.008	12	103	198	258	467	556	841	108	0.372	0.107
LOKIASV2_1209_ESMFold_hypothetical_protein	AF-D3YYU8-F1-model_v4	AF-D3YYU8-F1-model_v4 Obscurin-like protein 1	3.838E+00	0.008	12	31	183	258	546	710	1804	199	0.593	0.091
LOKIASV2_1209_ESMFold_hypothetical_protein	AF-Q9D742-F1-model_v4	AF-Q9D742-F1-model_v4 AP-5 complex subunit sigma-1	6.329E+00	0.007	11	35	165	258	4	125	170	158	0.508	0.718
LOKIASV2_1209_ESMFold_hypothetical_protein	AF-Q9VD91-F1-model_v4	AF-Q9VD91-F1-model_v4 Uncharacterized protein	5.585E+00	0.007	11	71	178	258	9	157	260	163	0.419	0.573
LOKIASV2_1209_ESMFold_hypothetical_protein	AF-A0A5K4EL19-F1-model_v4	AF-A0A5K4EL19-F1-model_v4 Claspin-like protein	9.804E+00	0.007	11	20	109	258	288	387	1504	110	0.349	0.066
LOKIASV2_1209_ESMFold_hypothetical_protein	AF-E9PTB4-F1-model_v4	AF-E9PTB4-F1-model_v4 Secreted and transmembrane 1B	7.635E+00	0.000	10	60	256	258	1	187	218	229	0.764	0.858
LOKIASV2_1209_ESMFold_hypothetical_protein	AF-A0A044V157-F1-model_v4	AF-A0A044V157-F1-model_v4 Uncharacterized protein	9.804E+00	0.000	10	25	255	258	70	266	372	267	0.895	0.530
