LOKIASV2_3621_ESMFold_hypothetical_protein	A0A481ZEV8_unrelaxed_rank_001_alphafold2_ptm_model_1_seed_000.pdb	A0A481ZEV8_unrelaxed_rank_001_alphafold2_ptm_model_1_seed_000.pdb	3.056E-22	1.000	963	35	340	402	96	388	1090	310	0.761	0.269
LOKIASV2_3621_ESMFold_hypothetical_protein	A0A3G5A8C3_unrelaxed_rank_001_alphafold2_ptm_model_5_seed_000.pdb	A0A3G5A8C3_unrelaxed_rank_001_alphafold2_ptm_model_5_seed_000.pdb	7.867E-11	1.000	379	29	339	402	2	328	328	351	0.774	0.997
LOKIASV2_3621_ESMFold_hypothetical_protein	A0A6J5Q2D1_unrelaxed_rank_001_alphafold2_ptm_model_3_seed_000.pdb	A0A6J5Q2D1_unrelaxed_rank_001_alphafold2_ptm_model_3_seed_000.pdb	1.882E-12	1.000	371	29	347	402	392	839	1209	456	0.794	0.371
LOKIASV2_3621_ESMFold_hypothetical_protein	A0A6J5NHQ6_unrelaxed_rank_001_alphafold2_ptm_model_3_seed_000.pdb	A0A6J5NHQ6_unrelaxed_rank_001_alphafold2_ptm_model_3_seed_000.pdb	3.487E-11	1.000	364	52	347	402	424	806	1412	394	0.736	0.271
LOKIASV2_3621_ESMFold_hypothetical_protein	A0A8S5QHK0_unrelaxed_rank_001_alphafold2_ptm_model_4_seed_000.pdb	A0A8S5QHK0_unrelaxed_rank_001_alphafold2_ptm_model_4_seed_000.pdb	2.060E-11	1.000	349	1	373	402	17	362	367	386	0.928	0.943
LOKIASV2_3621_ESMFold_hypothetical_protein	A0A1B0XUE5_unrelaxed_rank_001_alphafold2_ptm_model_3_seed_000.pdb	A0A1B0XUE5_unrelaxed_rank_001_alphafold2_ptm_model_3_seed_000.pdb	2.138E-09	1.000	302	29	350	402	75	371	376	334	0.801	0.790
LOKIASV2_3621_ESMFold_hypothetical_protein	M1PQ47_unrelaxed_rank_001_alphafold2_ptm_model_3_seed_000.pdb	M1PQ47_unrelaxed_rank_001_alphafold2_ptm_model_3_seed_000.pdb	4.155E-08	1.000	297	36	339	402	19	315	315	327	0.756	0.943
LOKIASV2_3621_ESMFold_hypothetical_protein	A0A7S5RAW5_unrelaxed_rank_001_alphafold2_ptm_model_2_seed_000.pdb	A0A7S5RAW5_unrelaxed_rank_001_alphafold2_ptm_model_2_seed_000.pdb	5.307E-09	1.000	294	35	350	402	5	338	703	349	0.786	0.475
LOKIASV2_3621_ESMFold_hypothetical_protein	A0A1V0SF56_2_unrelaxed_rank_001_alphafold2_ptm_model_3_seed_000.pdb	A0A1V0SF56_2_unrelaxed_rank_001_alphafold2_ptm_model_3_seed_000.pdb	7.072E-09	1.000	284	30	350	402	495	805	1003	343	0.799	0.310
LOKIASV2_3621_ESMFold_hypothetical_protein	A0A6G6XQ53_unrelaxed_rank_001_alphafold2_ptm_model_4_seed_000.pdb	A0A6G6XQ53_unrelaxed_rank_001_alphafold2_ptm_model_4_seed_000.pdb	1.756E-08	1.000	271	2	337	402	103	470	483	389	0.836	0.762
LOKIASV2_3621_ESMFold_hypothetical_protein	A0A481Z7C7_unrelaxed_rank_001_alphafold2_ptm_model_2_seed_000.pdb	A0A481Z7C7_unrelaxed_rank_001_alphafold2_ptm_model_2_seed_000.pdb	6.392E-08	1.000	261	35	383	402	19	433	504	436	0.868	0.823
LOKIASV2_3621_ESMFold_hypothetical_protein	A0A2P0VN19_unrelaxed_rank_001_alphafold2_ptm_model_1_seed_000.pdb	A0A2P0VN19_unrelaxed_rank_001_alphafold2_ptm_model_1_seed_000.pdb	4.359E-08	1.000	261	29	346	402	241	542	840	332	0.791	0.360
LOKIASV2_3621_ESMFold_hypothetical_protein	A0A1V0SKV3_unrelaxed_rank_001_alphafold2_ptm_model_2_seed_000.pdb	A0A1V0SKV3_unrelaxed_rank_001_alphafold2_ptm_model_2_seed_000.pdb	2.818E-07	1.000	258	27	338	402	36	349	354	346	0.776	0.887
LOKIASV2_3621_ESMFold_hypothetical_protein	A0A1V0SKR9_unrelaxed_rank_001_alphafold2_ptm_model_3_seed_000.pdb	A0A1V0SKR9_unrelaxed_rank_001_alphafold2_ptm_model_3_seed_000.pdb	2.441E-07	1.000	257	36	339	402	1122	1419	1419	330	0.756	0.210
LOKIASV2_3621_ESMFold_hypothetical_protein	A0A514CTB3_unrelaxed_rank_001_alphafold2_ptm_model_5_seed_000.pdb	A0A514CTB3_unrelaxed_rank_001_alphafold2_ptm_model_5_seed_000.pdb	9.833E-08	1.000	250	27	339	402	10	310	312	332	0.779	0.965
LOKIASV2_3621_ESMFold_hypothetical_protein	A0A6J5MSJ1_unrelaxed_rank_001_alphafold2_ptm_model_2_seed_000.pdb	A0A6J5MSJ1_unrelaxed_rank_001_alphafold2_ptm_model_2_seed_000.pdb	3.580E-07	1.000	243	28	338	402	11	325	329	338	0.774	0.957
LOKIASV2_3621_ESMFold_hypothetical_protein	A0A292GJY9_unrelaxed_rank_001_alphafold2_ptm_model_2_seed_000.pdb	A0A292GJY9_unrelaxed_rank_001_alphafold2_ptm_model_2_seed_000.pdb	3.580E-07	1.000	238	33	350	402	9	325	594	347	0.791	0.534
LOKIASV2_3621_ESMFold_hypothetical_protein	Q0GNN1_unrelaxed_rank_001_alphafold2_ptm_model_3_seed_000.pdb	Q0GNN1_unrelaxed_rank_001_alphafold2_ptm_model_3_seed_000.pdb	1.037E-08	1.000	237	41	335	402	241	545	547	342	0.734	0.558
LOKIASV2_3621_ESMFold_hypothetical_protein	A0A3G1L3P5_unrelaxed_rank_001_alphafold2_ptm_model_3_seed_000.pdb	A0A3G1L3P5_unrelaxed_rank_001_alphafold2_ptm_model_3_seed_000.pdb	1.026E-06	1.000	232	35	337	402	910	1208	1209	332	0.754	0.247
LOKIASV2_3621_ESMFold_hypothetical_protein	A0A6J5KKT3_1_unrelaxed_rank_001_alphafold2_ptm_model_3_seed_000.pdb	A0A6J5KKT3_1_unrelaxed_rank_001_alphafold2_ptm_model_3_seed_000.pdb	2.115E-07	1.000	229	31	343	402	317	647	756	357	0.779	0.438
LOKIASV2_3621_ESMFold_hypothetical_protein	A0A2L0V0I2_unrelaxed_rank_001_alphafold2_ptm_model_2_seed_000.pdb	A0A2L0V0I2_unrelaxed_rank_001_alphafold2_ptm_model_2_seed_000.pdb	2.454E-08	1.000	228	41	326	402	396	754	1383	366	0.711	0.260
LOKIASV2_3621_ESMFold_hypothetical_protein	G0XTQ8_unrelaxed_rank_001_alphafold2_ptm_model_2_seed_000.pdb	G0XTQ8_unrelaxed_rank_001_alphafold2_ptm_model_2_seed_000.pdb	2.956E-07	1.000	223	69	316	402	6	281	288	288	0.617	0.958
LOKIASV2_3621_ESMFold_hypothetical_protein	A0A3G4ZY76_unrelaxed_rank_001_alphafold2_ptm_model_4_seed_000.pdb	A0A3G4ZY76_unrelaxed_rank_001_alphafold2_ptm_model_4_seed_000.pdb	8.120E-08	1.000	221	5	339	402	48	380	381	374	0.833	0.874
LOKIASV2_3621_ESMFold_hypothetical_protein	A0A516MMF7_unrelaxed_rank_001_alphafold2_ptm_model_1_seed_000.pdb	A0A516MMF7_unrelaxed_rank_001_alphafold2_ptm_model_1_seed_000.pdb	2.575E-08	1.000	220	36	340	402	52	473	638	431	0.759	0.661
LOKIASV2_3621_ESMFold_hypothetical_protein	Q5UNY1_unrelaxed_rank_001_alphafold2_ptm_model_5_seed_000.pdb	Q5UNY1_unrelaxed_rank_001_alphafold2_ptm_model_5_seed_000.pdb	8.472E-07	1.000	218	44	308	402	197	476	518	316	0.659	0.541
LOKIASV2_3621_ESMFold_hypothetical_protein	A0A3G5A3M5_unrelaxed_rank_001_alphafold2_ptm_model_1_seed_000.pdb	A0A3G5A3M5_unrelaxed_rank_001_alphafold2_ptm_model_1_seed_000.pdb	3.412E-07	1.000	210	34	337	402	84	399	422	349	0.756	0.749
LOKIASV2_3621_ESMFold_hypothetical_protein	A0A5C1K6R5_unrelaxed_rank_001_alphafold2_ptm_model_3_seed_000.pdb	A0A5C1K6R5_unrelaxed_rank_001_alphafold2_ptm_model_3_seed_000.pdb	2.218E-07	1.000	207	22	337	402	4	304	305	351	0.786	0.987
LOKIASV2_3621_ESMFold_hypothetical_protein	A0A6J5RHN5_unrelaxed_rank_001_alphafold2_ptm_model_3_seed_000.pdb	A0A6J5RHN5_unrelaxed_rank_001_alphafold2_ptm_model_3_seed_000.pdb	5.507E-07	1.000	206	37	293	402	68	346	397	291	0.639	0.703
LOKIASV2_3621_ESMFold_hypothetical_protein	A0A6G5XY83_unrelaxed_rank_001_alphafold2_ptm_model_3_seed_000.pdb	A0A6G5XY83_unrelaxed_rank_001_alphafold2_ptm_model_3_seed_000.pdb	9.780E-07	1.000	204	36	340	402	49	385	506	359	0.759	0.666
LOKIASV2_3621_ESMFold_hypothetical_protein	A0A3G4ZRQ5_unrelaxed_rank_001_alphafold2_ptm_model_1_seed_000.pdb	A0A3G4ZRQ5_unrelaxed_rank_001_alphafold2_ptm_model_1_seed_000.pdb	4.523E-06	1.000	203	33	339	402	265	649	649	393	0.764	0.593
LOKIASV2_3621_ESMFold_hypothetical_protein	A0A6J7WXH5_unrelaxed_rank_001_alphafold2_ptm_model_2_seed_000.pdb	A0A6J7WXH5_unrelaxed_rank_001_alphafold2_ptm_model_2_seed_000.pdb	4.770E-07	1.000	202	37	340	402	52	380	514	359	0.756	0.640
LOKIASV2_3621_ESMFold_hypothetical_protein	A0A2P0VP16_unrelaxed_rank_001_alphafold2_ptm_model_1_seed_000.pdb	A0A2P0VP16_unrelaxed_rank_001_alphafold2_ptm_model_1_seed_000.pdb	4.312E-06	1.000	202	44	364	402	638	946	965	346	0.799	0.320
LOKIASV2_3621_ESMFold_hypothetical_protein	A0A5P8D2X8_unrelaxed_rank_001_alphafold2_ptm_model_4_seed_000.pdb	A0A5P8D2X8_unrelaxed_rank_001_alphafold2_ptm_model_4_seed_000.pdb	1.513E-07	1.000	199	23	339	402	2	311	311	356	0.789	0.997
LOKIASV2_3621_ESMFold_hypothetical_protein	A0A516KVZ4_unrelaxed_rank_001_alphafold2_ptm_model_1_seed_000.pdb	A0A516KVZ4_unrelaxed_rank_001_alphafold2_ptm_model_1_seed_000.pdb	1.367E-06	1.000	191	47	341	402	206	554	741	368	0.734	0.471
LOKIASV2_3621_ESMFold_hypothetical_protein	A0A1L2CVR1_unrelaxed_rank_001_alphafold2_ptm_model_1_seed_000.pdb	A0A1L2CVR1_unrelaxed_rank_001_alphafold2_ptm_model_1_seed_000.pdb	2.005E-06	1.000	188	29	283	402	13	271	285	286	0.634	0.909
LOKIASV2_3621_ESMFold_hypothetical_protein	A0A481Z8Q9_unrelaxed_rank_001_alphafold2_ptm_model_1_seed_000.pdb	A0A481Z8Q9_unrelaxed_rank_001_alphafold2_ptm_model_1_seed_000.pdb	3.235E-06	1.000	186	43	342	402	1	308	312	331	0.746	0.987
LOKIASV2_3621_ESMFold_hypothetical_protein	A0A5C1K815_unrelaxed_rank_001_alphafold2_ptm_model_4_seed_000.pdb	A0A5C1K815_unrelaxed_rank_001_alphafold2_ptm_model_4_seed_000.pdb	9.780E-07	1.000	186	29	291	402	11	301	312	316	0.654	0.933
LOKIASV2_3621_ESMFold_hypothetical_protein	A0A3G5A4Z7_unrelaxed_rank_001_alphafold2_ptm_model_4_seed_000.pdb	A0A3G5A4Z7_unrelaxed_rank_001_alphafold2_ptm_model_4_seed_000.pdb	2.194E-05	1.000	186	35	339	402	3	408	411	413	0.759	0.988
LOKIASV2_3621_ESMFold_hypothetical_protein	A0A3G5A8Y6_unrelaxed_rank_001_alphafold2_ptm_model_3_seed_000.pdb	A0A3G5A8Y6_unrelaxed_rank_001_alphafold2_ptm_model_3_seed_000.pdb	9.727E-06	1.000	186	36	342	402	219	536	537	347	0.764	0.592
LOKIASV2_3621_ESMFold_hypothetical_protein	A0A2D1GML5_unrelaxed_rank_001_alphafold2_ptm_model_3_seed_000.pdb	A0A2D1GML5_unrelaxed_rank_001_alphafold2_ptm_model_3_seed_000.pdb	1.082E-07	1.000	186	29	347	402	825	1190	1500	399	0.794	0.244
LOKIASV2_3621_ESMFold_hypothetical_protein	A0A1C3NFM4_unrelaxed_rank_001_alphafold2_ptm_model_3_seed_000.pdb	A0A1C3NFM4_unrelaxed_rank_001_alphafold2_ptm_model_3_seed_000.pdb	2.103E-06	1.000	185	29	343	402	118	420	1330	350	0.784	0.228
LOKIASV2_3621_ESMFold_hypothetical_protein	A0A8D4GPH0_unrelaxed_rank_001_alphafold2_ptm_model_5_seed_000.pdb	A0A8D4GPH0_unrelaxed_rank_001_alphafold2_ptm_model_5_seed_000.pdb	1.242E-06	1.000	182	45	339	402	32	365	365	349	0.734	0.915
LOKIASV2_3621_ESMFold_hypothetical_protein	A0A2I7QX64_unrelaxed_rank_001_alphafold2_ptm_model_4_seed_000.pdb	A0A2I7QX64_unrelaxed_rank_001_alphafold2_ptm_model_4_seed_000.pdb	2.657E-05	1.000	182	34	339	402	68	410	412	361	0.761	0.833
LOKIASV2_3621_ESMFold_hypothetical_protein	P22611_unrelaxed_rank_001_alphafold2_ptm_model_4_seed_000.pdb	P22611_unrelaxed_rank_001_alphafold2_ptm_model_4_seed_000.pdb	2.194E-05	1.000	181	43	269	402	265	501	515	254	0.565	0.460
LOKIASV2_3621_ESMFold_hypothetical_protein	A0A6J5MWX4_unrelaxed_rank_001_alphafold2_ptm_model_4_seed_000.pdb	A0A6J5MWX4_unrelaxed_rank_001_alphafold2_ptm_model_4_seed_000.pdb	5.477E-06	1.000	180	34	321	402	12	314	319	325	0.716	0.950
LOKIASV2_3621_ESMFold_hypothetical_protein	A0A516MA70_unrelaxed_rank_001_alphafold2_ptm_model_4_seed_000.pdb	A0A516MA70_unrelaxed_rank_001_alphafold2_ptm_model_4_seed_000.pdb	3.541E-05	1.000	178	44	307	402	72	358	378	301	0.657	0.759
LOKIASV2_3621_ESMFold_hypothetical_protein	A0A2P1EMQ6_unrelaxed_rank_001_alphafold2_ptm_model_3_seed_000.pdb	A0A2P1EMQ6_unrelaxed_rank_001_alphafold2_ptm_model_3_seed_000.pdb	4.312E-06	1.000	177	32	340	402	157	438	464	329	0.769	0.608
LOKIASV2_3621_ESMFold_hypothetical_protein	A0A1S5V227_unrelaxed_rank_001_alphafold2_ptm_model_3_seed_000.pdb	A0A1S5V227_unrelaxed_rank_001_alphafold2_ptm_model_3_seed_000.pdb	4.745E-06	1.000	175	52	340	402	200	485	509	318	0.719	0.562
LOKIASV2_3621_ESMFold_hypothetical_protein	A0A220T6M4_unrelaxed_rank_001_alphafold2_ptm_model_1_seed_000.pdb	A0A220T6M4_unrelaxed_rank_001_alphafold2_ptm_model_1_seed_000.pdb	2.547E-06	1.000	175	47	307	402	256	534	537	307	0.649	0.520
LOKIASV2_3621_ESMFold_hypothetical_protein	A0A345MNJ1_4_unrelaxed_rank_001_alphafold2_ptm_model_3_seed_000.pdb	A0A345MNJ1_4_unrelaxed_rank_001_alphafold2_ptm_model_3_seed_000.pdb	1.236E-05	1.000	175	38	343	402	857	1257	1262	414	0.761	0.318
LOKIASV2_3621_ESMFold_hypothetical_protein	A0A6J5KG14_unrelaxed_rank_001_alphafold2_ptm_model_4_seed_000.pdb	A0A6J5KG14_unrelaxed_rank_001_alphafold2_ptm_model_4_seed_000.pdb	1.647E-05	1.000	173	36	338	402	51	352	467	336	0.754	0.647
LOKIASV2_3621_ESMFold_hypothetical_protein	A0A0K1LM19_unrelaxed_rank_001_alphafold2_ptm_model_4_seed_000.pdb	A0A0K1LM19_unrelaxed_rank_001_alphafold2_ptm_model_4_seed_000.pdb	1.178E-05	1.000	172	91	339	402	143	404	409	277	0.619	0.641
LOKIASV2_3621_ESMFold_hypothetical_protein	A0A8S5RKN3_unrelaxed_rank_001_alphafold2_ptm_model_3_seed_000.pdb	A0A8S5RKN3_unrelaxed_rank_001_alphafold2_ptm_model_3_seed_000.pdb	1.242E-06	1.000	172	36	340	402	261	590	611	369	0.759	0.540
LOKIASV2_3621_ESMFold_hypothetical_protein	G3MAG8_2_unrelaxed_rank_001_alphafold2_ptm_model_1_seed_000.pdb	G3MAG8_2_unrelaxed_rank_001_alphafold2_ptm_model_1_seed_000.pdb	3.101E-07	1.000	172	29	340	402	224	593	913	393	0.776	0.405
LOKIASV2_3621_ESMFold_hypothetical_protein	A0A6J7XQA9_unrelaxed_rank_001_alphafold2_ptm_model_2_seed_000.pdb	A0A6J7XQA9_unrelaxed_rank_001_alphafold2_ptm_model_2_seed_000.pdb	2.415E-05	1.000	171	29	339	402	9	305	305	345	0.774	0.974
LOKIASV2_3621_ESMFold_hypothetical_protein	A0A8S5MPH7_unrelaxed_rank_001_alphafold2_ptm_model_5_seed_000.pdb	A0A8S5MPH7_unrelaxed_rank_001_alphafold2_ptm_model_5_seed_000.pdb	1.496E-05	1.000	168	93	338	402	134	362	370	263	0.612	0.619
LOKIASV2_3621_ESMFold_hypothetical_protein	A0A5Q2W7T8_unrelaxed_rank_001_alphafold2_ptm_model_1_seed_000.pdb	A0A5Q2W7T8_unrelaxed_rank_001_alphafold2_ptm_model_1_seed_000.pdb	6.027E-06	1.000	167	33	338	402	16	421	564	424	0.761	0.720
LOKIASV2_3621_ESMFold_hypothetical_protein	A0A385A1K7_2_unrelaxed_rank_001_alphafold2_ptm_model_3_seed_000.pdb	A0A385A1K7_2_unrelaxed_rank_001_alphafold2_ptm_model_3_seed_000.pdb	1.123E-05	1.000	164	43	326	402	442	723	1004	320	0.706	0.281
LOKIASV2_3621_ESMFold_hypothetical_protein	F8V534_unrelaxed_rank_001_alphafold2_ptm_model_4_seed_000.pdb	F8V534_unrelaxed_rank_001_alphafold2_ptm_model_4_seed_000.pdb	3.560E-06	1.000	163	47	344	402	78	373	375	347	0.741	0.789
LOKIASV2_3621_ESMFold_hypothetical_protein	A0A5Q2W5E4_unrelaxed_rank_001_alphafold2_ptm_model_3_seed_000.pdb	A0A5Q2W5E4_unrelaxed_rank_001_alphafold2_ptm_model_3_seed_000.pdb	9.272E-06	1.000	162	36	339	402	59	462	611	417	0.756	0.661
LOKIASV2_3621_ESMFold_hypothetical_protein	A0A8S0IER6_unrelaxed_rank_001_alphafold2_ptm_model_3_seed_000.pdb	A0A8S0IER6_unrelaxed_rank_001_alphafold2_ptm_model_3_seed_000.pdb	4.950E-05	1.000	159	71	320	402	10	274	274	292	0.622	0.967
LOKIASV2_3621_ESMFold_hypothetical_protein	A0A9E8GB16_unrelaxed_rank_001_alphafold2_ptm_model_5_seed_000.pdb	A0A9E8GB16_unrelaxed_rank_001_alphafold2_ptm_model_5_seed_000.pdb	1.901E-05	1.000	159	37	339	402	20	308	308	340	0.754	0.938
LOKIASV2_3621_ESMFold_hypothetical_protein	P32206_unrelaxed_rank_001_alphafold2_ptm_model_5_seed_000.pdb	P32206_unrelaxed_rank_001_alphafold2_ptm_model_5_seed_000.pdb	1.496E-05	1.000	159	93	310	402	294	500	500	247	0.542	0.414
LOKIASV2_3621_ESMFold_hypothetical_protein	A0A6J5KMA6_unrelaxed_rank_001_alphafold2_ptm_model_3_seed_000.pdb	A0A6J5KMA6_unrelaxed_rank_001_alphafold2_ptm_model_3_seed_000.pdb	6.996E-07	1.000	159	33	342	402	201	528	734	355	0.771	0.447
LOKIASV2_3621_ESMFold_hypothetical_protein	A0A1B1ITF0_unrelaxed_rank_001_alphafold2_ptm_model_3_seed_000.pdb	A0A1B1ITF0_unrelaxed_rank_001_alphafold2_ptm_model_3_seed_000.pdb	5.193E-05	1.000	157	37	337	402	54	361	492	340	0.749	0.626
LOKIASV2_3621_ESMFold_hypothetical_protein	A0A1V0SEC4_unrelaxed_rank_001_alphafold2_ptm_model_4_seed_000.pdb	A0A1V0SEC4_unrelaxed_rank_001_alphafold2_ptm_model_4_seed_000.pdb	1.236E-05	1.000	156	29	344	402	7	395	422	417	0.786	0.922
LOKIASV2_3621_ESMFold_hypothetical_protein	A0A1Y0STL4_unrelaxed_rank_001_alphafold2_ptm_model_4_seed_000.pdb	A0A1Y0STL4_unrelaxed_rank_001_alphafold2_ptm_model_4_seed_000.pdb	8.791E-05	1.000	154	122	350	402	21	272	493	263	0.570	0.511
LOKIASV2_3621_ESMFold_hypothetical_protein	A0A481Z9F8_unrelaxed_rank_001_alphafold2_ptm_model_3_seed_000.pdb	A0A481Z9F8_unrelaxed_rank_001_alphafold2_ptm_model_3_seed_000.pdb	4.288E-05	1.000	153	34	346	402	3	357	357	388	0.779	0.994
LOKIASV2_3621_ESMFold_hypothetical_protein	A0A811AAV6_unrelaxed_rank_001_alphafold2_ptm_model_5_seed_000.pdb	A0A811AAV6_unrelaxed_rank_001_alphafold2_ptm_model_5_seed_000.pdb	5.477E-06	1.000	153	15	320	402	246	574	589	358	0.761	0.559
LOKIASV2_3621_ESMFold_hypothetical_protein	D2TFA7_unrelaxed_rank_001_alphafold2_ptm_model_3_seed_000.pdb	D2TFA7_unrelaxed_rank_001_alphafold2_ptm_model_3_seed_000.pdb	1.570E-05	1.000	152	36	309	402	24	321	329	323	0.682	0.906
LOKIASV2_3621_ESMFold_hypothetical_protein	A0A2I2L3A4_unrelaxed_rank_001_alphafold2_ptm_model_4_seed_000.pdb	A0A2I2L3A4_unrelaxed_rank_001_alphafold2_ptm_model_4_seed_000.pdb	3.394E-06	1.000	152	29	339	402	16	337	337	384	0.774	0.955
LOKIASV2_3621_ESMFold_hypothetical_protein	A0A096XUT8_unrelaxed_rank_001_alphafold2_ptm_model_1_seed_000.pdb	A0A096XUT8_unrelaxed_rank_001_alphafold2_ptm_model_1_seed_000.pdb	2.924E-05	1.000	151	35	338	402	45	412	523	387	0.756	0.704
LOKIASV2_3621_ESMFold_hypothetical_protein	A0A514CT93_unrelaxed_rank_001_alphafold2_ptm_model_2_seed_000.pdb	A0A514CT93_unrelaxed_rank_001_alphafold2_ptm_model_2_seed_000.pdb	7.260E-05	1.000	150	35	311	402	119	406	683	315	0.689	0.422
LOKIASV2_3621_ESMFold_hypothetical_protein	A0A2I2L546_unrelaxed_rank_001_alphafold2_ptm_model_4_seed_000.pdb	A0A2I2L546_unrelaxed_rank_001_alphafold2_ptm_model_4_seed_000.pdb	1.727E-05	1.000	146	45	339	402	201	495	495	343	0.734	0.596
LOKIASV2_3621_ESMFold_hypothetical_protein	Q2Z0S6_unrelaxed_rank_001_alphafold2_ptm_model_3_seed_000.pdb	Q2Z0S6_unrelaxed_rank_001_alphafold2_ptm_model_3_seed_000.pdb	4.950E-05	1.000	144	36	337	402	227	499	500	323	0.751	0.546
LOKIASV2_3621_ESMFold_hypothetical_protein	Q5GAC9_unrelaxed_rank_001_alphafold2_ptm_model_3_seed_000.pdb	Q5GAC9_unrelaxed_rank_001_alphafold2_ptm_model_3_seed_000.pdb	1.360E-05	1.000	143	17	338	402	3	437	574	461	0.801	0.758
LOKIASV2_3621_ESMFold_hypothetical_protein	A0A6B9R1P0_unrelaxed_rank_001_alphafold2_ptm_model_3_seed_000.pdb	A0A6B9R1P0_unrelaxed_rank_001_alphafold2_ptm_model_3_seed_000.pdb	7.260E-05	1.000	142	2	310	402	486	784	793	342	0.769	0.377
LOKIASV2_3621_ESMFold_hypothetical_protein	A0A4P8EUT0_unrelaxed_rank_001_alphafold2_ptm_model_4_seed_000.pdb	A0A4P8EUT0_unrelaxed_rank_001_alphafold2_ptm_model_4_seed_000.pdb	7.575E-04	1.000	141	38	221	402	9	201	217	201	0.458	0.889
LOKIASV2_3621_ESMFold_hypothetical_protein	A0A6J7X4S6_unrelaxed_rank_001_alphafold2_ptm_model_2_seed_000.pdb	A0A6J7X4S6_unrelaxed_rank_001_alphafold2_ptm_model_2_seed_000.pdb	3.897E-05	1.000	141	29	316	402	219	600	744	404	0.716	0.513
LOKIASV2_3621_ESMFold_hypothetical_protein	A0A8S5LSD1_unrelaxed_rank_001_alphafold2_ptm_model_1_seed_000.pdb	A0A8S5LSD1_unrelaxed_rank_001_alphafold2_ptm_model_1_seed_000.pdb	1.442E-07	1.000	141	1	346	402	197	755	801	581	0.861	0.698
LOKIASV2_3621_ESMFold_hypothetical_protein	A9J1F4_unrelaxed_rank_001_alphafold2_ptm_model_4_seed_000.pdb	A9J1F4_unrelaxed_rank_001_alphafold2_ptm_model_4_seed_000.pdb	1.070E-05	1.000	140	46	346	402	206	480	495	330	0.749	0.556
LOKIASV2_3621_ESMFold_hypothetical_protein	A0A1V0SEE2_unrelaxed_rank_001_alphafold2_ptm_model_2_seed_000.pdb	A0A1V0SEE2_unrelaxed_rank_001_alphafold2_ptm_model_2_seed_000.pdb	1.360E-05	1.000	139	48	342	402	2	247	327	312	0.734	0.752
LOKIASV2_3621_ESMFold_hypothetical_protein	A0A0S3UG02_unrelaxed_rank_001_alphafold2_ptm_model_4_seed_000.pdb	A0A0S3UG02_unrelaxed_rank_001_alphafold2_ptm_model_4_seed_000.pdb	1.015E-04	1.000	133	36	339	402	4	369	390	389	0.756	0.938
LOKIASV2_3621_ESMFold_hypothetical_protein	A0A5Q2F3L1_unrelaxed_rank_001_alphafold2_ptm_model_3_seed_000.pdb	A0A5Q2F3L1_unrelaxed_rank_001_alphafold2_ptm_model_3_seed_000.pdb	6.958E-06	1.000	133	29	352	402	239	605	884	414	0.806	0.415
LOKIASV2_3621_ESMFold_hypothetical_protein	A0A0M3UKZ0_unrelaxed_rank_001_alphafold2_ptm_model_2_seed_000.pdb	A0A0M3UKZ0_unrelaxed_rank_001_alphafold2_ptm_model_2_seed_000.pdb	2.428E-06	1.000	133	41	342	402	409	820	1013	444	0.751	0.407
LOKIASV2_3621_ESMFold_hypothetical_protein	A0A6J5QA63_unrelaxed_rank_001_alphafold2_ptm_model_1_seed_000.pdb	A0A6J5QA63_unrelaxed_rank_001_alphafold2_ptm_model_1_seed_000.pdb	5.448E-05	1.000	132	29	360	402	11	386	1101	407	0.826	0.342
LOKIASV2_3621_ESMFold_hypothetical_protein	A0A2P0VN58_unrelaxed_rank_001_alphafold2_ptm_model_2_seed_000.pdb	A0A2P0VN58_unrelaxed_rank_001_alphafold2_ptm_model_2_seed_000.pdb	7.989E-05	1.000	131	41	342	402	225	565	829	363	0.751	0.411
LOKIASV2_3621_ESMFold_hypothetical_protein	H2EFK8_unrelaxed_rank_001_alphafold2_ptm_model_1_seed_000.pdb	H2EFK8_unrelaxed_rank_001_alphafold2_ptm_model_1_seed_000.pdb	1.973E-03	1.000	130	94	321	402	3	224	236	250	0.567	0.941
LOKIASV2_3621_ESMFold_hypothetical_protein	A0A481Z7F2_unrelaxed_rank_001_alphafold2_ptm_model_4_seed_000.pdb	A0A481Z7F2_unrelaxed_rank_001_alphafold2_ptm_model_4_seed_000.pdb	3.068E-05	1.000	130	39	339	402	20	310	326	337	0.749	0.893
LOKIASV2_3621_ESMFold_hypothetical_protein	A0A6J5LA33_unrelaxed_rank_001_alphafold2_ptm_model_3_seed_000.pdb	A0A6J5LA33_unrelaxed_rank_001_alphafold2_ptm_model_3_seed_000.pdb	1.352E-04	1.000	130	41	321	402	59	349	351	331	0.699	0.829
LOKIASV2_3621_ESMFold_hypothetical_protein	A0A292GKP9_unrelaxed_rank_001_alphafold2_ptm_model_2_seed_000.pdb	A0A292GKP9_unrelaxed_rank_001_alphafold2_ptm_model_2_seed_000.pdb	5.963E-04	1.000	130	38	320	402	214	509	1259	320	0.704	0.235
LOKIASV2_3621_ESMFold_hypothetical_protein	A0A6J5RTD3_unrelaxed_rank_001_alphafold2_ptm_model_1_seed_000.pdb	A0A6J5RTD3_unrelaxed_rank_001_alphafold2_ptm_model_1_seed_000.pdb	4.499E-05	1.000	129	36	338	402	48	394	538	395	0.754	0.645
LOKIASV2_3621_ESMFold_hypothetical_protein	R4THN4_2_unrelaxed_rank_001_alphafold2_ptm_model_1_seed_000.pdb	R4THN4_2_unrelaxed_rank_001_alphafold2_ptm_model_1_seed_000.pdb	2.194E-05	1.000	129	49	341	402	34	387	866	378	0.729	0.409
LOKIASV2_3621_ESMFold_hypothetical_protein	A0A481Z5Z1_unrelaxed_rank_001_alphafold2_ptm_model_3_seed_000.pdb	A0A481Z5Z1_unrelaxed_rank_001_alphafold2_ptm_model_3_seed_000.pdb	1.553E-03	1.000	127	41	235	402	1	181	203	203	0.485	0.892
LOKIASV2_3621_ESMFold_hypothetical_protein	A0A7D3QJR8_unrelaxed_rank_001_alphafold2_ptm_model_2_seed_000.pdb	A0A7D3QJR8_unrelaxed_rank_001_alphafold2_ptm_model_2_seed_000.pdb	2.081E-04	1.000	127	30	338	402	12	315	318	349	0.769	0.956
LOKIASV2_3621_ESMFold_hypothetical_protein	A0A2I2L3N9_unrelaxed_rank_001_alphafold2_ptm_model_3_seed_000.pdb	A0A2I2L3N9_unrelaxed_rank_001_alphafold2_ptm_model_3_seed_000.pdb	2.290E-04	1.000	127	52	264	402	109	303	370	224	0.530	0.527
LOKIASV2_3621_ESMFold_hypothetical_protein	A0A2I7R910_unrelaxed_rank_001_alphafold2_ptm_model_2_seed_000.pdb	A0A2I7R910_unrelaxed_rank_001_alphafold2_ptm_model_2_seed_000.pdb	4.694E-04	1.000	127	35	338	402	51	566	739	526	0.756	0.698
LOKIASV2_3621_ESMFold_hypothetical_protein	A0A3G4ZYW7_unrelaxed_rank_001_alphafold2_ptm_model_1_seed_000.pdb	A0A3G4ZYW7_unrelaxed_rank_001_alphafold2_ptm_model_1_seed_000.pdb	4.474E-04	1.000	126	51	251	402	48	267	397	235	0.500	0.554
LOKIASV2_3621_ESMFold_hypothetical_protein	A0A6J7W9V9_unrelaxed_rank_001_alphafold2_ptm_model_4_seed_000.pdb	A0A6J7W9V9_unrelaxed_rank_001_alphafold2_ptm_model_4_seed_000.pdb	1.229E-04	1.000	126	36	345	402	76	382	411	350	0.771	0.747
LOKIASV2_3621_ESMFold_hypothetical_protein	A0A3G5A2M7_unrelaxed_rank_001_alphafold2_ptm_model_4_seed_000.pdb	A0A3G5A2M7_unrelaxed_rank_001_alphafold2_ptm_model_4_seed_000.pdb	1.488E-04	1.000	125	38	259	402	5	265	266	275	0.552	0.981
LOKIASV2_3621_ESMFold_hypothetical_protein	A0A4Y7LM79_unrelaxed_rank_001_alphafold2_ptm_model_3_seed_000.pdb	A0A4Y7LM79_unrelaxed_rank_001_alphafold2_ptm_model_3_seed_000.pdb	1.561E-04	1.000	124	93	326	402	225	480	525	282	0.582	0.488
LOKIASV2_3621_ESMFold_hypothetical_protein	A0A8E7KXF9_unrelaxed_rank_001_alphafold2_ptm_model_1_seed_000.pdb	A0A8E7KXF9_unrelaxed_rank_001_alphafold2_ptm_model_1_seed_000.pdb	3.068E-05	1.000	124	20	326	402	530	919	1040	412	0.764	0.375
LOKIASV2_3621_ESMFold_hypothetical_protein	A0A3G5A245_unrelaxed_rank_001_alphafold2_ptm_model_3_seed_000.pdb	A0A3G5A245_unrelaxed_rank_001_alphafold2_ptm_model_3_seed_000.pdb	4.499E-05	1.000	123	49	335	402	110	422	451	338	0.714	0.694
LOKIASV2_3621_ESMFold_hypothetical_protein	A0A212PP52_unrelaxed_rank_001_alphafold2_ptm_model_4_seed_000.pdb	A0A212PP52_unrelaxed_rank_001_alphafold2_ptm_model_4_seed_000.pdb	6.289E-05	1.000	122	29	320	402	23	265	265	311	0.726	0.917
LOKIASV2_3621_ESMFold_hypothetical_protein	A0A7S5T407_unrelaxed_rank_001_alphafold2_ptm_model_3_seed_000.pdb	A0A7S5T407_unrelaxed_rank_001_alphafold2_ptm_model_3_seed_000.pdb	1.891E-04	1.000	121	40	327	402	782	1120	1457	350	0.716	0.233
LOKIASV2_3621_ESMFold_hypothetical_protein	A0A1V0SA63_unrelaxed_rank_001_alphafold2_ptm_model_5_seed_000.pdb	A0A1V0SA63_unrelaxed_rank_001_alphafold2_ptm_model_5_seed_000.pdb	6.921E-05	1.000	120	43	264	402	2	253	299	275	0.552	0.843
LOKIASV2_3621_ESMFold_hypothetical_protein	A0A1V0SEH2_unrelaxed_rank_001_alphafold2_ptm_model_2_seed_000.pdb	A0A1V0SEH2_unrelaxed_rank_001_alphafold2_ptm_model_2_seed_000.pdb	2.081E-04	1.000	120	33	342	402	121	544	614	444	0.771	0.691
LOKIASV2_3621_ESMFold_hypothetical_protein	A0A6J5LM76_unrelaxed_rank_001_alphafold2_ptm_model_1_seed_000.pdb	A0A6J5LM76_unrelaxed_rank_001_alphafold2_ptm_model_1_seed_000.pdb	2.520E-04	1.000	119	52	295	402	207	462	606	287	0.607	0.422
LOKIASV2_3621_ESMFold_hypothetical_protein	A0A516LGL2_unrelaxed_rank_001_alphafold2_ptm_model_1_seed_000.pdb	A0A516LGL2_unrelaxed_rank_001_alphafold2_ptm_model_1_seed_000.pdb	1.718E-04	1.000	119	43	338	402	97	483	665	401	0.736	0.582
LOKIASV2_3621_ESMFold_hypothetical_protein	A0A7T3TLB7_unrelaxed_rank_001_alphafold2_ptm_model_3_seed_000.pdb	A0A7T3TLB7_unrelaxed_rank_001_alphafold2_ptm_model_3_seed_000.pdb	4.719E-05	1.000	119	18	342	402	296	687	699	411	0.808	0.561
LOKIASV2_3621_ESMFold_hypothetical_protein	A0A212PS62_unrelaxed_rank_001_alphafold2_ptm_model_1_seed_000.pdb	A0A212PS62_unrelaxed_rank_001_alphafold2_ptm_model_1_seed_000.pdb	9.123E-03	1.000	115	38	164	402	4	133	137	133	0.316	0.949
LOKIASV2_3621_ESMFold_hypothetical_protein	A0A8E4ZG39_unrelaxed_rank_001_alphafold2_ptm_model_3_seed_000.pdb	A0A8E4ZG39_unrelaxed_rank_001_alphafold2_ptm_model_3_seed_000.pdb	6.958E-06	1.000	115	40	316	402	26	373	408	357	0.689	0.853
LOKIASV2_3621_ESMFold_hypothetical_protein	A0A6J5L7E3_unrelaxed_rank_001_alphafold2_ptm_model_2_seed_000.pdb	A0A6J5L7E3_unrelaxed_rank_001_alphafold2_ptm_model_2_seed_000.pdb	1.123E-05	1.000	115	49	341	402	239	636	733	418	0.729	0.543
LOKIASV2_3621_ESMFold_hypothetical_protein	A0A481Z5S2_unrelaxed_rank_001_alphafold2_ptm_model_5_seed_000.pdb	A0A481Z5S2_unrelaxed_rank_001_alphafold2_ptm_model_5_seed_000.pdb	7.946E-04	1.000	113	48	339	402	81	462	462	408	0.726	0.827
LOKIASV2_3621_ESMFold_hypothetical_protein	A0A516MQ05_unrelaxed_rank_001_alphafold2_ptm_model_3_seed_000.pdb	A0A516MQ05_unrelaxed_rank_001_alphafold2_ptm_model_3_seed_000.pdb	4.719E-05	1.000	111	46	342	402	453	837	1061	406	0.739	0.363
LOKIASV2_3621_ESMFold_hypothetical_protein	A0A6J7WIH8_unrelaxed_rank_001_alphafold2_ptm_model_3_seed_000.pdb	A0A6J7WIH8_unrelaxed_rank_001_alphafold2_ptm_model_3_seed_000.pdb	2.389E-03	1.000	110	29	263	402	2	221	233	247	0.585	0.944
LOKIASV2_3621_ESMFold_hypothetical_protein	A0A516LIE0_unrelaxed_rank_001_alphafold2_ptm_model_1_seed_000.pdb	A0A516LIE0_unrelaxed_rank_001_alphafold2_ptm_model_1_seed_000.pdb	1.352E-04	1.000	109	33	326	402	319	642	797	366	0.731	0.407
LOKIASV2_3621_ESMFold_hypothetical_protein	A0A481Z821_unrelaxed_rank_001_alphafold2_ptm_model_3_seed_000.pdb	A0A481Z821_unrelaxed_rank_001_alphafold2_ptm_model_3_seed_000.pdb	3.339E-03	1.000	108	38	295	402	1	265	537	297	0.642	0.493
LOKIASV2_3621_ESMFold_hypothetical_protein	A0A6J5P004_unrelaxed_rank_001_alphafold2_ptm_model_1_seed_000.pdb	A0A6J5P004_unrelaxed_rank_001_alphafold2_ptm_model_1_seed_000.pdb	2.103E-06	1.000	108	45	340	402	355	787	851	446	0.736	0.509
LOKIASV2_3621_ESMFold_hypothetical_protein	A0A514CTA6_unrelaxed_rank_001_alphafold2_ptm_model_2_seed_000.pdb	A0A514CTA6_unrelaxed_rank_001_alphafold2_ptm_model_2_seed_000.pdb	3.695E-04	1.000	107	42	320	402	147	439	718	323	0.694	0.408
LOKIASV2_3621_ESMFold_hypothetical_protein	Q1M1B5_unrelaxed_rank_001_alphafold2_ptm_model_4_seed_000.pdb	Q1M1B5_unrelaxed_rank_001_alphafold2_ptm_model_4_seed_000.pdb	2.506E-03	1.000	106	28	189	402	153	302	314	171	0.403	0.478
LOKIASV2_3621_ESMFold_hypothetical_protein	A0A6J5N4W8_unrelaxed_rank_001_alphafold2_ptm_model_4_seed_000.pdb	A0A6J5N4W8_unrelaxed_rank_001_alphafold2_ptm_model_4_seed_000.pdb	9.622E-04	1.000	106	36	335	402	23	340	413	362	0.746	0.770
LOKIASV2_3621_ESMFold_hypothetical_protein	A0A6J7X8H8_unrelaxed_rank_001_alphafold2_ptm_model_1_seed_000.pdb	A0A6J7X8H8_unrelaxed_rank_001_alphafold2_ptm_model_1_seed_000.pdb	4.288E-05	1.000	106	33	350	402	54	427	661	415	0.791	0.566
LOKIASV2_3621_ESMFold_hypothetical_protein	A0A8S5REC6_unrelaxed_rank_001_alphafold2_ptm_model_1_seed_000.pdb	A0A8S5REC6_unrelaxed_rank_001_alphafold2_ptm_model_1_seed_000.pdb	3.068E-05	1.000	106	35	338	402	206	552	760	400	0.756	0.457
LOKIASV2_3621_ESMFold_hypothetical_protein	A0A2I2L409_unrelaxed_rank_001_alphafold2_ptm_model_5_seed_000.pdb	A0A2I2L409_unrelaxed_rank_001_alphafold2_ptm_model_5_seed_000.pdb	1.352E-04	1.000	105	24	336	402	82	383	384	364	0.779	0.786
LOKIASV2_3621_ESMFold_hypothetical_protein	A0A1B1IWE1_unrelaxed_rank_001_alphafold2_ptm_model_1_seed_000.pdb	A0A1B1IWE1_unrelaxed_rank_001_alphafold2_ptm_model_1_seed_000.pdb	4.694E-04	1.000	103	34	341	402	189	581	599	420	0.766	0.656
LOKIASV2_3621_ESMFold_hypothetical_protein	A0A7T8IXX1_unrelaxed_rank_001_alphafold2_ptm_model_2_seed_000.pdb	A0A7T8IXX1_unrelaxed_rank_001_alphafold2_ptm_model_2_seed_000.pdb	2.533E-05	1.000	103	41	355	402	1	307	1171	363	0.784	0.262
LOKIASV2_3621_ESMFold_hypothetical_protein	A0A1V0SLH3_unrelaxed_rank_001_alphafold2_ptm_model_2_seed_000.pdb	A0A1V0SLH3_unrelaxed_rank_001_alphafold2_ptm_model_2_seed_000.pdb	1.105E-02	1.000	102	127	332	402	88	328	506	248	0.512	0.476
LOKIASV2_3621_ESMFold_hypothetical_protein	A0A212PML8_unrelaxed_rank_001_alphafold2_ptm_model_1_seed_000.pdb	A0A212PML8_unrelaxed_rank_001_alphafold2_ptm_model_1_seed_000.pdb	5.137E-03	1.000	100	195	345	402	37	187	188	161	0.376	0.803
LOKIASV2_3621_ESMFold_hypothetical_protein	A0A6J5RUC9_unrelaxed_rank_001_alphafold2_ptm_model_1_seed_000.pdb	A0A6J5RUC9_unrelaxed_rank_001_alphafold2_ptm_model_1_seed_000.pdb	1.289E-04	1.000	100	35	340	402	514	883	901	407	0.761	0.411
LOKIASV2_3621_ESMFold_hypothetical_protein	A0A8S5V1P7_unrelaxed_rank_001_alphafold2_ptm_model_3_seed_000.pdb	A0A8S5V1P7_unrelaxed_rank_001_alphafold2_ptm_model_3_seed_000.pdb	1.718E-04	1.000	100	15	335	402	2	304	1034	361	0.799	0.293
LOKIASV2_3621_ESMFold_hypothetical_protein	A0A8S5PRL4_unrelaxed_rank_001_alphafold2_ptm_model_3_seed_000.pdb	A0A8S5PRL4_unrelaxed_rank_001_alphafold2_ptm_model_3_seed_000.pdb	2.773E-04	0.999	99	57	342	402	347	697	704	377	0.711	0.499
LOKIASV2_3621_ESMFold_hypothetical_protein	F8V5M2_unrelaxed_rank_001_alphafold2_ptm_model_1_seed_000.pdb	F8V5M2_unrelaxed_rank_001_alphafold2_ptm_model_1_seed_000.pdb	1.111E-03	0.999	98	87	311	402	9	195	226	229	0.560	0.827
LOKIASV2_3621_ESMFold_hypothetical_protein	A0A6J5NLJ3_unrelaxed_rank_001_alphafold2_ptm_model_3_seed_000.pdb	A0A6J5NLJ3_unrelaxed_rank_001_alphafold2_ptm_model_3_seed_000.pdb	6.846E-03	0.999	98	125	318	402	1	195	310	223	0.483	0.629
LOKIASV2_3621_ESMFold_hypothetical_protein	A0A6J5QP07_unrelaxed_rank_001_alphafold2_ptm_model_1_seed_000.pdb	A0A6J5QP07_unrelaxed_rank_001_alphafold2_ptm_model_1_seed_000.pdb	2.643E-04	0.999	98	35	347	402	308	642	1007	395	0.779	0.333
LOKIASV2_3621_ESMFold_hypothetical_protein	A0A212QA16_unrelaxed_rank_001_alphafold2_ptm_model_5_seed_000.pdb	A0A212QA16_unrelaxed_rank_001_alphafold2_ptm_model_5_seed_000.pdb	8.697E-03	0.999	97	35	191	402	217	356	358	165	0.391	0.391
LOKIASV2_3621_ESMFold_hypothetical_protein	A0A6G5P4E3_unrelaxed_rank_001_alphafold2_ptm_model_1_seed_000.pdb	A0A6G5P4E3_unrelaxed_rank_001_alphafold2_ptm_model_1_seed_000.pdb	3.876E-04	0.999	97	51	338	402	177	535	628	392	0.716	0.572
LOKIASV2_3621_ESMFold_hypothetical_protein	Q3I8Z5_unrelaxed_rank_001_alphafold2_ptm_model_2_seed_000.pdb	Q3I8Z5_unrelaxed_rank_001_alphafold2_ptm_model_2_seed_000.pdb	5.389E-03	0.999	96	45	220	402	23	172	176	186	0.438	0.852
LOKIASV2_3621_ESMFold_hypothetical_protein	A0A6J5LYC6_unrelaxed_rank_001_alphafold2_ptm_model_3_seed_000.pdb	A0A6J5LYC6_unrelaxed_rank_001_alphafold2_ptm_model_3_seed_000.pdb	3.183E-03	0.999	96	38	304	402	45	299	300	288	0.664	0.850
LOKIASV2_3621_ESMFold_hypothetical_protein	A0A2I7R7K4_unrelaxed_rank_001_alphafold2_ptm_model_1_seed_000.pdb	A0A2I7R7K4_unrelaxed_rank_001_alphafold2_ptm_model_1_seed_000.pdb	5.193E-05	0.999	96	38	343	402	34	413	534	405	0.761	0.712
LOKIASV2_3621_ESMFold_hypothetical_protein	A0A2P1EMR3_unrelaxed_rank_001_alphafold2_ptm_model_5_seed_000.pdb	A0A2P1EMR3_unrelaxed_rank_001_alphafold2_ptm_model_5_seed_000.pdb	9.622E-04	0.998	95	93	340	402	57	348	352	327	0.617	0.830
LOKIASV2_3621_ESMFold_hypothetical_protein	A0A811A8X1_unrelaxed_rank_001_alphafold2_ptm_model_4_seed_000.pdb	A0A811A8X1_unrelaxed_rank_001_alphafold2_ptm_model_4_seed_000.pdb	2.389E-03	0.998	95	3	304	402	1	407	423	422	0.751	0.962
LOKIASV2_3621_ESMFold_hypothetical_protein	A0A1L7N0Y1_unrelaxed_rank_001_alphafold2_ptm_model_3_seed_000.pdb	A0A1L7N0Y1_unrelaxed_rank_001_alphafold2_ptm_model_3_seed_000.pdb	1.289E-04	0.998	95	33	343	402	57	469	552	427	0.774	0.748
LOKIASV2_3621_ESMFold_hypothetical_protein	A0A1L7DSB0_unrelaxed_rank_001_alphafold2_ptm_model_1_seed_000.pdb	A0A1L7DSB0_unrelaxed_rank_001_alphafold2_ptm_model_1_seed_000.pdb	8.335E-04	0.998	94	51	346	402	215	584	784	394	0.736	0.472
LOKIASV2_3621_ESMFold_hypothetical_protein	A0A481Z5S1_unrelaxed_rank_001_alphafold2_ptm_model_3_seed_000.pdb	A0A481Z5S1_unrelaxed_rank_001_alphafold2_ptm_model_3_seed_000.pdb	7.182E-03	0.998	93	90	350	402	82	362	362	309	0.649	0.776
LOKIASV2_3621_ESMFold_hypothetical_protein	A0A481Z6C6_unrelaxed_rank_001_alphafold2_ptm_model_4_seed_000.pdb	A0A481Z6C6_unrelaxed_rank_001_alphafold2_ptm_model_4_seed_000.pdb	7.946E-04	0.998	93	43	335	402	125	451	457	373	0.729	0.716
LOKIASV2_3621_ESMFold_hypothetical_protein	A0A6J5P918_unrelaxed_rank_001_alphafold2_ptm_model_3_seed_000.pdb	A0A6J5P918_unrelaxed_rank_001_alphafold2_ptm_model_3_seed_000.pdb	1.561E-04	0.998	93	37	335	402	439	839	995	415	0.744	0.403
LOKIASV2_3621_ESMFold_hypothetical_protein	A0A6J5MEH7_unrelaxed_rank_001_alphafold2_ptm_model_3_seed_000.pdb	A0A6J5MEH7_unrelaxed_rank_001_alphafold2_ptm_model_3_seed_000.pdb	7.575E-04	0.997	92	38	295	402	1052	1312	1445	311	0.642	0.181
LOKIASV2_3621_ESMFold_hypothetical_protein	A0A481Z5Z8_unrelaxed_rank_001_alphafold2_ptm_model_4_seed_000.pdb	A0A481Z5Z8_unrelaxed_rank_001_alphafold2_ptm_model_4_seed_000.pdb	1.973E-03	0.997	91	52	339	402	78	315	318	308	0.716	0.748
LOKIASV2_3621_ESMFold_hypothetical_protein	A0A481ZE90_unrelaxed_rank_001_alphafold2_ptm_model_4_seed_000.pdb	A0A481ZE90_unrelaxed_rank_001_alphafold2_ptm_model_4_seed_000.pdb	1.009E-03	0.996	90	38	311	402	11	257	259	309	0.682	0.954
LOKIASV2_3621_ESMFold_hypothetical_protein	H2ED27_unrelaxed_rank_001_alphafold2_ptm_model_2_seed_000.pdb	H2ED27_unrelaxed_rank_001_alphafold2_ptm_model_2_seed_000.pdb	3.321E-02	0.996	89	116	266	402	6	143	167	158	0.376	0.826
LOKIASV2_3621_ESMFold_hypothetical_protein	A0A650AIR6_unrelaxed_rank_001_alphafold2_ptm_model_1_seed_000.pdb	A0A650AIR6_unrelaxed_rank_001_alphafold2_ptm_model_1_seed_000.pdb	1.629E-03	0.994	87	1	347	402	8	489	491	522	0.863	0.982
LOKIASV2_3621_ESMFold_hypothetical_protein	A0A481Z7L0_unrelaxed_rank_001_alphafold2_ptm_model_5_seed_000.pdb	A0A481Z7L0_unrelaxed_rank_001_alphafold2_ptm_model_5_seed_000.pdb	2.629E-03	0.994	87	52	337	402	90	490	493	430	0.711	0.813
LOKIASV2_3621_ESMFold_hypothetical_protein	A0A2H4KIS5_unrelaxed_rank_001_alphafold2_ptm_model_3_seed_000.pdb	A0A2H4KIS5_unrelaxed_rank_001_alphafold2_ptm_model_3_seed_000.pdb	1.962E-02	0.994	87	124	335	402	552	798	800	271	0.527	0.309
LOKIASV2_3621_ESMFold_hypothetical_protein	A0A6J5NFE1_unrelaxed_rank_001_alphafold2_ptm_model_3_seed_000.pdb	A0A6J5NFE1_unrelaxed_rank_001_alphafold2_ptm_model_3_seed_000.pdb	2.893E-03	0.994	87	68	340	402	484	751	938	320	0.679	0.286
LOKIASV2_3621_ESMFold_hypothetical_protein	A0A6J7X8W6_unrelaxed_rank_001_alphafold2_ptm_model_3_seed_000.pdb	A0A6J7X8W6_unrelaxed_rank_001_alphafold2_ptm_model_3_seed_000.pdb	3.876E-04	0.994	87	40	340	402	636	974	1206	383	0.749	0.281
LOKIASV2_3621_ESMFold_hypothetical_protein	P17373_unrelaxed_rank_001_alphafold2_ptm_model_3_seed_000.pdb	P17373_unrelaxed_rank_001_alphafold2_ptm_model_3_seed_000.pdb	7.182E-03	0.992	85	111	265	402	10	124	134	158	0.386	0.858
LOKIASV2_3621_ESMFold_hypothetical_protein	A0A6J5NPF4_unrelaxed_rank_001_alphafold2_ptm_model_1_seed_000.pdb	A0A6J5NPF4_unrelaxed_rank_001_alphafold2_ptm_model_1_seed_000.pdb	2.389E-03	0.992	85	35	340	402	134	522	545	421	0.761	0.714
LOKIASV2_3621_ESMFold_hypothetical_protein	Q6WGM0_unrelaxed_rank_001_alphafold2_ptm_model_2_seed_000.pdb	Q6WGM0_unrelaxed_rank_001_alphafold2_ptm_model_2_seed_000.pdb	5.165E-04	0.991	84	36	304	402	228	619	632	408	0.669	0.620
LOKIASV2_3621_ESMFold_hypothetical_protein	A0A2S1JLP6_unrelaxed_rank_001_alphafold2_ptm_model_4_seed_000.pdb	A0A2S1JLP6_unrelaxed_rank_001_alphafold2_ptm_model_4_seed_000.pdb	1.709E-03	0.990	83	36	342	402	93	448	466	402	0.764	0.764
LOKIASV2_3621_ESMFold_hypothetical_protein	A0A516LV57_unrelaxed_rank_001_alphafold2_ptm_model_3_seed_000.pdb	A0A516LV57_unrelaxed_rank_001_alphafold2_ptm_model_3_seed_000.pdb	5.684E-04	0.990	83	30	338	402	431	854	1107	448	0.769	0.383
LOKIASV2_3621_ESMFold_hypothetical_protein	A0A0M4RGL3_unrelaxed_rank_001_alphafold2_ptm_model_2_seed_000.pdb	A0A0M4RGL3_unrelaxed_rank_001_alphafold2_ptm_model_2_seed_000.pdb	1.159E-02	0.988	82	127	342	402	1	176	177	223	0.537	0.994
LOKIASV2_3621_ESMFold_hypothetical_protein	A0A5J6VLF8_unrelaxed_rank_001_alphafold2_ptm_model_3_seed_000.pdb	A0A5J6VLF8_unrelaxed_rank_001_alphafold2_ptm_model_3_seed_000.pdb	2.893E-03	0.988	82	44	335	402	23	310	465	328	0.726	0.619
LOKIASV2_3621_ESMFold_hypothetical_protein	A0A481Z614_unrelaxed_rank_001_alphafold2_ptm_model_1_seed_000.pdb	A0A481Z614_unrelaxed_rank_001_alphafold2_ptm_model_1_seed_000.pdb	1.472E-02	0.988	82	29	240	402	271	515	566	261	0.527	0.433
LOKIASV2_3621_ESMFold_hypothetical_protein	A0A481ZF02_unrelaxed_rank_001_alphafold2_ptm_model_1_seed_000.pdb	A0A481ZF02_unrelaxed_rank_001_alphafold2_ptm_model_1_seed_000.pdb	2.389E-03	0.988	82	31	337	402	281	576	581	359	0.764	0.509
LOKIASV2_3621_ESMFold_hypothetical_protein	A0A6J7WIV8_unrelaxed_rank_001_alphafold2_ptm_model_3_seed_000.pdb	A0A6J7WIV8_unrelaxed_rank_001_alphafold2_ptm_model_3_seed_000.pdb	2.069E-03	0.988	82	35	298	402	723	964	970	297	0.657	0.249
LOKIASV2_3621_ESMFold_hypothetical_protein	A0A6J5LJY3_unrelaxed_rank_001_alphafold2_ptm_model_3_seed_000.pdb	A0A6J5LJY3_unrelaxed_rank_001_alphafold2_ptm_model_3_seed_000.pdb	4.450E-03	0.986	81	29	262	402	745	1021	1245	291	0.582	0.222
LOKIASV2_3621_ESMFold_hypothetical_protein	A0A516M7Y5_unrelaxed_rank_001_alphafold2_ptm_model_3_seed_000.pdb	A0A516M7Y5_unrelaxed_rank_001_alphafold2_ptm_model_3_seed_000.pdb	1.793E-03	0.981	79	35	320	402	247	607	1308	395	0.711	0.276
LOKIASV2_3621_ESMFold_hypothetical_protein	A0A6J5ND54_unrelaxed_rank_001_alphafold2_ptm_model_1_seed_000.pdb	A0A6J5ND54_unrelaxed_rank_001_alphafold2_ptm_model_1_seed_000.pdb	4.242E-03	0.978	78	35	340	402	251	628	646	411	0.761	0.585
LOKIASV2_3621_ESMFold_hypothetical_protein	A0A0P0L8K2_unrelaxed_rank_001_alphafold2_ptm_model_4_seed_000.pdb	A0A0P0L8K2_unrelaxed_rank_001_alphafold2_ptm_model_4_seed_000.pdb	1.004E-02	0.971	76	33	339	402	21	374	385	407	0.764	0.919
LOKIASV2_3621_ESMFold_hypothetical_protein	A0A516LMK4_unrelaxed_rank_001_alphafold2_ptm_model_1_seed_000.pdb	A0A516LMK4_unrelaxed_rank_001_alphafold2_ptm_model_1_seed_000.pdb	6.526E-03	0.967	75	58	340	402	564	965	1112	422	0.704	0.362
LOKIASV2_3621_ESMFold_hypothetical_protein	A0A811A9C1_unrelaxed_rank_001_alphafold2_ptm_model_4_seed_000.pdb	A0A811A9C1_unrelaxed_rank_001_alphafold2_ptm_model_4_seed_000.pdb	3.855E-03	0.961	74	6	264	402	33	343	386	339	0.644	0.806
LOKIASV2_3621_ESMFold_hypothetical_protein	A0A223FNM5_unrelaxed_rank_001_alphafold2_ptm_model_5_seed_000.pdb	A0A223FNM5_unrelaxed_rank_001_alphafold2_ptm_model_5_seed_000.pdb	2.389E-03	0.961	74	45	239	402	259	408	408	204	0.485	0.368
LOKIASV2_3621_ESMFold_hypothetical_protein	A0A2H4ZK84_unrelaxed_rank_001_alphafold2_ptm_model_3_seed_000.pdb	A0A2H4ZK84_unrelaxed_rank_001_alphafold2_ptm_model_3_seed_000.pdb	4.219E-02	0.941	71	40	221	402	292	480	485	209	0.453	0.390
LOKIASV2_3621_ESMFold_hypothetical_protein	F8IXK1_unrelaxed_rank_001_alphafold2_ptm_model_4_seed_000.pdb	F8IXK1_unrelaxed_rank_001_alphafold2_ptm_model_4_seed_000.pdb	9.571E-03	0.912	68	8	321	402	13	336	350	373	0.781	0.926
LOKIASV2_3621_ESMFold_hypothetical_protein	A0A8S5NBQ4_unrelaxed_rank_001_alphafold2_ptm_model_5_seed_000.pdb	A0A8S5NBQ4_unrelaxed_rank_001_alphafold2_ptm_model_5_seed_000.pdb	6.883E-04	0.912	68	19	349	402	10	356	358	414	0.823	0.969
LOKIASV2_3621_ESMFold_hypothetical_protein	A0A2K9V9U5_unrelaxed_rank_001_alphafold2_ptm_model_2_seed_000.pdb	A0A2K9V9U5_unrelaxed_rank_001_alphafold2_ptm_model_2_seed_000.pdb	2.147E-01	0.900	67	136	266	402	2	118	129	136	0.326	0.907
LOKIASV2_3621_ESMFold_hypothetical_protein	H9YRV8_unrelaxed_rank_001_alphafold2_ptm_model_2_seed_000.pdb	H9YRV8_unrelaxed_rank_001_alphafold2_ptm_model_2_seed_000.pdb	4.197E-01	0.887	66	212	343	402	22	148	153	137	0.328	0.830
LOKIASV2_3621_ESMFold_hypothetical_protein	G0XVM3_unrelaxed_rank_001_alphafold2_ptm_model_4_seed_000.pdb	G0XVM3_unrelaxed_rank_001_alphafold2_ptm_model_4_seed_000.pdb	5.360E-02	0.872	65	34	180	402	105	237	237	158	0.366	0.561
LOKIASV2_3621_ESMFold_hypothetical_protein	A0A248SK56_1_unrelaxed_rank_001_alphafold2_ptm_model_3_seed_000.pdb	A0A248SK56_1_unrelaxed_rank_001_alphafold2_ptm_model_3_seed_000.pdb	1.159E-02	0.837	63	24	338	402	702	1088	1152	424	0.784	0.336
LOKIASV2_3621_ESMFold_hypothetical_protein	A0A7D3QUZ0_unrelaxed_rank_001_alphafold2_ptm_model_1_seed_000.pdb	A0A7D3QUZ0_unrelaxed_rank_001_alphafold2_ptm_model_1_seed_000.pdb	9.074E-02	0.795	61	133	308	402	18	155	167	186	0.438	0.826
LOKIASV2_3621_ESMFold_hypothetical_protein	A0A1V0SAB8_unrelaxed_rank_001_alphafold2_ptm_model_5_seed_000.pdb	A0A1V0SAB8_unrelaxed_rank_001_alphafold2_ptm_model_5_seed_000.pdb	1.105E-02	0.795	61	18	311	402	6	287	295	332	0.731	0.956
LOKIASV2_3621_ESMFold_hypothetical_protein	Q8QNP4_unrelaxed_rank_001_alphafold2_ptm_model_2_seed_000.pdb	Q8QNP4_unrelaxed_rank_001_alphafold2_ptm_model_2_seed_000.pdb	3.503E-03	0.772	60	29	326	402	439	915	1133	501	0.741	0.421
LOKIASV2_3621_ESMFold_hypothetical_protein	A0A6J5KN79_unrelaxed_rank_001_alphafold2_ptm_model_4_seed_000.pdb	A0A6J5KN79_unrelaxed_rank_001_alphafold2_ptm_model_4_seed_000.pdb	3.484E-02	0.747	59	37	261	402	178	363	374	238	0.560	0.497
LOKIASV2_3621_ESMFold_hypothetical_protein	A0A6B9JHM8_unrelaxed_rank_001_alphafold2_ptm_model_1_seed_000.pdb	A0A6B9JHM8_unrelaxed_rank_001_alphafold2_ptm_model_1_seed_000.pdb	7.453E-01	0.720	58	219	306	402	2	77	77	89	0.219	0.987
LOKIASV2_3621_ESMFold_hypothetical_protein	A0A3G5ADH3_unrelaxed_rank_001_alphafold2_ptm_model_4_seed_000.pdb	A0A3G5ADH3_unrelaxed_rank_001_alphafold2_ptm_model_4_seed_000.pdb	2.893E-03	0.720	58	29	345	402	16	298	376	362	0.789	0.753
LOKIASV2_3621_ESMFold_hypothetical_protein	A0A120MVX0_unrelaxed_rank_001_alphafold2_ptm_model_1_seed_000.pdb	A0A120MVX0_unrelaxed_rank_001_alphafold2_ptm_model_1_seed_000.pdb	1.147E+00	0.692	57	265	310	402	25	69	71	47	0.114	0.634
LOKIASV2_3621_ESMFold_hypothetical_protein	A0A8S5PSW7_unrelaxed_rank_001_alphafold2_ptm_model_4_seed_000.pdb	A0A8S5PSW7_unrelaxed_rank_001_alphafold2_ptm_model_4_seed_000.pdb	3.018E-02	0.692	57	47	337	402	72	501	526	455	0.724	0.817
LOKIASV2_3621_ESMFold_hypothetical_protein	F8SJJ5_unrelaxed_rank_001_alphafold2_ptm_model_3_seed_000.pdb	F8SJJ5_unrelaxed_rank_001_alphafold2_ptm_model_3_seed_000.pdb	5.331E-01	0.663	56	96	178	402	3	94	111	96	0.206	0.829
LOKIASV2_3621_ESMFold_hypothetical_protein	A0A481Z7G5_unrelaxed_rank_001_alphafold2_ptm_model_1_seed_000.pdb	A0A481Z7G5_unrelaxed_rank_001_alphafold2_ptm_model_1_seed_000.pdb	1.403E-02	0.632	55	41	339	402	9	234	237	334	0.744	0.954
LOKIASV2_3621_ESMFold_hypothetical_protein	U5TEU9_unrelaxed_rank_001_alphafold2_ptm_model_3_seed_000.pdb	U5TEU9_unrelaxed_rank_001_alphafold2_ptm_model_3_seed_000.pdb	5.899E-02	0.632	55	77	284	402	207	392	401	226	0.517	0.464
LOKIASV2_3621_ESMFold_hypothetical_protein	A0A4Y5FSX7_unrelaxed_rank_001_alphafold2_ptm_model_4_seed_000.pdb	A0A4Y5FSX7_unrelaxed_rank_001_alphafold2_ptm_model_4_seed_000.pdb	4.402E-01	0.537	52	142	304	402	108	292	295	195	0.405	0.627
LOKIASV2_3621_ESMFold_hypothetical_protein	A0A6M8E0E4_unrelaxed_rank_001_alphafold2_ptm_model_5_seed_000.pdb	A0A6M8E0E4_unrelaxed_rank_001_alphafold2_ptm_model_5_seed_000.pdb	7.534E-03	0.537	52	29	342	402	3	501	611	531	0.781	0.817
LOKIASV2_3621_ESMFold_hypothetical_protein	B8Q029_unrelaxed_rank_001_alphafold2_ptm_model_3_seed_000.pdb	B8Q029_unrelaxed_rank_001_alphafold2_ptm_model_3_seed_000.pdb	9.025E-01	0.353	46	136	240	402	6	143	150	143	0.261	0.920
LOKIASV2_3621_ESMFold_hypothetical_protein	A0A2I7RQY6_unrelaxed_rank_001_alphafold2_ptm_model_1_seed_000.pdb	A0A2I7RQY6_unrelaxed_rank_001_alphafold2_ptm_model_1_seed_000.pdb	3.166E-02	0.353	46	38	265	402	97	270	629	250	0.567	0.277
LOKIASV2_3621_ESMFold_hypothetical_protein	A0A5P8D2Z7_unrelaxed_rank_001_alphafold2_ptm_model_1_seed_000.pdb	A0A5P8D2Z7_unrelaxed_rank_001_alphafold2_ptm_model_1_seed_000.pdb	2.159E-02	0.353	46	41	326	402	72	504	887	451	0.711	0.488
LOKIASV2_3621_ESMFold_hypothetical_protein	Q5UQU3_unrelaxed_rank_001_alphafold2_ptm_model_3_seed_000.pdb	Q5UQU3_unrelaxed_rank_001_alphafold2_ptm_model_3_seed_000.pdb	3.484E-02	0.353	46	1	311	402	213	617	964	439	0.774	0.420
LOKIASV2_3621_ESMFold_hypothetical_protein	A0A7G8AMM4_unrelaxed_rank_001_alphafold2_ptm_model_2_seed_000.pdb	A0A7G8AMM4_unrelaxed_rank_001_alphafold2_ptm_model_2_seed_000.pdb	3.675E-03	0.353	46	35	343	402	64	399	1227	378	0.769	0.274
LOKIASV2_3621_ESMFold_hypothetical_protein	Q8H9L6_unrelaxed_rank_001_alphafold2_ptm_model_1_seed_000.pdb	Q8H9L6_unrelaxed_rank_001_alphafold2_ptm_model_1_seed_000.pdb	7.453E-01	0.326	45	215	308	402	30	115	115	103	0.234	0.748
LOKIASV2_3621_ESMFold_hypothetical_protein	A0A6G5YG33_unrelaxed_rank_001_alphafold2_ptm_model_2_seed_000.pdb	A0A6G5YG33_unrelaxed_rank_001_alphafold2_ptm_model_2_seed_000.pdb	5.110E-02	0.277	43	40	280	402	9	249	1296	280	0.600	0.186
LOKIASV2_3621_ESMFold_hypothetical_protein	R4T7S2_unrelaxed_rank_001_alphafold2_ptm_model_2_seed_000.pdb	R4T7S2_unrelaxed_rank_001_alphafold2_ptm_model_2_seed_000.pdb	8.157E+00	0.179	38	222	267	402	12	55	73	46	0.114	0.603
LOKIASV2_3621_ESMFold_hypothetical_protein	A0A6S4PA61_unrelaxed_rank_001_alphafold2_ptm_model_4_seed_000.pdb	A0A6S4PA61_unrelaxed_rank_001_alphafold2_ptm_model_4_seed_000.pdb	1.093E+00	0.179	38	131	276	402	113	311	571	212	0.363	0.349
LOKIASV2_3621_ESMFold_hypothetical_protein	D2KRN2_unrelaxed_rank_001_alphafold2_ptm_model_1_seed_000.pdb	D2KRN2_unrelaxed_rank_001_alphafold2_ptm_model_1_seed_000.pdb	4.402E-01	0.164	37	38	171	402	4	107	114	146	0.333	0.912
LOKIASV2_3621_ESMFold_hypothetical_protein	A0A8E4ZFB6_unrelaxed_rank_001_alphafold2_ptm_model_3_seed_000.pdb	A0A8E4ZFB6_unrelaxed_rank_001_alphafold2_ptm_model_3_seed_000.pdb	3.979E+00	0.164	37	131	171	402	242	281	296	41	0.102	0.135
LOKIASV2_3621_ESMFold_hypothetical_protein	Q9DSX0_unrelaxed_rank_001_alphafold2_ptm_model_1_seed_000.pdb	Q9DSX0_unrelaxed_rank_001_alphafold2_ptm_model_1_seed_000.pdb	4.593E+00	0.138	35	270	341	402	5	78	94	76	0.179	0.787
LOKIASV2_3621_ESMFold_hypothetical_protein	A0A6J5NID7_unrelaxed_rank_001_alphafold2_ptm_model_2_seed_000.pdb	A0A6J5NID7_unrelaxed_rank_001_alphafold2_ptm_model_2_seed_000.pdb	8.201E-01	0.138	35	38	187	402	57	204	204	165	0.373	0.725
LOKIASV2_3621_ESMFold_hypothetical_protein	A0A8S5R6K1_unrelaxed_rank_001_alphafold2_ptm_model_1_seed_000.pdb	A0A8S5R6K1_unrelaxed_rank_001_alphafold2_ptm_model_1_seed_000.pdb	1.004E-02	0.138	35	46	341	402	595	838	919	317	0.736	0.266
LOKIASV2_3621_ESMFold_hypothetical_protein	G1FIT4_unrelaxed_rank_001_alphafold2_ptm_model_3_seed_000.pdb	G1FIT4_unrelaxed_rank_001_alphafold2_ptm_model_3_seed_000.pdb	2.350E+00	0.126	34	209	264	402	11	67	68	57	0.139	0.838
LOKIASV2_3621_ESMFold_hypothetical_protein	A0A8S5V7J4_unrelaxed_rank_001_alphafold2_ptm_model_3_seed_000.pdb	A0A8S5V7J4_unrelaxed_rank_001_alphafold2_ptm_model_3_seed_000.pdb	3.979E+00	0.116	33	317	381	402	63	127	128	66	0.162	0.508
LOKIASV2_3621_ESMFold_hypothetical_protein	A0A6J5RXI5_unrelaxed_rank_001_alphafold2_ptm_model_2_seed_000.pdb	A0A6J5RXI5_unrelaxed_rank_001_alphafold2_ptm_model_2_seed_000.pdb	4.593E+00	0.106	32	41	87	402	7	53	76	47	0.117	0.618
LOKIASV2_3621_ESMFold_hypothetical_protein	A0A6J5NIA0_unrelaxed_rank_001_alphafold2_ptm_model_2_seed_000.pdb	A0A6J5NIA0_unrelaxed_rank_001_alphafold2_ptm_model_2_seed_000.pdb	2.986E+00	0.106	32	2	81	402	1	79	82	82	0.199	0.963
LOKIASV2_3621_ESMFold_hypothetical_protein	A0A6G6XTF9_unrelaxed_rank_001_alphafold2_ptm_model_3_seed_000.pdb	A0A6G6XTF9_unrelaxed_rank_001_alphafold2_ptm_model_3_seed_000.pdb	4.845E-01	0.106	32	270	365	402	34	133	135	112	0.239	0.741
LOKIASV2_3621_ESMFold_hypothetical_protein	A0A6J7WJQ5_unrelaxed_rank_001_alphafold2_ptm_model_5_seed_000.pdb	A0A6J7WJQ5_unrelaxed_rank_001_alphafold2_ptm_model_5_seed_000.pdb	6.456E-01	0.106	32	128	295	402	75	226	250	185	0.418	0.608
LOKIASV2_3621_ESMFold_hypothetical_protein	A0A8S5QG81_unrelaxed_rank_001_alphafold2_ptm_model_2_seed_000.pdb	A0A8S5QG81_unrelaxed_rank_001_alphafold2_ptm_model_2_seed_000.pdb	2.350E+00	0.098	31	1	87	402	242	329	469	98	0.216	0.188
LOKIASV2_3621_ESMFold_hypothetical_protein	U3TM45_unrelaxed_rank_001_alphafold2_ptm_model_4_seed_000.pdb	U3TM45_unrelaxed_rank_001_alphafold2_ptm_model_4_seed_000.pdb	7.534E-03	0.098	31	4	338	402	243	548	553	392	0.833	0.553
LOKIASV2_3621_ESMFold_hypothetical_protein	A0A6J5M8T5_unrelaxed_rank_001_alphafold2_ptm_model_2_seed_000.pdb	A0A6J5M8T5_unrelaxed_rank_001_alphafold2_ptm_model_2_seed_000.pdb	9.986E-02	0.098	31	94	322	402	167	392	690	267	0.570	0.328
LOKIASV2_3621_ESMFold_hypothetical_protein	D6PEL7_unrelaxed_rank_001_alphafold2_ptm_model_1_seed_000.pdb	D6PEL7_unrelaxed_rank_001_alphafold2_ptm_model_1_seed_000.pdb	2.846E+00	0.090	30	51	129	402	1	73	99	82	0.197	0.737
LOKIASV2_3621_ESMFold_hypothetical_protein	A0A4D6AT56_unrelaxed_rank_001_alphafold2_ptm_model_1_seed_000.pdb	A0A4D6AT56_unrelaxed_rank_001_alphafold2_ptm_model_1_seed_000.pdb	3.447E+00	0.090	30	7	70	402	14	76	100	72	0.159	0.630
LOKIASV2_3621_ESMFold_hypothetical_protein	M1P9J6_unrelaxed_rank_001_alphafold2_ptm_model_3_seed_000.pdb	M1P9J6_unrelaxed_rank_001_alphafold2_ptm_model_3_seed_000.pdb	6.456E-01	0.090	30	156	333	402	20	208	239	217	0.443	0.791
LOKIASV2_3621_ESMFold_hypothetical_protein	A0A5J6TPQ0_unrelaxed_rank_001_alphafold2_ptm_model_4_seed_000.pdb	A0A5J6TPQ0_unrelaxed_rank_001_alphafold2_ptm_model_4_seed_000.pdb	1.544E-02	0.090	30	173	344	402	99	286	303	221	0.428	0.620
LOKIASV2_3621_ESMFold_hypothetical_protein	A0A7M1RZJ2_unrelaxed_rank_001_alphafold2_ptm_model_2_seed_000.pdb	A0A7M1RZJ2_unrelaxed_rank_001_alphafold2_ptm_model_2_seed_000.pdb	2.363E-01	0.090	30	44	326	402	15	305	1420	336	0.704	0.205
LOKIASV2_3621_ESMFold_hypothetical_protein	A0A2I7QVD2_unrelaxed_rank_001_alphafold2_ptm_model_2_seed_000.pdb	A0A2I7QVD2_unrelaxed_rank_001_alphafold2_ptm_model_2_seed_000.pdb	6.121E+00	0.082	29	270	328	402	5	62	103	59	0.147	0.563
LOKIASV2_3621_ESMFold_hypothetical_protein	A0A3G5A634_unrelaxed_rank_001_alphafold2_ptm_model_1_seed_000.pdb	A0A3G5A634_unrelaxed_rank_001_alphafold2_ptm_model_1_seed_000.pdb	1.850E+00	0.082	29	205	344	402	13	113	115	141	0.348	0.878
LOKIASV2_3621_ESMFold_hypothetical_protein	A0A8S5TVK5_unrelaxed_rank_001_alphafold2_ptm_model_2_seed_000.pdb	A0A8S5TVK5_unrelaxed_rank_001_alphafold2_ptm_model_2_seed_000.pdb	6.121E+00	0.082	29	1	78	402	13	88	164	78	0.194	0.463
LOKIASV2_3621_ESMFold_hypothetical_protein	A0A8B6MVE5_unrelaxed_rank_001_alphafold2_ptm_model_2_seed_000.pdb	A0A8B6MVE5_unrelaxed_rank_001_alphafold2_ptm_model_2_seed_000.pdb	2.466E+00	0.082	29	306	391	402	55	146	166	97	0.214	0.554
LOKIASV2_3621_ESMFold_hypothetical_protein	A0A8S5SX85_unrelaxed_rank_001_alphafold2_ptm_model_2_seed_000.pdb	A0A8S5SX85_unrelaxed_rank_001_alphafold2_ptm_model_2_seed_000.pdb	2.986E+00	0.082	29	36	177	402	52	205	210	163	0.353	0.733
LOKIASV2_3621_ESMFold_hypothetical_protein	A0A679KAE8_unrelaxed_rank_001_alphafold2_ptm_model_3_seed_000.pdb	A0A679KAE8_unrelaxed_rank_001_alphafold2_ptm_model_3_seed_000.pdb	9.986E-02	0.082	29	94	340	402	68	357	463	330	0.614	0.626
LOKIASV2_3621_ESMFold_hypothetical_protein	G1JWC9_unrelaxed_rank_001_alphafold2_ptm_model_3_seed_000.pdb	G1JWC9_unrelaxed_rank_001_alphafold2_ptm_model_3_seed_000.pdb	8.977E+00	0.076	28	313	380	402	133	201	201	70	0.169	0.343
LOKIASV2_3621_ESMFold_hypothetical_protein	M9Q2L2_unrelaxed_rank_001_alphafold2_ptm_model_3_seed_000.pdb	M9Q2L2_unrelaxed_rank_001_alphafold2_ptm_model_3_seed_000.pdb	3.979E+00	0.076	28	261	371	402	32	145	212	124	0.276	0.538
LOKIASV2_3621_ESMFold_hypothetical_protein	A0A6M3YMF6_unrelaxed_rank_001_alphafold2_ptm_model_4_seed_000.pdb	A0A6M3YMF6_unrelaxed_rank_001_alphafold2_ptm_model_4_seed_000.pdb	3.635E-01	0.076	28	92	340	402	3	266	289	302	0.619	0.913
LOKIASV2_3621_ESMFold_hypothetical_protein	A0A2I2L3L3_unrelaxed_rank_001_alphafold2_ptm_model_5_seed_000.pdb	A0A2I2L3L3_unrelaxed_rank_001_alphafold2_ptm_model_5_seed_000.pdb	5.593E-01	0.076	28	185	343	402	161	318	339	177	0.396	0.466
LOKIASV2_3621_ESMFold_hypothetical_protein	A0A516LFG0_1_unrelaxed_rank_001_alphafold2_ptm_model_3_seed_000.pdb	A0A516LFG0_1_unrelaxed_rank_001_alphafold2_ptm_model_3_seed_000.pdb	6.154E-01	0.076	28	96	344	402	28	302	890	313	0.619	0.309
LOKIASV2_3621_ESMFold_hypothetical_protein	A0A2L0V058_unrelaxed_rank_001_alphafold2_ptm_model_2_seed_000.pdb	A0A2L0V058_unrelaxed_rank_001_alphafold2_ptm_model_2_seed_000.pdb	8.557E+00	0.069	27	312	390	402	2	85	89	84	0.197	0.944
LOKIASV2_3621_ESMFold_hypothetical_protein	A0A514U0Z6_unrelaxed_rank_001_alphafold2_ptm_model_1_seed_000.pdb	A0A514U0Z6_unrelaxed_rank_001_alphafold2_ptm_model_1_seed_000.pdb	2.587E+00	0.069	27	270	343	402	23	95	121	79	0.184	0.603
LOKIASV2_3621_ESMFold_hypothetical_protein	M1HM51_unrelaxed_rank_001_alphafold2_ptm_model_3_seed_000.pdb	M1HM51_unrelaxed_rank_001_alphafold2_ptm_model_3_seed_000.pdb	6.121E+00	0.069	27	316	381	402	62	133	145	72	0.164	0.497
LOKIASV2_3621_ESMFold_hypothetical_protein	A0A0B5J1A9_unrelaxed_rank_001_alphafold2_ptm_model_2_seed_000.pdb	A0A0B5J1A9_unrelaxed_rank_001_alphafold2_ptm_model_2_seed_000.pdb	5.593E-01	0.069	27	131	371	402	4	175	176	256	0.600	0.977
LOKIASV2_3621_ESMFold_hypothetical_protein	A0A8S5LB90_unrelaxed_rank_001_alphafold2_ptm_model_3_seed_000.pdb	A0A8S5LB90_unrelaxed_rank_001_alphafold2_ptm_model_3_seed_000.pdb	6.736E+00	0.069	27	309	379	402	56	132	293	78	0.177	0.263
LOKIASV2_3621_ESMFold_hypothetical_protein	A0A8A4VB43_unrelaxed_rank_001_alphafold2_ptm_model_5_seed_000.pdb	A0A8A4VB43_unrelaxed_rank_001_alphafold2_ptm_model_5_seed_000.pdb	2.265E-02	0.069	27	85	346	402	25	221	330	308	0.652	0.597
LOKIASV2_3621_ESMFold_hypothetical_protein	D2E8H1_unrelaxed_rank_001_alphafold2_ptm_model_1_seed_000.pdb	D2E8H1_unrelaxed_rank_001_alphafold2_ptm_model_1_seed_000.pdb	6.121E+00	0.069	27	224	321	402	213	333	1047	122	0.244	0.116
LOKIASV2_3621_ESMFold_hypothetical_protein	V5Q7P5_unrelaxed_rank_001_alphafold2_ptm_model_2_seed_000.pdb	V5Q7P5_unrelaxed_rank_001_alphafold2_ptm_model_2_seed_000.pdb	7.776E+00	0.063	26	2	85	402	31	106	108	86	0.209	0.704
LOKIASV2_3621_ESMFold_hypothetical_protein	A0A3G5A519_unrelaxed_rank_001_alphafold2_ptm_model_5_seed_000.pdb	A0A3G5A519_unrelaxed_rank_001_alphafold2_ptm_model_5_seed_000.pdb	2.466E+00	0.063	26	4	179	402	137	275	322	187	0.438	0.432
LOKIASV2_3621_ESMFold_hypothetical_protein	A0A8T9KLC5_3_unrelaxed_rank_001_alphafold2_ptm_model_4_seed_000.pdb	A0A8T9KLC5_3_unrelaxed_rank_001_alphafold2_ptm_model_4_seed_000.pdb	9.025E-01	0.063	26	1	160	402	54	199	1261	166	0.398	0.116
LOKIASV2_3621_ESMFold_hypothetical_protein	M1PMQ9_unrelaxed_rank_001_alphafold2_ptm_model_2_seed_000.pdb	M1PMQ9_unrelaxed_rank_001_alphafold2_ptm_model_2_seed_000.pdb	1.528E+00	0.057	25	48	168	402	3	92	119	125	0.301	0.756
LOKIASV2_3621_ESMFold_hypothetical_protein	K7Z8B4_unrelaxed_rank_001_alphafold2_ptm_model_2_seed_000.pdb	K7Z8B4_unrelaxed_rank_001_alphafold2_ptm_model_2_seed_000.pdb	4.001E-01	0.057	25	47	188	402	2	133	238	163	0.353	0.555
LOKIASV2_3621_ESMFold_hypothetical_protein	A0A3G4ZKZ7_unrelaxed_rank_001_alphafold2_ptm_model_5_seed_000.pdb	A0A3G4ZKZ7_unrelaxed_rank_001_alphafold2_ptm_model_5_seed_000.pdb	1.324E+00	0.057	25	225	339	402	424	508	508	125	0.286	0.167
LOKIASV2_3621_ESMFold_hypothetical_protein	A0A345MMV5_unrelaxed_rank_001_alphafold2_ptm_model_3_seed_000.pdb	A0A345MMV5_unrelaxed_rank_001_alphafold2_ptm_model_3_seed_000.pdb	5.302E+00	0.051	24	1	87	402	1	79	87	92	0.216	0.908
LOKIASV2_3621_ESMFold_hypothetical_protein	R4T9F6_unrelaxed_rank_001_alphafold2_ptm_model_3_seed_000.pdb	R4T9F6_unrelaxed_rank_001_alphafold2_ptm_model_3_seed_000.pdb	5.562E+00	0.051	24	259	344	402	28	93	93	88	0.214	0.710
LOKIASV2_3621_ESMFold_hypothetical_protein	A0A8S5UGQ8_unrelaxed_rank_001_alphafold2_ptm_model_2_seed_000.pdb	A0A8S5UGQ8_unrelaxed_rank_001_alphafold2_ptm_model_2_seed_000.pdb	2.466E+00	0.051	24	223	316	402	2	112	124	123	0.234	0.895
LOKIASV2_3621_ESMFold_hypothetical_protein	A0A898KAW0_unrelaxed_rank_001_alphafold2_ptm_model_2_seed_000.pdb	A0A898KAW0_unrelaxed_rank_001_alphafold2_ptm_model_2_seed_000.pdb	5.835E+00	0.051	24	308	392	402	16	110	127	95	0.211	0.748
LOKIASV2_3621_ESMFold_hypothetical_protein	A0A8S5UY79_unrelaxed_rank_001_alphafold2_ptm_model_4_seed_000.pdb	A0A8S5UY79_unrelaxed_rank_001_alphafold2_ptm_model_4_seed_000.pdb	1.611E-01	0.051	24	46	266	402	18	183	184	242	0.550	0.902
LOKIASV2_3621_ESMFold_hypothetical_protein	A0A0A7HAV6_unrelaxed_rank_001_alphafold2_ptm_model_4_seed_000.pdb	A0A0A7HAV6_unrelaxed_rank_001_alphafold2_ptm_model_4_seed_000.pdb	4.643E-02	0.051	24	46	231	402	113	298	310	216	0.463	0.600
LOKIASV2_3621_ESMFold_hypothetical_protein	A0A6B9UQV0_unrelaxed_rank_001_alphafold2_ptm_model_4_seed_000.pdb	A0A6B9UQV0_unrelaxed_rank_001_alphafold2_ptm_model_4_seed_000.pdb	8.157E+00	0.051	24	297	381	402	275	353	364	88	0.211	0.217
LOKIASV2_3621_ESMFold_hypothetical_protein	B3GAK8_unrelaxed_rank_001_alphafold2_ptm_model_5_seed_000.pdb	B3GAK8_unrelaxed_rank_001_alphafold2_ptm_model_5_seed_000.pdb	7.818E-01	0.045	23	5	362	402	1	490	504	530	0.891	0.972
LOKIASV2_3621_ESMFold_hypothetical_protein	A0A6J5KLH1_unrelaxed_rank_001_alphafold2_ptm_model_2_seed_000.pdb	A0A6J5KLH1_unrelaxed_rank_001_alphafold2_ptm_model_2_seed_000.pdb	9.986E-02	0.045	23	1	335	402	23	516	536	522	0.833	0.922
LOKIASV2_3621_ESMFold_hypothetical_protein	A0A6B9HDC7_unrelaxed_rank_001_alphafold2_ptm_model_2_seed_000.pdb	A0A6B9HDC7_unrelaxed_rank_001_alphafold2_ptm_model_2_seed_000.pdb	7.776E+00	0.045	23	259	320	402	606	669	1243	64	0.154	0.051
LOKIASV2_3621_ESMFold_hypothetical_protein	A0A516LU44_unrelaxed_rank_001_alphafold2_ptm_model_1_seed_000.pdb	A0A516LU44_unrelaxed_rank_001_alphafold2_ptm_model_1_seed_000.pdb	9.878E+00	0.040	22	136	195	402	49	104	112	60	0.149	0.500
LOKIASV2_3621_ESMFold_hypothetical_protein	Q06VR8_unrelaxed_rank_001_alphafold2_ptm_model_2_seed_000.pdb	Q06VR8_unrelaxed_rank_001_alphafold2_ptm_model_2_seed_000.pdb	7.413E+00	0.040	22	1	83	402	6	90	112	91	0.206	0.759
LOKIASV2_3621_ESMFold_hypothetical_protein	A0A5Q2WB52_unrelaxed_rank_001_alphafold2_ptm_model_3_seed_000.pdb	A0A5Q2WB52_unrelaxed_rank_001_alphafold2_ptm_model_3_seed_000.pdb	4.593E+00	0.040	22	301	375	402	55	123	124	75	0.187	0.556
LOKIASV2_3621_ESMFold_hypothetical_protein	A0A2U8JHB2_unrelaxed_rank_001_alphafold2_ptm_model_2_seed_000.pdb	A0A2U8JHB2_unrelaxed_rank_001_alphafold2_ptm_model_2_seed_000.pdb	3.616E+00	0.040	22	136	347	402	13	180	181	232	0.527	0.928
LOKIASV2_3621_ESMFold_hypothetical_protein	A0A0U4KJ16_unrelaxed_rank_001_alphafold2_ptm_model_4_seed_000.pdb	A0A0U4KJ16_unrelaxed_rank_001_alphafold2_ptm_model_4_seed_000.pdb	7.066E+00	0.040	22	270	358	402	65	156	306	97	0.221	0.301
LOKIASV2_3621_ESMFold_hypothetical_protein	A0A8S5VI46_unrelaxed_rank_001_alphafold2_ptm_model_5_seed_000.pdb	A0A8S5VI46_unrelaxed_rank_001_alphafold2_ptm_model_5_seed_000.pdb	2.601E-01	0.040	22	3	251	402	155	408	451	309	0.619	0.563
LOKIASV2_3621_ESMFold_hypothetical_protein	A0A7M1RWS7_unrelaxed_rank_001_alphafold2_ptm_model_4_seed_000.pdb	A0A7M1RWS7_unrelaxed_rank_001_alphafold2_ptm_model_4_seed_000.pdb	2.728E-01	0.040	22	49	376	402	223	612	613	461	0.816	0.636
LOKIASV2_3621_ESMFold_hypothetical_protein	A0A9E7NJX2_unrelaxed_rank_001_alphafold2_ptm_model_3_seed_000.pdb	A0A9E7NJX2_unrelaxed_rank_001_alphafold2_ptm_model_3_seed_000.pdb	7.066E+00	0.040	22	292	371	402	82	165	638	87	0.199	0.132
LOKIASV2_3621_ESMFold_hypothetical_protein	A0A3G5AHK9_unrelaxed_rank_001_alphafold2_ptm_model_3_seed_000.pdb	A0A3G5AHK9_unrelaxed_rank_001_alphafold2_ptm_model_3_seed_000.pdb	2.363E-01	0.040	22	29	339	402	32	282	725	339	0.774	0.346
LOKIASV2_3621_ESMFold_hypothetical_protein	U5PTG6_unrelaxed_rank_001_alphafold2_ptm_model_2_seed_000.pdb	U5PTG6_unrelaxed_rank_001_alphafold2_ptm_model_2_seed_000.pdb	6.121E+00	0.034	21	259	380	402	5	87	91	122	0.303	0.912
LOKIASV2_3621_ESMFold_hypothetical_protein	Q8VAW9_unrelaxed_rank_001_alphafold2_ptm_model_1_seed_000.pdb	Q8VAW9_unrelaxed_rank_001_alphafold2_ptm_model_1_seed_000.pdb	9.417E+00	0.034	21	311	370	402	38	97	98	61	0.149	0.612
LOKIASV2_3621_ESMFold_hypothetical_protein	A0A8S5LV60_unrelaxed_rank_001_alphafold2_ptm_model_1_seed_000.pdb	A0A8S5LV60_unrelaxed_rank_001_alphafold2_ptm_model_1_seed_000.pdb	8.157E+00	0.034	21	271	371	402	12	124	126	121	0.251	0.897
LOKIASV2_3621_ESMFold_hypothetical_protein	A0A6J5N1L1_unrelaxed_rank_001_alphafold2_ptm_model_3_seed_000.pdb	A0A6J5N1L1_unrelaxed_rank_001_alphafold2_ptm_model_3_seed_000.pdb	8.557E+00	0.034	21	270	371	402	18	126	160	115	0.254	0.681
LOKIASV2_3621_ESMFold_hypothetical_protein	A0A6B9KLD1_unrelaxed_rank_001_alphafold2_ptm_model_4_seed_000.pdb	A0A6B9KLD1_unrelaxed_rank_001_alphafold2_ptm_model_4_seed_000.pdb	2.601E-01	0.034	21	38	371	402	33	386	475	420	0.831	0.745
LOKIASV2_3621_ESMFold_hypothetical_protein	A0A0A7HAS2_unrelaxed_rank_001_alphafold2_ptm_model_3_seed_000.pdb	A0A0A7HAS2_unrelaxed_rank_001_alphafold2_ptm_model_3_seed_000.pdb	6.456E-01	0.034	21	33	359	402	33	531	532	544	0.813	0.938
LOKIASV2_3621_ESMFold_hypothetical_protein	A0A4D6BGS0_unrelaxed_rank_001_alphafold2_ptm_model_3_seed_000.pdb	A0A4D6BGS0_unrelaxed_rank_001_alphafold2_ptm_model_3_seed_000.pdb	7.066E+00	0.029	20	298	347	402	10	81	85	72	0.124	0.847
LOKIASV2_3621_ESMFold_hypothetical_protein	A0A7D3UHS6_unrelaxed_rank_001_alphafold2_ptm_model_1_seed_000.pdb	A0A7D3UHS6_unrelaxed_rank_001_alphafold2_ptm_model_1_seed_000.pdb	7.776E+00	0.029	20	3	129	402	1	81	97	127	0.316	0.835
LOKIASV2_3621_ESMFold_hypothetical_protein	I7LEH7_unrelaxed_rank_001_alphafold2_ptm_model_1_seed_000.pdb	I7LEH7_unrelaxed_rank_001_alphafold2_ptm_model_1_seed_000.pdb	1.388E+00	0.029	20	138	347	402	4	161	163	217	0.522	0.969
LOKIASV2_3621_ESMFold_hypothetical_protein	Q8V6M1_unrelaxed_rank_001_alphafold2_ptm_model_4_seed_000.pdb	Q8V6M1_unrelaxed_rank_001_alphafold2_ptm_model_4_seed_000.pdb	1.941E+00	0.029	20	47	188	402	4	117	326	151	0.353	0.350
LOKIASV2_3621_ESMFold_hypothetical_protein	A0A2Z4Q3T9_unrelaxed_rank_001_alphafold2_ptm_model_1_seed_000.pdb	A0A2Z4Q3T9_unrelaxed_rank_001_alphafold2_ptm_model_1_seed_000.pdb	9.468E-01	0.029	20	94	261	402	3	133	362	175	0.418	0.362
LOKIASV2_3621_ESMFold_hypothetical_protein	A0A481YS08_unrelaxed_rank_001_alphafold2_ptm_model_1_seed_000.pdb	A0A481YS08_unrelaxed_rank_001_alphafold2_ptm_model_1_seed_000.pdb	4.197E-01	0.029	20	157	311	402	198	391	394	216	0.386	0.492
LOKIASV2_3621_ESMFold_hypothetical_protein	A0A7T1KS34_unrelaxed_rank_001_alphafold2_ptm_model_3_seed_000.pdb	A0A7T1KS34_unrelaxed_rank_001_alphafold2_ptm_model_3_seed_000.pdb	9.417E+00	0.029	20	292	371	402	69	153	487	89	0.199	0.175
LOKIASV2_3621_ESMFold_hypothetical_protein	A5PJ13_unrelaxed_rank_001_alphafold2_ptm_model_1_seed_000.pdb	A5PJ13_unrelaxed_rank_001_alphafold2_ptm_model_1_seed_000.pdb	3.814E-01	0.029	20	38	371	402	255	651	674	460	0.831	0.589
LOKIASV2_3621_ESMFold_hypothetical_protein	A0A5P9K4X2_4_unrelaxed_rank_001_alphafold2_ptm_model_3_seed_000.pdb	A0A5P9K4X2_4_unrelaxed_rank_001_alphafold2_ptm_model_3_seed_000.pdb	1.681E+00	0.029	20	1	176	402	237	398	1294	195	0.438	0.125
LOKIASV2_3621_ESMFold_hypothetical_protein	A0A8K1XYD8_2_unrelaxed_rank_001_alphafold2_ptm_model_5_seed_000.pdb	A0A8K1XYD8_2_unrelaxed_rank_001_alphafold2_ptm_model_5_seed_000.pdb	4.174E+00	0.029	20	270	381	402	1130	1238	1412	127	0.279	0.077
LOKIASV2_3621_ESMFold_hypothetical_protein	A0A8S5PQ83_unrelaxed_rank_001_alphafold2_ptm_model_4_seed_000.pdb	A0A8S5PQ83_unrelaxed_rank_001_alphafold2_ptm_model_4_seed_000.pdb	2.350E+00	0.024	19	150	384	402	6	265	289	292	0.585	0.900
LOKIASV2_3621_ESMFold_hypothetical_protein	A0A385A127_unrelaxed_rank_001_alphafold2_ptm_model_5_seed_000.pdb	A0A385A127_unrelaxed_rank_001_alphafold2_ptm_model_5_seed_000.pdb	1.456E+00	0.024	19	113	264	402	4	201	413	224	0.378	0.479
LOKIASV2_3621_ESMFold_hypothetical_protein	A0A8S5MXH6_unrelaxed_rank_001_alphafold2_ptm_model_3_seed_000.pdb	A0A8S5MXH6_unrelaxed_rank_001_alphafold2_ptm_model_3_seed_000.pdb	4.379E+00	0.024	19	222	337	402	361	507	534	156	0.289	0.275
LOKIASV2_3621_ESMFold_hypothetical_protein	A0A6J5R709_unrelaxed_rank_001_alphafold2_ptm_model_1_seed_000.pdb	A0A6J5R709_unrelaxed_rank_001_alphafold2_ptm_model_1_seed_000.pdb	7.413E+00	0.020	18	292	383	402	24	114	117	98	0.229	0.778
LOKIASV2_3621_ESMFold_hypothetical_protein	A0A6J5N3A9_unrelaxed_rank_001_alphafold2_ptm_model_5_seed_000.pdb	A0A6J5N3A9_unrelaxed_rank_001_alphafold2_ptm_model_5_seed_000.pdb	5.835E+00	0.020	18	1	105	402	182	258	404	107	0.261	0.191
LOKIASV2_3621_ESMFold_hypothetical_protein	A0A2H4PI22_unrelaxed_rank_001_alphafold2_ptm_model_1_seed_000.pdb	A0A2H4PI22_unrelaxed_rank_001_alphafold2_ptm_model_1_seed_000.pdb	9.025E-01	0.020	18	111	371	402	194	457	462	296	0.649	0.571
LOKIASV2_3621_ESMFold_hypothetical_protein	A0A4Y5QA12_unrelaxed_rank_001_alphafold2_ptm_model_1_seed_000.pdb	A0A4Y5QA12_unrelaxed_rank_001_alphafold2_ptm_model_1_seed_000.pdb	3.793E+00	0.020	18	124	381	402	109	302	607	269	0.642	0.320
LOKIASV2_3621_ESMFold_hypothetical_protein	A0A868BQT5_unrelaxed_rank_001_alphafold2_ptm_model_2_seed_000.pdb	A0A868BQT5_unrelaxed_rank_001_alphafold2_ptm_model_2_seed_000.pdb	6.421E+00	0.016	17	85	323	402	16	176	183	244	0.595	0.880
LOKIASV2_3621_ESMFold_hypothetical_protein	A0A6G8RAT8_unrelaxed_rank_001_alphafold2_ptm_model_2_seed_000.pdb	A0A6G8RAT8_unrelaxed_rank_001_alphafold2_ptm_model_2_seed_000.pdb	2.587E+00	0.016	17	138	338	402	1	182	186	247	0.500	0.978
LOKIASV2_3621_ESMFold_hypothetical_protein	A0A0G3VYD4_unrelaxed_rank_001_alphafold2_ptm_model_4_seed_000.pdb	A0A0G3VYD4_unrelaxed_rank_001_alphafold2_ptm_model_4_seed_000.pdb	3.132E+00	0.016	17	220	340	402	27	153	248	152	0.301	0.512
LOKIASV2_3621_ESMFold_hypothetical_protein	A0A1C9U6G6_unrelaxed_rank_001_alphafold2_ptm_model_2_seed_000.pdb	A0A1C9U6G6_unrelaxed_rank_001_alphafold2_ptm_model_2_seed_000.pdb	9.417E+00	0.016	17	215	381	402	1	123	388	171	0.415	0.317
LOKIASV2_3621_ESMFold_hypothetical_protein	A0A1S5VFF7_unrelaxed_rank_001_alphafold2_ptm_model_3_seed_000.pdb	A0A1S5VFF7_unrelaxed_rank_001_alphafold2_ptm_model_3_seed_000.pdb	5.082E-01	0.016	17	67	371	402	151	484	538	406	0.759	0.621
LOKIASV2_3621_ESMFold_hypothetical_protein	A0A1L3KH48_unrelaxed_rank_001_alphafold2_ptm_model_2_seed_000.pdb	A0A1L3KH48_unrelaxed_rank_001_alphafold2_ptm_model_2_seed_000.pdb	2.466E+00	0.016	17	122	371	402	296	529	615	273	0.622	0.380
LOKIASV2_3621_ESMFold_hypothetical_protein	S5WKN4_unrelaxed_rank_001_alphafold2_ptm_model_2_seed_000.pdb	S5WKN4_unrelaxed_rank_001_alphafold2_ptm_model_2_seed_000.pdb	1.262E+00	0.016	17	42	374	402	29	309	925	378	0.828	0.304
LOKIASV2_3621_ESMFold_hypothetical_protein	A0A8S5RTT7_1_unrelaxed_rank_001_alphafold2_ptm_model_3_seed_000.pdb	A0A8S5RTT7_1_unrelaxed_rank_001_alphafold2_ptm_model_3_seed_000.pdb	3.635E-01	0.016	17	32	311	402	558	804	932	327	0.697	0.265
LOKIASV2_3621_ESMFold_hypothetical_protein	A0A5J6VKF0_unrelaxed_rank_001_alphafold2_ptm_model_3_seed_000.pdb	A0A5J6VKF0_unrelaxed_rank_001_alphafold2_ptm_model_3_seed_000.pdb	6.121E+00	0.014	16	270	350	402	23	125	127	103	0.201	0.811
LOKIASV2_3621_ESMFold_hypothetical_protein	A0A7G9U8W4_unrelaxed_rank_001_alphafold2_ptm_model_2_seed_000.pdb	A0A7G9U8W4_unrelaxed_rank_001_alphafold2_ptm_model_2_seed_000.pdb	8.977E+00	0.014	16	203	309	402	36	131	131	108	0.266	0.733
LOKIASV2_3621_ESMFold_hypothetical_protein	A0A1S5R3Y6_unrelaxed_rank_001_alphafold2_ptm_model_1_seed_000.pdb	A0A1S5R3Y6_unrelaxed_rank_001_alphafold2_ptm_model_1_seed_000.pdb	4.174E+00	0.014	16	224	345	402	29	144	145	133	0.303	0.800
LOKIASV2_3621_ESMFold_hypothetical_protein	Q5YFF5_unrelaxed_rank_001_alphafold2_ptm_model_2_seed_000.pdb	Q5YFF5_unrelaxed_rank_001_alphafold2_ptm_model_2_seed_000.pdb	7.066E+00	0.014	16	269	389	402	60	175	187	135	0.301	0.620
LOKIASV2_3621_ESMFold_hypothetical_protein	A0A8S5S6L3_unrelaxed_rank_001_alphafold2_ptm_model_2_seed_000.pdb	A0A8S5S6L3_unrelaxed_rank_001_alphafold2_ptm_model_2_seed_000.pdb	8.157E+00	0.014	16	203	373	402	15	132	190	176	0.425	0.621
LOKIASV2_3621_ESMFold_hypothetical_protein	A0A2L0V0L5_unrelaxed_rank_001_alphafold2_ptm_model_5_seed_000.pdb	A0A2L0V0L5_unrelaxed_rank_001_alphafold2_ptm_model_5_seed_000.pdb	8.157E+00	0.014	16	223	371	402	2	155	246	166	0.371	0.626
LOKIASV2_3621_ESMFold_hypothetical_protein	A0A3G5AIY6_unrelaxed_rank_001_alphafold2_ptm_model_2_seed_000.pdb	A0A3G5AIY6_unrelaxed_rank_001_alphafold2_ptm_model_2_seed_000.pdb	6.736E+00	0.014	16	184	373	402	68	223	276	197	0.473	0.565
LOKIASV2_3621_ESMFold_hypothetical_protein	A0A2H4UTZ7_unrelaxed_rank_001_alphafold2_ptm_model_4_seed_000.pdb	A0A2H4UTZ7_unrelaxed_rank_001_alphafold2_ptm_model_4_seed_000.pdb	3.793E+00	0.014	16	215	345	402	20	173	336	169	0.326	0.458
LOKIASV2_3621_ESMFold_hypothetical_protein	A0A8K1U2M4_unrelaxed_rank_001_alphafold2_ptm_model_4_seed_000.pdb	A0A8K1U2M4_unrelaxed_rank_001_alphafold2_ptm_model_4_seed_000.pdb	3.447E+00	0.014	16	140	335	402	34	212	344	224	0.488	0.520
LOKIASV2_3621_ESMFold_hypothetical_protein	Q8JM95_unrelaxed_rank_001_alphafold2_ptm_model_5_seed_000.pdb	Q8JM95_unrelaxed_rank_001_alphafold2_ptm_model_5_seed_000.pdb	5.562E+00	0.014	16	173	381	402	57	236	455	226	0.520	0.396
LOKIASV2_3621_ESMFold_hypothetical_protein	A0A5B8HWQ5_unrelaxed_rank_001_alphafold2_ptm_model_3_seed_000.pdb	A0A5B8HWQ5_unrelaxed_rank_001_alphafold2_ptm_model_3_seed_000.pdb	8.603E-01	0.014	16	33	340	402	210	585	616	437	0.766	0.610
LOKIASV2_3621_ESMFold_hypothetical_protein	A0A6G9RW30_unrelaxed_rank_001_alphafold2_ptm_model_3_seed_000.pdb	A0A6G9RW30_unrelaxed_rank_001_alphafold2_ptm_model_3_seed_000.pdb	3.132E+00	0.014	16	47	189	402	4	141	627	168	0.356	0.220
LOKIASV2_3621_ESMFold_hypothetical_protein	I3VYW8_unrelaxed_rank_001_alphafold2_ptm_model_1_seed_000.pdb	I3VYW8_unrelaxed_rank_001_alphafold2_ptm_model_1_seed_000.pdb	5.562E+00	0.014	16	131	264	402	73	231	661	178	0.333	0.241
LOKIASV2_3621_ESMFold_hypothetical_protein	A0A6J5LR86_unrelaxed_rank_001_alphafold2_ptm_model_2_seed_000.pdb	A0A6J5LR86_unrelaxed_rank_001_alphafold2_ptm_model_2_seed_000.pdb	1.681E+00	0.014	16	38	345	402	164	540	753	394	0.766	0.501
LOKIASV2_3621_ESMFold_hypothetical_protein	A0A0A7NQU6_2_unrelaxed_rank_001_alphafold2_ptm_model_2_seed_000.pdb	A0A0A7NQU6_2_unrelaxed_rank_001_alphafold2_ptm_model_2_seed_000.pdb	2.350E+00	0.014	16	29	266	402	783	1007	1014	265	0.592	0.222
LOKIASV2_3621_ESMFold_hypothetical_protein	A0A2I6UG44_2_unrelaxed_rank_001_alphafold2_ptm_model_3_seed_000.pdb	A0A2I6UG44_2_unrelaxed_rank_001_alphafold2_ptm_model_3_seed_000.pdb	7.104E-01	0.014	16	39	340	402	816	1125	1387	372	0.751	0.224
LOKIASV2_3621_ESMFold_hypothetical_protein	A0A7L8Y7X2_unrelaxed_rank_001_alphafold2_ptm_model_3_seed_000.pdb	A0A7L8Y7X2_unrelaxed_rank_001_alphafold2_ptm_model_3_seed_000.pdb	9.417E+00	0.011	15	206	374	402	30	175	183	178	0.420	0.798
LOKIASV2_3621_ESMFold_hypothetical_protein	A0A6J5RN75_unrelaxed_rank_001_alphafold2_ptm_model_5_seed_000.pdb	A0A6J5RN75_unrelaxed_rank_001_alphafold2_ptm_model_5_seed_000.pdb	7.776E+00	0.011	15	217	391	402	28	193	209	205	0.435	0.794
LOKIASV2_3621_ESMFold_hypothetical_protein	G8XUL2_unrelaxed_rank_001_alphafold2_ptm_model_4_seed_000.pdb	G8XUL2_unrelaxed_rank_001_alphafold2_ptm_model_4_seed_000.pdb	7.776E+00	0.011	15	215	371	402	45	140	212	157	0.391	0.453
LOKIASV2_3621_ESMFold_hypothetical_protein	A0A8D4GMN4_unrelaxed_rank_001_alphafold2_ptm_model_1_seed_000.pdb	A0A8D4GMN4_unrelaxed_rank_001_alphafold2_ptm_model_1_seed_000.pdb	8.557E+00	0.011	15	173	264	402	133	225	244	104	0.229	0.381
LOKIASV2_3621_ESMFold_hypothetical_protein	A0A125SJ63_unrelaxed_rank_001_alphafold2_ptm_model_3_seed_000.pdb	A0A125SJ63_unrelaxed_rank_001_alphafold2_ptm_model_3_seed_000.pdb	2.846E+00	0.011	15	33	293	402	23	247	285	330	0.649	0.789
LOKIASV2_3621_ESMFold_hypothetical_protein	C4NFL0_unrelaxed_rank_001_alphafold2_ptm_model_3_seed_000.pdb	C4NFL0_unrelaxed_rank_001_alphafold2_ptm_model_3_seed_000.pdb	3.793E+00	0.011	15	161	357	402	86	275	597	235	0.490	0.318
LOKIASV2_3621_ESMFold_hypothetical_protein	A0A166HQW9_2_unrelaxed_rank_001_alphafold2_ptm_model_3_seed_000.pdb	A0A166HQW9_2_unrelaxed_rank_001_alphafold2_ptm_model_3_seed_000.pdb	2.350E+00	0.011	15	1	378	402	173	512	1047	458	0.940	0.325
LOKIASV2_3621_ESMFold_hypothetical_protein	A0A8F0WPF4_3_unrelaxed_rank_001_alphafold2_ptm_model_2_seed_000.pdb	A0A8F0WPF4_3_unrelaxed_rank_001_alphafold2_ptm_model_2_seed_000.pdb	7.066E+00	0.011	15	210	373	402	802	952	1168	176	0.408	0.129
LOKIASV2_3621_ESMFold_hypothetical_protein	A0A6M9Z7E2_1_unrelaxed_rank_001_alphafold2_ptm_model_5_seed_000.pdb	A0A6M9Z7E2_1_unrelaxed_rank_001_alphafold2_ptm_model_5_seed_000.pdb	3.447E+00	0.011	15	109	389	402	726	953	1284	319	0.699	0.178
LOKIASV2_3621_ESMFold_hypothetical_protein	A0A0P0QKC7_2_unrelaxed_rank_001_alphafold2_ptm_model_4_seed_000.pdb	A0A0P0QKC7_2_unrelaxed_rank_001_alphafold2_ptm_model_4_seed_000.pdb	1.764E+00	0.011	15	33	316	402	328	602	1329	327	0.706	0.207
LOKIASV2_3621_ESMFold_hypothetical_protein	A0A8S5VRJ2_unrelaxed_rank_001_alphafold2_ptm_model_2_seed_000.pdb	A0A8S5VRJ2_unrelaxed_rank_001_alphafold2_ptm_model_2_seed_000.pdb	7.066E+00	0.010	14	138	246	402	26	109	124	115	0.271	0.677
LOKIASV2_3621_ESMFold_hypothetical_protein	A0A0F7L8R9_unrelaxed_rank_001_alphafold2_ptm_model_4_seed_000.pdb	A0A0F7L8R9_unrelaxed_rank_001_alphafold2_ptm_model_4_seed_000.pdb	7.413E+00	0.010	14	261	386	402	33	194	195	171	0.313	0.831
LOKIASV2_3621_ESMFold_hypothetical_protein	A0A346G3W6_unrelaxed_rank_001_alphafold2_ptm_model_3_seed_000.pdb	A0A346G3W6_unrelaxed_rank_001_alphafold2_ptm_model_3_seed_000.pdb	5.562E+00	0.010	14	226	381	402	116	255	257	179	0.388	0.545
LOKIASV2_3621_ESMFold_hypothetical_protein	E3T5U0_unrelaxed_rank_001_alphafold2_ptm_model_2_seed_000.pdb	E3T5U0_unrelaxed_rank_001_alphafold2_ptm_model_2_seed_000.pdb	7.776E+00	0.010	14	128	241	402	93	216	326	143	0.284	0.380
LOKIASV2_3621_ESMFold_hypothetical_protein	P13093_unrelaxed_rank_001_alphafold2_ptm_model_2_seed_000.pdb	P13093_unrelaxed_rank_001_alphafold2_ptm_model_2_seed_000.pdb	2.986E+00	0.010	14	38	390	402	6	315	345	408	0.878	0.899
LOKIASV2_3621_ESMFold_hypothetical_protein	A0A890BX09_unrelaxed_rank_001_alphafold2_ptm_model_3_seed_000.pdb	A0A890BX09_unrelaxed_rank_001_alphafold2_ptm_model_3_seed_000.pdb	5.055E+00	0.010	14	94	383	402	104	378	543	352	0.721	0.506
LOKIASV2_3621_ESMFold_hypothetical_protein	A0A3G4S9B9_unrelaxed_rank_001_alphafold2_ptm_model_3_seed_000.pdb	A0A3G4S9B9_unrelaxed_rank_001_alphafold2_ptm_model_3_seed_000.pdb	1.388E+00	0.010	14	35	371	402	93	342	594	375	0.838	0.421
LOKIASV2_3621_ESMFold_hypothetical_protein	D0UV43_unrelaxed_rank_001_alphafold2_ptm_model_3_seed_000.pdb	D0UV43_unrelaxed_rank_001_alphafold2_ptm_model_3_seed_000.pdb	5.835E+00	0.010	14	178	381	402	420	621	921	250	0.507	0.219
LOKIASV2_3621_ESMFold_hypothetical_protein	A0A384ZVF2_unrelaxed_rank_001_alphafold2_ptm_model_2_seed_000.pdb	A0A384ZVF2_unrelaxed_rank_001_alphafold2_ptm_model_2_seed_000.pdb	3.132E+00	0.010	14	122	381	402	214	450	928	291	0.647	0.255
LOKIASV2_3621_ESMFold_hypothetical_protein	A0A1L3KHW4_unrelaxed_rank_001_alphafold2_ptm_model_3_seed_000.pdb	A0A1L3KHW4_unrelaxed_rank_001_alphafold2_ptm_model_3_seed_000.pdb	7.413E+00	0.010	14	261	381	402	890	1017	1070	143	0.301	0.120
LOKIASV2_3621_ESMFold_hypothetical_protein	A0A1D8MBK8_2_unrelaxed_rank_001_alphafold2_ptm_model_5_seed_000.pdb	A0A1D8MBK8_2_unrelaxed_rank_001_alphafold2_ptm_model_5_seed_000.pdb	4.174E+00	0.010	14	1	182	402	394	619	1271	264	0.453	0.178
LOKIASV2_3621_ESMFold_hypothetical_protein	A0A6J7X4L7_unrelaxed_rank_001_alphafold2_ptm_model_5_seed_000.pdb	A0A6J7X4L7_unrelaxed_rank_001_alphafold2_ptm_model_5_seed_000.pdb	8.557E+00	0.009	13	226	381	402	65	173	303	165	0.388	0.360
LOKIASV2_3621_ESMFold_hypothetical_protein	A0A8K1ZQS0_unrelaxed_rank_001_alphafold2_ptm_model_2_seed_000.pdb	A0A8K1ZQS0_unrelaxed_rank_001_alphafold2_ptm_model_2_seed_000.pdb	6.121E+00	0.009	13	200	390	402	211	324	363	191	0.475	0.314
LOKIASV2_3621_ESMFold_hypothetical_protein	A0A513Q7V4_unrelaxed_rank_001_alphafold2_ptm_model_3_seed_000.pdb	A0A513Q7V4_unrelaxed_rank_001_alphafold2_ptm_model_3_seed_000.pdb	9.417E+00	0.009	13	177	381	402	176	377	433	236	0.510	0.467
LOKIASV2_3621_ESMFold_hypothetical_protein	A0A2N9QVX7_unrelaxed_rank_001_alphafold2_ptm_model_3_seed_000.pdb	A0A2N9QVX7_unrelaxed_rank_001_alphafold2_ptm_model_3_seed_000.pdb	2.136E+00	0.009	13	94	365	402	129	325	515	309	0.677	0.383
LOKIASV2_3621_ESMFold_hypothetical_protein	A0A6B9QR97_unrelaxed_rank_001_alphafold2_ptm_model_1_seed_000.pdb	A0A6B9QR97_unrelaxed_rank_001_alphafold2_ptm_model_1_seed_000.pdb	7.413E+00	0.009	13	134	340	402	2	176	727	231	0.515	0.241
LOKIASV2_3621_ESMFold_hypothetical_protein	A0A8S5VS25_unrelaxed_rank_001_alphafold2_ptm_model_1_seed_000.pdb	A0A8S5VS25_unrelaxed_rank_001_alphafold2_ptm_model_1_seed_000.pdb	7.453E-01	0.009	13	34	335	402	267	653	746	429	0.751	0.519
LOKIASV2_3621_ESMFold_hypothetical_protein	A0A8T9EED8_unrelaxed_rank_001_alphafold2_ptm_model_3_seed_000.pdb	A0A8T9EED8_unrelaxed_rank_001_alphafold2_ptm_model_3_seed_000.pdb	7.066E+00	0.009	13	91	381	402	409	602	826	305	0.724	0.235
LOKIASV2_3621_ESMFold_hypothetical_protein	A0A0B5KKI2_1_unrelaxed_rank_001_alphafold2_ptm_model_1_seed_000.pdb	A0A0B5KKI2_1_unrelaxed_rank_001_alphafold2_ptm_model_1_seed_000.pdb	2.136E+00	0.009	13	41	282	402	456	793	1039	377	0.602	0.325
LOKIASV2_3621_ESMFold_hypothetical_protein	A0A516LHB4_2_unrelaxed_rank_001_alphafold2_ptm_model_3_seed_000.pdb	A0A516LHB4_2_unrelaxed_rank_001_alphafold2_ptm_model_3_seed_000.pdb	1.324E+00	0.009	13	47	347	402	988	1350	1445	396	0.749	0.251
LOKIASV2_3621_ESMFold_hypothetical_protein	Q0E597_unrelaxed_rank_001_alphafold2_ptm_model_3_seed_000.pdb	Q0E597_unrelaxed_rank_001_alphafold2_ptm_model_3_seed_000.pdb	5.562E+00	0.008	12	137	359	402	50	233	234	257	0.555	0.786
LOKIASV2_3621_ESMFold_hypothetical_protein	A0A7M1RYZ4_unrelaxed_rank_001_alphafold2_ptm_model_3_seed_000.pdb	A0A7M1RYZ4_unrelaxed_rank_001_alphafold2_ptm_model_3_seed_000.pdb	9.878E+00	0.008	12	124	264	402	78	248	276	192	0.351	0.620
LOKIASV2_3621_ESMFold_hypothetical_protein	V9LZL8_unrelaxed_rank_001_alphafold2_ptm_model_2_seed_000.pdb	V9LZL8_unrelaxed_rank_001_alphafold2_ptm_model_2_seed_000.pdb	8.157E+00	0.008	12	116	345	402	41	277	341	278	0.572	0.695
LOKIASV2_3621_ESMFold_hypothetical_protein	A0A6J5NZ75_unrelaxed_rank_001_alphafold2_ptm_model_5_seed_000.pdb	A0A6J5NZ75_unrelaxed_rank_001_alphafold2_ptm_model_5_seed_000.pdb	7.066E+00	0.008	12	78	333	402	165	378	480	270	0.637	0.446
LOKIASV2_3621_ESMFold_hypothetical_protein	A0A8A6RT69_1_unrelaxed_rank_001_alphafold2_ptm_model_1_seed_000.pdb	A0A8A6RT69_1_unrelaxed_rank_001_alphafold2_ptm_model_1_seed_000.pdb	6.121E+00	0.008	12	33	177	402	140	238	758	160	0.361	0.131
LOKIASV2_3621_ESMFold_hypothetical_protein	A0A8S5RTX7_1_unrelaxed_rank_001_alphafold2_ptm_model_3_seed_000.pdb	A0A8S5RTX7_1_unrelaxed_rank_001_alphafold2_ptm_model_3_seed_000.pdb	5.302E+00	0.008	12	135	332	402	52	282	795	257	0.493	0.291
LOKIASV2_3621_ESMFold_hypothetical_protein	A0A8D9UIB8_unrelaxed_rank_001_alphafold2_ptm_model_1_seed_000.pdb	A0A8D9UIB8_unrelaxed_rank_001_alphafold2_ptm_model_1_seed_000.pdb	3.286E+00	0.008	12	33	381	402	35	361	1026	437	0.868	0.319
LOKIASV2_3621_ESMFold_hypothetical_protein	A0A8S5T1F2_unrelaxed_rank_001_alphafold2_ptm_model_3_seed_000.pdb	A0A8S5T1F2_unrelaxed_rank_001_alphafold2_ptm_model_3_seed_000.pdb	3.616E+00	0.008	12	10	308	402	356	660	1052	385	0.744	0.290
LOKIASV2_3621_ESMFold_hypothetical_protein	A0A6J5NN81_unrelaxed_rank_001_alphafold2_ptm_model_1_seed_000.pdb	A0A6J5NN81_unrelaxed_rank_001_alphafold2_ptm_model_1_seed_000.pdb	8.157E+00	0.007	11	132	255	402	33	130	144	133	0.308	0.681
LOKIASV2_3621_ESMFold_hypothetical_protein	A0A0H3TLQ9_unrelaxed_rank_001_alphafold2_ptm_model_5_seed_000.pdb	A0A0H3TLQ9_unrelaxed_rank_001_alphafold2_ptm_model_5_seed_000.pdb	8.157E+00	0.007	11	226	347	402	8	170	420	173	0.303	0.388
LOKIASV2_3621_ESMFold_hypothetical_protein	A0A8K1WSN0_unrelaxed_rank_001_alphafold2_ptm_model_3_seed_000.pdb	A0A8K1WSN0_unrelaxed_rank_001_alphafold2_ptm_model_3_seed_000.pdb	6.736E+00	0.007	11	34	341	402	83	314	443	355	0.766	0.524
LOKIASV2_3621_ESMFold_hypothetical_protein	A0A2P1GNQ5_unrelaxed_rank_001_alphafold2_ptm_model_2_seed_000.pdb	A0A2P1GNQ5_unrelaxed_rank_001_alphafold2_ptm_model_2_seed_000.pdb	6.736E+00	0.007	11	29	381	402	174	527	553	444	0.878	0.640
LOKIASV2_3621_ESMFold_hypothetical_protein	E3T4U8_2_unrelaxed_rank_001_alphafold2_ptm_model_2_seed_000.pdb	E3T4U8_2_unrelaxed_rank_001_alphafold2_ptm_model_2_seed_000.pdb	6.121E+00	0.007	11	38	339	402	588	952	1112	411	0.751	0.328
LOKIASV2_3621_ESMFold_hypothetical_protein	A0A1L3KJH5_1_unrelaxed_rank_001_alphafold2_ptm_model_5_seed_000.pdb	A0A1L3KJH5_1_unrelaxed_rank_001_alphafold2_ptm_model_5_seed_000.pdb	4.818E+00	0.007	11	141	341	402	275	433	1485	217	0.500	0.107
LOKIASV2_3621_ESMFold_hypothetical_protein	A0A3G4ZUD8_unrelaxed_rank_001_alphafold2_ptm_model_4_seed_000.pdb	A0A3G4ZUD8_unrelaxed_rank_001_alphafold2_ptm_model_4_seed_000.pdb	8.557E+00	0.000	10	73	262	402	35	192	209	216	0.473	0.756
LOKIASV2_3621_ESMFold_hypothetical_protein	A7KUT2_unrelaxed_rank_001_alphafold2_ptm_model_1_seed_000.pdb	A7KUT2_unrelaxed_rank_001_alphafold2_ptm_model_1_seed_000.pdb	7.066E+00	0.000	10	27	339	402	16	292	293	382	0.779	0.945
LOKIASV2_3621_ESMFold_hypothetical_protein	A0A218ML28_unrelaxed_rank_001_alphafold2_ptm_model_4_seed_000.pdb	A0A218ML28_unrelaxed_rank_001_alphafold2_ptm_model_4_seed_000.pdb	8.157E+00	0.000	10	131	381	402	41	269	479	283	0.624	0.478
LOKIASV2_3621_ESMFold_hypothetical_protein	A0A3G3LYL3_unrelaxed_rank_001_alphafold2_ptm_model_3_seed_000.pdb	A0A3G3LYL3_unrelaxed_rank_001_alphafold2_ptm_model_3_seed_000.pdb	7.066E+00	0.000	10	91	350	402	160	451	1040	336	0.647	0.281
LOKIASV2_3621_ESMFold_hypothetical_protein	A0A8K1XBA6_2_unrelaxed_rank_001_alphafold2_ptm_model_2_seed_000.pdb	A0A8K1XBA6_2_unrelaxed_rank_001_alphafold2_ptm_model_2_seed_000.pdb	7.776E+00	0.000	9	41	326	402	692	890	1165	308	0.711	0.171
LOKIASV2_3621_ESMFold_hypothetical_protein	A0A7S5SKK8_unrelaxed_rank_001_alphafold2_ptm_model_3_seed_000.pdb	A0A7S5SKK8_unrelaxed_rank_001_alphafold2_ptm_model_3_seed_000.pdb	8.977E+00	0.000	8	29	332	402	629	1002	1050	432	0.756	0.356
